reporting_jurisdiction,partner_jurisdiction,year,num_mne_groups,total_revenues,related_party_revenues,unrelated_party_revenues,profit_before_tax,income_tax_paid,income_tax_accrued,stated_capital,accumulated_earnings,num_employees,tangible_assets
USA,AUS,2016,47,184726188.58,128415049.76,56311138.82,17588392.75,3494038.12,4012271.09,1167325.46,80474995.95,599.5,2071994.55
USA,AUS,2017,32,9441162.73,4994829.87,4446332.86,2496994.44,468530.15,505007.79,4963989.51,5431499.93,132.0,14890754.84
USA,AUS,2018,36,341349310.74,53831247.85,287518062.89,12828858.62,1719599.49,2020289.97,2597415.36,61592125.2,6529.9,5030444.85
USA,AUS,2019,32,64265653.38,27020854.04,37244799.34,10398384.12,2604827.02,3418292.65,3447132.88,44452725.9,545.6,10463045.52
USA,AUS,2020,35,3850325.47,994996.31,2855329.16,836553.27,143972.49,156330.2,10487883.76,4528775.06,130.9,34469646.96
USA,AUS,2021,44,70466678.85,704666.79,69762012.06,4631345.51,1019321.16,1085076.25,3802104.66,12084330.92,769.9,10846966.68
USA,AUT,2016,39,26451814.19,6192241.94,20259572.25,4601958.74,587033.57,814609.19,2404270.46,22400313.75,354.9,4912936.39
USA,AUT,2017,43,13004078.53,1373407.62,11630670.91,-377981.28,0.0,0.0,2286720.62,-1639074.95,117.3,5528094.25
USA,AUT,2018,56,103596614.69,34668764.19,68927850.5,6177189.68,777547.11,885430.15,4781591.61,12917834.7,509.3,12091283.24
USA,AUT,2019,36,158550173.81,38237258.22,120312915.59,64070881.62,8152188.72,9958831.6,4432357.04,300425824.93,606.4,28727838.55
USA,AUT,2020,40,744235803.37,310497208.66,433738594.71,270999826.38,36392313.48,41008880.68,6147260.74,857354387.26,4017.1,10664002.02
USA,AUT,2021,45,12639368.53,4791238.03,7848130.49,2040510.72,621294.99,785729.72,4759397.06,4852062.43,172.2,16593159.37
USA,BEL,2016,32,39104484.21,25864564.85,13239919.36,321633.4,41304.75,57361.17,458544.8,828395.78,82.1,1308742.25
USA,BEL,2017,36,1085447.12,72030.36,1013416.76,141814.81,21740.15,25988.9,3580987.34,825715.77,28.1,8300233.77
USA,BEL,2018,31,24605460.23,4531629.86,20073830.37,8278578.63,1090624.35,1294519.46,6144048.87,17147810.13,301.6,12478222.81
USA,BEL,2019,45,10272520.99,912013.41,9360507.58,344594.95,66320.4,78361.45,98452.35,1015400.51,172.4,439676.87
USA,BEL,2020,27,1945600792.01,1099932335.03,845668456.98,419290849.36,98441644.8,104490426.92,271856.99,874050377.65,17616.4,1723394.96
USA,BEL,2021,38,35285178.41,13739105.94,21546072.48,1786439.76,402519.79,440637.58,3863705.23,7654770.4,196.0,17195425.23
USA,BHS,2016,25,14752196.93,8092965.58,6659231.34,1444444.59,96768.06,121636.8,23051135.62,3666302.02,95.0,47091361.49
USA,BHS,2017,28,484385784.82,342457932.22,141927852.6,186778721.1,41262130.58,47309383.83,64467.48,657060704.27,2732.4,244428.52
USA,BHS,2018,18,773931825.44,403772183.09,370159642.35,375819464.36,29779946.85,33212450.4,9390857.21,1055909271.81,2186.5,20089690.66
USA,BHS,2019,17,261993588.88,162600364.9,99393223.97,163024380.61,23577786.89,32499876.68,25770479.37,710835790.64,1070.8,113680747.9
USA,BHS,2020,27,20125618.38,5219991.47,14905626.91,12945641.73,0.0,0.0,7101118.17,30433081.25,172.8,44787375.04
USA,BHS,2021,29,31060005.01,9228685.45,21831319.56,18339117.13,1294229.42,1671981.71,10453241.97,105350157.72,192.1,27764510.6
USA,BMU,2016,22,70353773.48,29360019.89,40993753.6,-3517688.67,0.0,0.0,18685077.72,-18649371.4,409.5,57113143.19
USA,BMU,2017,33,108345326.32,96562713.31,11782613.01,57331377.7,227944.44,240984.86,8031146.8,160116041.04,143.7,16444329.24
USA,BMU,2018,12,73330314.86,45206676.72,28123638.14,13518231.76,2060994.66,2697519.17,3384927.58,72348506.77,285.5,7537800.34
USA,BMU,2019,32,288035227.83,203115013.21,84920214.62,138463431.74,30524801.9,31190246.42,4126201.41,300382874.3,2344.1,10109410.92
USA,BMU,2020,19,99114678.09,40502916.38,58611761.7,38231742.7,4791757.49,5369341.82,1481914.21,183478100.84,1348.6,3809463.8
USA,BMU,2021,22,252696679.93,120527017.1,132169662.83,97696093.05,9592740.36,11161280.45,28491246.85,425293074.03,634.9,136443011.08
USA,BRA,2016,37,43330902.1,11292463.08,32038439.02,6516353.31,1626049.68,1983224.1,42253154.04,29349980.61,275.6,133835718.9
USA,BRA,2017,33,414713225.6,194160991.14,220552234.46,15066908.54,3815646.66,3900457.67,2427287.43,50271044.12,2599.8,10100830.94
USA,BRA,2018,44,751412.56,74914.47,676498.08,-26506.36,0.0,0.0,2699861.24,-85982.56,37.3,5554670.62
USA,BRA,2019,39,26435991.53,10850995.17,15584996.36,6047489.36,1997576.18,2668018.46,6078964.08,15520177.23,274.1,10213985.46
USA,BRA,2020,29,656443653.31,469466584.03,186977069.28,118000167.55,8819246.88,10548516.14,4200443.59,468833534.3,2674.6,10682101.52
USA,BRA,2021,40,10714107.75,3303924.57,7410183.19,2225892.96,563180.47,671890.64,6087268.49,12037767.29,137.8,12568852.17
USA,BRB,2016,22,7827709.36,3529405.41,4298303.95,1306389.46,212958.36,215072.88,1180741.04,4954912.25,151.5,2094514.33
USA,BRB,2017,18,23767462.62,10879442.11,12888020.51,6405248.78,803485.96,1113056.64,6296750.42,35018812.97,369.3,12824271.41
USA,BRB,2018,30,24188264.08,18161806.77,6026457.31,-250392.79,0.0,0.0,1630834.76,-966489.58,87.4,2751209.62
USA,BRB,2019,30,168618915.32,153838476.41,14780438.91,19077272.55,2221917.11,2909574.4,1941545.4,94579887.71,178.4,3644532.3
USA,BRB,2020,31,30956278.32,22609061.67,8347216.64,6603269.2,470055.81,514740.89,35674209.6,22399119.1,181.6,67771369.75
USA,BRB,2021,28,3373778.7,1733499.91,1640278.79,71250.41,10612.31,11870.34,1748903.15,181495.12,32.5,5753520.2
USA,CAN,2016,45,180671444.7,90031739.56,90639705.14,29835003.59,3892758.5,4427300.36,1595636.16,174142055.59,499.6,5144045.91
USA,CAN,2017,48,6678423.14,1115882.84,5562540.3,1444762.27,320433.22,351370.67,2070881.67,3787828.97,258.5,7926935.88
USA,CAN,2018,40,58271911.27,20537295.54,37734615.73,4784425.65,773506.45,805032.76,6521077.55,27852044.51,696.6,15291144.04
USA,CAN,2019,38,77585824.24,26875163.32,50710660.92,-11637873.64,0.0,0.0,77301.84,-37337630.26,1390.8,379842.43
USA,CAN,2020,40,28006494.56,15254320.85,12752173.71,5753441.22,989153.53,1092163.4,6199835.62,17087325.81,396.3,23731862.38
USA,CAN,2021,31,305064317.04,49260115.77,255804201.27,58072430.85,10742605.32,10782394.99,2562654.37,123411700.25,2696.0,13198606.0
USA,CHE,2016,23,62350294.14,14197236.08,48153058.06,26390355.22,1952354.03,2150918.96,26217009.73,100753882.52,1483.7,46866567.4
USA,CHE,2017,26,131762988.98,36032011.65,95730977.33,29159240.9,7356074.39,9529295.3,5626024.45,162127648.81,1226.0,21757671.66
USA,CHE,2018,26,116384708.76,76486928.71,39897780.06,87771344.96,11599670.95,14484704.13,454852.6,193279416.7,525.1,1922505.96
USA,CHE,2019,24,91835488.02,54515736.52,37319751.5,13866326.15,334748.12,425481.03,337166.6,59178029.8,670.9,728402.81
USA,CHE,2020,33,44257112.53,22639419.26,21617693.26,16322947.09,1944459.35,2083248.45,790455.52,88730421.32,310.2,3956808.2
USA,CHE,2021,23,2031138.31,462348.31,1568790.01,579371.69,43539.07,45278.24,132576.13,2882027.36,25.7,655672.55
USA,CHL,2016,33,145423726.58,118781807.49,26641919.09,13116990.5,2109474.22,2427756.74,3171254.81,33112986.93,357.3,10675702.86
USA,CHL,2017,40,1266890.81,186610.26,1080280.55,280506.73,25982.21,30850.41,5190327.13,611698.92,32.5,22594153.5
USA,CHL,2018,36,13104071.65,5009143.94,8094927.71,2028662.07,559529.28,772821.65,85435.82,5175470.21,437.9,628615.62
USA,CHL,2019,45,785897.27,218980.29,566916.99,192880.69,28144.88,31477.61,233593.82,698116.2,15.6,817830.18
USA,CHL,2020,48,974726784.03,319207787.07,655518996.95,46111260.33,10686868.54,11735288.7,1692506.51,249246975.26,3180.4,3718792.5
USA,CHL,2021,40,22458870.12,6905959.27,15552910.86,2509164.2,879647.71,1068444.04,19016820.67,6340706.45,802.9,59936737.98
USA,CHN,2016,45,24721991.71,6611764.05,18110227.66,5624335.58,1345686.05,1561238.71,7422957.12,15461049.78,603.4,20284460.14
USA,CHN,2017,36,31458558.05,9823147.39,21635410.67,4082969.01,949873.73,1300864.73,5531450.3,18602229.72,725.8,17340252.17
USA,CHN,2018,37,95217527.49,27423298.25,67794229.24,1468764.68,423554.04,525155.4,3137630.49,8519194.07,1341.7,9327304.5
USA,CHN,2019,44,112076623.84,20246870.78,91829753.05,25302543.79,8054861.41,10434301.98,4526177.19,107466879.9,1049.7,15008706.63
USA,CHN,2020,34,34570172.74,6939864.39,27630308.35,5787845.4,1467834.28,1857050.93,3093820.51,19135701.36,478.2,28155531.23
USA,CHN,2021,42,2639333.99,1117009.55,1522324.43,441788.32,99527.77,121108.53,927247.3,2567536.72,46.9,2057369.55
USA,CYM,2016,26,116216937.9,67254804.39,48962133.51,37157050.19,6280639.18,8631953.48,20240085.58,122204436.24,401.0,38406803.82
USA,CYM,2017,27,59604483.78,43135654.09,16468829.69,4270595.35,366054.93,436426.45,1003189.09,12644827.58,460.6,3056396.48
USA,CYM,2018,18,68827454.94,43136713.62,25690741.31,21195389.33,529092.48,706692.71,2801692.03,108040182.26,470.5,16561934.96
USA,CYM,2019,18,20329029.49,16838935.97,3490093.52,7496339.71,670267.71,742826.11,1342795.91,34886563.41,50.9,2475544.22
USA,CYM,2020,24,99020805.32,59530529.87,39490275.45,55972360.91,11784587.96,16388421.45,1563320.36,215204522.67,943.1,6032185.1
USA,CYM,2021,17,97377396.39,25102122.21,72275274.18,60128561.41,4869378.85,6608781.39,328798.7,331685687.25,792.8,1912127.88
USA,CYP,2016,23,51950664.13,1935581.02,50015083.11,10016095.37,900074.22,1094109.25,1134602.24,23748405.62,637.6,2226456.78
USA,CYP,2017,19,142107078.12,117292592.06,24814486.05,50205292.88,12745793.71,16942257.69,2801467.94,299301556.0,437.1,9361526.95
USA,CYP,2018,28,702092504.25,642205756.52,59886747.73,173661085.81,14271021.4,17504381.89,3895139.6,922867606.08,999.4,10374468.27
USA,CYP,2019,28,12873572.07,8081547.84,4792024.23,2157676.44,238215.89,287947.6,457664.91,9183892.03,251.5,1778203.96
USA,CYP,2020,20,985317126.42,965610783.89,19706342.53,936051270.1,0.0,0.0,267866.48,2243366573.27,397.9,1293752.54
USA,CYP,2021,18,92196077.07,63964362.05,28231715.02,34988615.39,5670714.54,7685781.3,4348841.27,83949032.64,696.7,7699335.7
USA,CZE,2016,40,4209018.91,1337779.06,2871239.85,130064.28,31464.64,43404.16,647488.53,679555.17,21.7,1666935.45
USA,CZE,2017,42,1877870.22,370406.38,1507463.85,564688.37,170625.37,195104.84,3052527.6,2104071.79,20.7,10030166.49
USA,CZE,2018,44,2418169.35,1514368.66,903800.69,121408.87,18177.48,20930.23,1029579.18,323463.63,38.5,6988731.93
USA,CZE,2019,43,91930675.22,25956356.76,65974318.47,17953235.01,5798127.45,6708398.05,2670128.71,77484548.27,1135.1,4751539.74
USA,CZE,2020,45,5402256.85,455746.59,4946510.26,-85915.18,0.0,0.0,11112966.97,-227018.25,303.9,47254857.02
USA,CZE,2021,39,21392757.57,8273904.09,13118853.49,-2123963.61,0.0,0.0,17156010.92,-9406707.17,563.9,29025239.93
USA,DEU,2016,38,31667290.66,6752760.17,24914530.49,3409819.42,784543.36,1001117.1,309458.03,15935187.39,256.8,1703165.11
USA,DEU,2017,43,42945161.77,4175005.83,38770155.94,505710.99,136604.42,180807.95,20217872.75,1174736.86,543.2,34430480.19
USA,DEU,2018,47,57288570.52,33641922.9,23646647.63,9507197.64,1344480.98,1830101.68,356392.57,54604555.5,305.5,2907965.14
USA,DEU,2019,57,127806699.19,46142089.72,81664609.48,11303388.25,3089271.57,3473149.62,25184709.55,35539991.33,1031.1,129363487.28
USA,DEU,2020,40,179248713.79,130094527.1,49154186.69,30489990.0,7454376.36,10134736.26,19951678.69,146942033.71,2037.2,34052933.38
USA,DEU,2021,26,20842689.79,208426.9,20634262.89,4059185.2,1826633.34,1986430.31,273620.78,23318832.6,325.7,764564.75
USA,DNK,2016,34,32933545.25,13594241.1,19339304.15,2764001.74,1045838.96,1442773.8,1079792.86,6529446.17,212.9,3941563.52
USA,DNK,2017,33,94821699.96,19885696.96,74936003.0,2820111.28,750020.34,966598.25,1704497.88,16206273.62,1425.8,9241650.58
USA,DNK,2018,49,5204817.38,2463830.72,2740986.66,296107.99,67763.53,73942.69,5185500.78,652424.77,48.1,12381674.27
USA,DNK,2019,39,21887877.1,7035700.21,14852176.89,3063901.85,1050383.6,1332665.44,10528919.28,10673559.5,264.2,18144128.14
USA,DNK,2020,32,13201510.53,1948137.88,11253372.65,1696714.42,32520.62,36066.49,227989.02,9881981.44,425.1,1467468.45
USA,DNK,2021,44,100171164.7,53728805.9,46442358.8,-2106632.84,0.0,0.0,3199612.61,-8849877.68,724.1,19552980.79
USA,ESP,2016,36,6527739.92,3643524.48,2884215.44,1800129.64,407591.11,471511.18,3078317.02,9013470.25,96.0,13962929.04
USA,ESP,2017,50,49091711.32,3934964.14,45156747.18,13466974.67,2353839.29,3294273.07,7786044.03,74864499.48,440.7,19141699.47
USA,ESP,2018,36,123641812.58,34982671.74,88659140.84,-6165467.42,0.0,0.0,25524697.05,-34277508.19,1640.1,47580224.02
USA,ESP,2019,34,20028578.03,1744172.41,18284405.62,-848739.18,0.0,0.0,31009214.51,-4010562.45,352.0,59972126.56
USA,ESP,2020,45,123837859.42,69178346.54,54659512.89,7451392.36,796718.49,933740.38,2291386.78,22444629.52,1155.0,7245313.17
USA,ESP,2021,38,40058921.9,28922338.8,11136583.1,10449707.1,1962015.37,2031896.09,345592.03,52126307.38,396.7,1161195.93
USA,FIN,2016,30,3740023.67,818425.79,2921597.87,672378.56,151734.31,166657.41,2183292.17,3374192.32,112.1,4696184.92
USA,FIN,2017,34,16499756.11,7905712.54,8594043.57,2668078.16,479747.32,505660.99,3281823.68,9626936.13,63.5,5738465.41
USA,FIN,2018,42,70203026.1,18156020.19,52047005.91,17868477.99,222572.77,227071.95,1636114.09,57593694.61,614.8,3065538.72
USA,FIN,2019,40,51051212.9,5762887.47,45288325.43,-1624586.2,0.0,0.0,2098962.95,-4797978.33,394.6,13207508.13
USA,FIN,2020,43,95701128.81,22850883.73,72850245.08,9952045.92,742679.71,1028054.78,3189414.76,56442431.2,1845.3,6919698.54
USA,FIN,2021,43,243539152.7,113520693.87,130018458.84,-11150625.51,0.0,0.0,899983.39,-49346550.83,1898.5,3352789.11
USA,FRA,2016,35,14235135.05,5169754.86,9065380.2,1007637.13,221514.72,305260.42,136371.5,5036999.68,280.1,1087142.05
USA,FRA,2017,39,34761390.37,19287162.7,15474227.67,205967.06,33063.46,42903.07,565612.87,804205.64,202.1,1546208.0
USA,FRA,2018,31,69219402.9,4613128.69,64606274.2,9962446.73,1527298.59,1630626.27,1454296.5,23511429.72,1529.0,7063597.92
USA,FRA,2019,39,398469394.79,86507237.47,311962157.32,47818000.05,9445652.08,12138606.33,13941037.02,161828319.69,4913.9,43068251.79
USA,FRA,2020,50,26737276.5,20146775.13,6590501.37,1197517.05,184226.37,206898.41,2163349.67,5694919.04,139.0,10385182.63
USA,FRA,2021,29,65092527.26,48207338.29,16885188.97,40224.91,5542.65,5706.87,13390591.58,146263.44,193.4,41403177.12
USA,GBR,2016,40,7176396.16,1588632.35,5587763.81,1167317.95,107691.85,133623.91,212770994.64,2670124.65,122.4,453904126.29
USA,GBR,2017,41,27750967.18,13824670.72,13926296.46,-1454620.01,0.0,0.0,10862946.36,-3096298.85,112.3,23274422.86
USA,GBR,2018,34,22477099.46,11139179.91,11337919.54,-1827405.09,0.0,0.0,2508433.41,-10955868.1,193.9,4779196.46
USA,GBR,2019,46,30939774.05,12802642.84,18137131.21,-3151087.05,0.0,0.0,5823488.14,-10123838.65,399.7,11276683.23
USA,GBR,2020,33,8078537.68,80785.38,7997752.3,2380018.54,0.0,0.0,7616344.09,10033978.46,94.4,15878281.64
USA,GBR,2021,50,26442659.09,4674963.82,21767695.27,-625787.38,0.0,0.0,11416398.34,-3487018.65,273.4,22770127.58
USA,GGY,2016,28,87931422.03,64510110.72,23421311.31,40973031.7,9285473.07,10118996.16,3704236.73,139670918.06,548.0,30120245.55
USA,GGY,2017,24,2180235.45,1242143.55,938091.9,356172.04,7271.4,7395.17,2734050.97,1360426.77,29.7,12908939.78
USA,GGY,2018,27,28819536.04,17474101.51,11345434.53,9408829.79,1037912.13,1414010.89,2393008.67,39529260.36,99.6,4088131.72
USA,GGY,2019,19,12311300.53,3346967.8,8964332.73,6719485.92,646030.55,896550.49,17419893.12,23356625.38,181.1,37336697.49
USA,GGY,2020,19,55130934.76,24070784.08,31060150.68,10174147.35,446509.56,492570.42,1184868.06,60528551.02,238.7,2653898.03
USA,GGY,2021,25,24386022.52,18999227.08,5386795.44,4614015.27,530940.2,625742.65,1434683.0,21239135.22,151.7,2488662.45
USA,GRC,2016,39,25406520.58,1632898.65,23773621.93,15575066.99,4531452.84,4728420.54,339724.32,46618932.15,296.8,3178300.38
USA,GRC,2017,45,12991310.62,2970465.42,10020845.2,536658.05,48932.76,67378.54,1031424.25,2364242.22,194.7,9280872.14
USA,GRC,2018,37,101542840.0,75467631.46,26075208.54,16013710.59,1403068.1,1412177.07,2550410.3,86003530.11,598.8,7817254.57
USA,GRC,2019,48,606990638.92,365045871.82,241944767.1,117758337.75,28041585.41,38934453.13,5127382.81,473174310.49,4065.7,22349540.41
USA,GRC,2020,35,88215434.04,31250541.9,56964892.14,7616474.48,1592603.69,2025814.15,44360.14,35791725.39,841.1,232665.33
USA,GRC,2021,52,67918611.58,31884191.64,36034419.93,-10187791.74,0.0,0.0,21498391.01,-53259502.28,951.5,129997116.5
USA,HKG,2016,20,14696874.75,10065973.4,4630901.35,6534729.69,759306.93,792184.75,423532.09,20229070.47,184.3,1924057.24
USA,HKG,2017,32,92072557.94,77113859.32,14958698.62,48290348.24,7455793.49,9041861.03,111752.34,246075916.53,432.6,434342.55
USA,HKG,2018,24,54246786.26,8186394.62,46060391.64,-5793569.16,0.0,0.0,3970344.7,-17981473.78,456.2,26657049.7
USA,HKG,2019,19,251126775.29,145201990.65,105924784.64,119161654.22,16546810.87,19311738.53,2683427.24,477923708.0,1319.0,11734104.44
USA,HKG,2020,18,77266422.26,54054592.08,23211830.18,12381082.73,933450.29,996916.9,8171153.73,53692405.03,204.2,16049762.77
USA,HKG,2021,26,18548170.09,13163503.01,5384667.07,8648983.55,352255.05,478324.12,648812.71,28481652.36,158.3,3361946.68
USA,IMN,2016,24,16285605.13,11072904.26,5212700.87,14372532.64,0.0,0.0,1188507.17,54756488.37,153.4,4281636.68
USA,IMN,2017,22,191557464.84,141725247.03,49832217.8,70279794.82,0.0,0.0,5140851.36,178924079.78,623.6,9553113.21
USA,IMN,2018,23,52182839.66,23977167.85,28205671.81,14816722.2,1496267.37,1702981.73,9011532.47,75379217.23,823.6,24557741.68
USA,IMN,2019,27,295114100.23,220232455.95,74881644.28,75546915.63,14513295.83,17460522.41,2717185.63,413804249.61,1644.4,5884975.8
USA,IMN,2020,29,32370841.97,18406794.91,13964047.06,12153888.55,1628082.94,1848866.37,1321159.08,34242829.64,451.1,2923637.28
USA,IMN,2021,22,10411571.24,393124.25,10018446.99,3678077.28,129462.37,153886.24,17041585.69,13772728.42,271.4,49680646.3
USA,IND,2016,29,46795287.38,467952.87,46327334.51,5533762.55,1078127.12,1092182.63,5415007.35,19994006.12,556.0,40565193.26
USA,IND,2017,41,1704840.83,309290.12,1395550.71,428841.55,95270.02,121555.47,792968.05,1491633.74,7.5,1484630.22
USA,IND,2018,40,89731352.27,897313.52,88834038.75,-8934266.84,0.0,0.0,13754973.31,-46298282.98,721.0,43928465.09
USA,IND,2019,37,359005794.45,146563244.27,212442550.18,61137474.32,10817491.28,12403686.26,4622007.92,235312741.49,2161.0,12813227.3
USA,IND,2020,28,33777429.46,337774.29,33439655.17,698745.0,61837.95,86256.18,38681.74,3488333.35,409.6,315923.64
USA,IND,2021,46,34985021.45,18136808.63,16848212.83,10328390.61,2684932.9,3535810.52,238499.74,57530849.97,315.1,500485.63
USA,IRL,2016,29,259808649.17,199156585.99,60652063.18,195346488.01,28277064.95,38812668.74,2264681.83,545392350.04,490.3,13986265.34
USA,IRL,2017,27,45703548.67,25087914.33,20615634.35,21849409.43,0.0,0.0,169009.33,95046834.57,254.4,292158.14
USA,IRL,2018,27,76299285.7,41500673.03,34798612.67,17672287.69,1540478.67,1901068.59,244688.5,86256034.85,380.5,570812.56
USA,IRL,2019,22,28553556.43,19223813.14,9329743.29,18135377.87,0.0,0.0,351161.37,79169093.27,130.9,885143.61
USA,IRL,2020,30,4199007.09,3208145.41,990861.68,3113047.06,185601.75,203036.45,100327.45,10438738.18,19.6,656270.84
USA,IRL,2021,30,30585946.12,20816854.13,9769092.0,13281482.6,424830.61,564081.72,811759.74,28362754.59,294.3,2323961.33
USA,ITA,2016,41,11080253.63,2375864.32,8704389.32,-805116.61,0.0,0.0,3277641.58,-2340308.63,238.9,18955092.25
USA,ITA,2017,42,35585819.22,15318741.61,20267077.6,6912851.35,880632.28,1099080.74,23749398.15,32918875.12,227.5,56599237.09
USA,ITA,2018,41,28699424.55,7172079.91,21527344.64,4456389.64,890475.69,952070.72,2006427.37,14152788.87,385.1,7721994.67
USA,ITA,2019,38,30981361.58,16147142.27,14834219.31,5678569.99,1688909.02,2193373.79,147859.66,25075308.2,344.2,412684.69
USA,ITA,2020,29,589861263.67,229821055.67,360040208.0,112708571.58,7109898.71,9552763.92,1938130.51,642971832.63,3710.0,12027262.99
USA,ITA,2021,38,42646031.4,426460.31,42219571.09,-4903466.85,0.0,0.0,3017957.62,-28453147.82,368.3,5283055.44
USA,JEY,2016,25,371290267.59,321093591.0,50196676.6,-5874586.37,0.0,0.0,4055531.93,-18120464.46,1123.0,8337038.56
USA,JEY,2017,16,320879830.21,127361674.15,193518156.06,42257460.48,4821328.6,5482048.02,17482651.34,125304245.36,2605.8,71569107.49
USA,JEY,2018,32,57836575.91,19321820.5,38514755.41,7043265.16,1181577.57,1453278.52,4262528.14,22286309.55,511.7,8020363.85
USA,JEY,2019,31,83519169.49,61612994.09,21906175.4,12983856.3,2423460.9,2971614.72,3257114.47,37693443.29,603.2,21292340.85
USA,JEY,2020,25,28921854.95,10526239.39,18395615.56,-393537.37,0.0,0.0,15552232.63,-1703228.35,526.4,46294624.46
USA,JEY,2021,36,11790536.22,5912888.63,5877647.59,3407151.03,663423.93,841593.99,20583399.5,13780478.06,148.0,90451700.34
USA,JPN,2016,35,67121984.42,16929556.48,50192427.95,13072034.44,2522477.56,3238415.62,14654903.78,72810412.83,406.2,43850350.53
USA,JPN,2017,38,21967955.69,3266073.76,18701881.93,1439977.46,318887.36,384232.36,127550128.92,4926344.55,589.1,253214474.34
USA,JPN,2018,44,5867020.93,1818679.39,4048341.54,1208705.36,380595.03,450630.22,938167.31,4978054.19,63.0,4918010.44
USA,JPN,2019,48,5097851.23,50978.51,5046872.72,2709922.24,0.0,0.0,9077684.45,14064682.89,40.2,16778248.68
USA,JPN,2020,37,92420917.1,34197819.73,58223097.37,24073400.79,5220778.4,6977298.99,6488414.49,63725417.36,768.0,10895739.95
USA,JPN,2021,47,58643030.09,29580108.43,29062921.65,-3565922.25,0.0,0.0,5923012.7,-12629273.24,440.5,10437414.71
USA,KOR,2016,35,22737477.81,7851087.24,14886390.57,2367731.53,939183.18,962213.48,571380.05,5862731.99,88.2,1435884.51
USA,KOR,2017,36,161839796.46,79513465.68,82326330.78,14031490.63,988858.84,1224890.09,12195433.68,79884787.55,1822.8,38434772.88
USA,KOR,2018,43,43818416.37,15375989.01,28442427.36,-3082561.51,0.0,0.0,1724882.16,-14597096.24,1253.3,3360998.5
USA,KOR,2019,38,33982005.37,14641473.58,19340531.8,1946570.81,467346.02,479349.12,171905881.88,6824439.25,231.4,355358272.27
USA,KOR,2020,31,15065058.89,2448135.95,12616922.95,1009153.86,247067.44,278466.98,10728072.98,3692905.73,224.9,70521382.74
USA,KOR,2021,33,17118570.18,9924709.83,7193860.36,1152501.09,172014.84,199627.1,977827.23,2309566.05,112.6,2682508.62
USA,LIE,2016,20,158174878.56,47762249.12,110412629.43,50906156.62,4676307.5,5831655.18,10329461.64,302728365.98,1111.9,25495716.97
USA,LIE,2017,25,179751249.93,115786280.76,63964969.17,96924183.16,13630226.65,16725985.8,3456678.06,251686586.97,766.1,7644161.85
USA,LIE,2018,28,881758745.48,679039880.28,202718865.2,222272858.29,8382949.09,10676524.31,2818171.78,769228307.54,1434.8,7151392.1
USA,LIE,2019,22,229478074.95,180741802.53,48736272.42,-11473903.75,0.0,0.0,38365073.95,-30687868.06,783.0,75605445.62
USA,LIE,2020,33,339343122.11,186270037.37,153073084.74,81632767.63,6263602.47,6657020.59,2698266.55,244227931.88,1289.4,25478288.75
USA,LIE,2021,25,37929881.36,19556995.53,18372885.83,1467881.65,251720.51,317249.62,267830.04,8399772.33,170.6,1632203.96
USA,LUX,2016,27,355697426.2,203636095.59,152061330.61,225933334.49,51550485.99,52802279.94,1687402.32,596769577.83,818.1,4506423.52
USA,LUX,2017,17,55568523.5,39355737.2,16212786.3,27447247.06,5008379.86,6198563.21,6953966.34,136761398.02,167.5,31263986.19
USA,LUX,2018,21,55956257.95,36510218.82,19446039.13,35812534.23,4640327.46,6400213.75,12917159.76,118347911.57,152.0,88607265.08
USA,LUX,2019,27,1469744.8,971819.33,497925.47,97270.76,9540.28,9786.26,102489.69,284070.76,15.3,451604.76
USA,LUX,2020,17,180112431.71,89868822.95,90243608.77,9201253.0,414994.03,567490.17,1850139.44,51032280.68,1535.3,8247131.36
USA,LUX,2021,20,67984814.2,42108712.69,25876101.5,30467110.44,6517466.19,7492275.37,451367.18,110863852.68,565.1,1397353.01
USA,MAC,2016,27,1434198805.41,1285906567.91,148292237.5,326274094.47,0.0,0.0,1174344.49,801208134.61,1170.6,5566243.53
USA,MAC,2017,23,38768285.66,18708340.52,20059945.14,8285974.12,0.0,0.0,4379947.65,19341519.59,470.7,35397306.73
USA,MAC,2018,28,11204242.93,5937431.76,5266811.16,830217.82,103776.4,142701.08,6245130.55,2507877.21,198.7,24891245.28
USA,MAC,2019,18,195653915.77,122816872.84,72837042.92,83068538.87,13476111.26,14502557.03,1478127.17,346142804.13,2074.8,7522131.43
USA,MAC,2020,30,6507860.76,2370918.48,4136942.29,5299753.3,593230.92,682580.69,1205000.1,14267443.0,91.9,4788038.99
USA,MAC,2021,38,37591076.41,30887531.26,6703545.15,19908456.44,1340851.36,1378520.36,3357859.01,112763588.04,52.3,26140026.89
USA,MCO,2016,31,111038900.25,53888571.78,57150328.47,65035013.31,3514880.54,4899160.06,22079976.52,140522863.07,1422.6,50295412.2
USA,MCO,2017,28,150557861.58,115829003.29,34728858.29,84778602.39,18067911.44,19103555.73,2309605.13,235694507.55,368.0,9459419.67
USA,MCO,2018,18,126818390.89,84155740.51,42662650.38,22164192.14,2790015.54,3255059.91,2369164.9,49875737.23,513.5,23270882.95
USA,MCO,2019,19,320661771.08,147806068.51,172855702.57,118977917.17,8584916.58,11372851.59,18961352.7,568977161.81,2091.2,39505847.01
USA,MCO,2020,34,11259799.53,4422614.46,6837185.06,2168671.46,330975.44,373615.75,8766690.55,9220895.33,123.8,15964829.5
USA,MCO,2021,22,20773879.86,12984580.21,7789299.65,10233576.84,1150237.54,1167403.82,19791028.38,24619327.22,86.1,39424313.76
USA,MEX,2016,43,58471645.81,25588880.78,32882765.03,2315367.09,479050.16,505911.41,759092.4,10139108.31,989.4,1309139.77
USA,MEX,2017,37,39682024.79,11495669.02,28186355.78,724684.92,156828.06,183241.35,577482.69,2705608.02,234.2,3980278.83
USA,MEX,2018,25,1019898657.66,807952663.67,211945993.99,161204187.25,24606480.44,27125584.45,121620002.21,785831512.02,1940.6,202799895.24
USA,MEX,2019,44,12525590.17,5456190.9,7069399.27,2649675.8,722653.42,752075.81,10504984.33,8597912.96,225.1,73575228.4
USA,MEX,2020,49,17485212.32,12815196.07,4670016.26,1560716.64,354844.97,406891.86,8308211.61,6396862.53,69.8,30137721.53
USA,MEX,2021,24,49227196.19,21569956.34,27657239.85,1967377.88,563685.31,652231.27,9882168.83,4848400.6,620.0,84873686.54
USA,MLT,2016,27,8096883.59,6873376.3,1223507.3,1391828.67,237497.45,267393.62,805914.28,6647624.33,26.0,3039363.0
USA,MLT,2017,34,30424917.57,21476111.24,8948806.33,10658096.87,1476335.73,2039863.86,4696699.39,58247598.16,212.1,19298441.68
USA,MLT,2018,16,680335010.7,634117069.66,46217941.04,228927557.13,63299437.65,66088918.41,965077.04,1051201805.27,1007.5,2163953.93
USA,MLT,2019,31,67315363.51,31006956.05,36308407.46,-9047925.16,0.0,0.0,8267038.41,-46570999.47,583.5,20162732.73
USA,MLT,2020,26,61982351.67,42117206.42,19865145.25,30069758.01,1311033.28,1827374.5,2850370.2,69274511.96,298.2,12727659.97
USA,MLT,2021,28,18397205.43,10673788.22,7723417.22,5997513.03,480872.0,626392.9,2169616.82,31706230.12,500.3,8216676.73
USA,NLD,2016,30,96369892.48,61596491.62,34773400.86,37100186.68,8588193.82,8611264.4,925670.98,185697382.7,399.1,3792184.79
USA,NLD,2017,24,7702096.73,3289600.78,4412495.96,1072317.81,87698.44,119587.38,1118783.87,4565055.11,207.7,1976457.43
USA,NLD,2018,31,24443754.13,19289166.79,5154587.34,-1222187.71,0.0,0.0,742352.17,-4360973.32,56.2,1549311.32
USA,NLD,2019,33,182745737.29,71448868.59,111296868.7,72397620.45,9900860.98,12701882.64,5337480.45,426063273.44,1992.0,8986119.27
USA,NLD,2020,25,4962417.81,1864795.86,3097621.95,1634137.26,170732.11,178147.8,3281279.15,8743401.01,76.5,18563035.55
USA,NLD,2021,22,95392384.53,60302176.98,35090207.55,35034270.4,1190422.65,1449505.33,527242.8,101634110.73,384.1,971080.75
USA,NOR,2016,40,110866485.79,7233802.55,103632683.24,10715004.4,3082083.08,3696378.18,89956477.54,48118570.79,764.2,159802997.66
USA,NOR,2017,37,71826519.42,29643840.93,42182678.49,15128097.31,3346974.92,3535008.18,1120402.29,57228543.03,413.2,4419280.38
USA,NOR,2018,36,530275480.69,243232605.95,287042874.75,146056399.64,36640799.02,42363307.87,2867214.18,747433427.35,2625.6,8381050.99
USA,NOR,2019,32,3568097.44,848242.41,2719855.03,639084.47,124744.57,135724.51,10313474.66,1288402.38,104.8,18164707.64
USA,NOR,2020,43,9288539.08,92885.39,9195653.69,2329860.44,1037226.85,1152363.64,25983337.94,12446235.99,121.9,79836314.35
USA,NOR,2021,47,17021176.09,170211.76,16850964.33,8556063.62,2392395.85,2903773.75,3730600.06,18146040.2,330.2,15655976.24
USA,NZL,2016,38,35943580.84,7041897.0,28901683.84,-33707.3,0.0,0.0,1473333.1,-88789.09,1025.6,10414595.08
USA,NZL,2017,36,33319932.27,19891198.03,13428734.24,11861894.57,2446824.29,3010398.0,174521.7,52705934.81,182.9,623366.73
USA,NZL,2018,54,80423167.6,53800121.11,26623046.49,6672630.36,1029647.76,1105624.07,1220947.85,22633909.55,198.1,8290108.12
USA,NZL,2019,43,64116396.54,54271045.87,9845350.68,-9617459.48,0.0,0.0,4849519.62,-31979083.52,441.9,27468221.25
USA,NZL,2020,48,30246883.36,22874696.49,7372186.87,6030866.13,1556867.06,1852800.95,16246091.8,24483862.35,127.9,38760213.0
USA,NZL,2021,44,71503399.88,10303476.31,61199923.56,7140394.28,584194.07,623286.29,7277970.25,21564489.5,2292.3,12388427.71
USA,PAN,2016,24,179362293.2,72913235.04,106449058.15,57550459.55,5815014.18,6280845.27,3463603.82,232856327.03,1223.2,24318070.27
USA,PAN,2017,22,15701728.04,9431087.54,6270640.49,750489.44,178726.43,182902.51,387973.57,3039641.08,96.5,783761.41
USA,PAN,2018,34,37962238.23,22595696.63,15366541.6,22399011.66,3366220.96,4661317.92,675962.21,119710692.17,481.9,4744014.69
USA,PAN,2019,22,30919632.74,21591054.82,9328577.92,18661724.04,784037.56,1028143.09,618042.51,57738681.18,325.3,2008975.08
USA,PAN,2020,29,120834215.79,69854555.64,50979660.15,59155269.36,13850644.18,15400951.87,7444908.38,317295724.64,719.4,16808878.95
USA,PAN,2021,24,185555824.95,151394563.87,34161261.09,-4022846.31,0.0,0.0,1503670.09,-12717170.72,225.9,4487346.65
USA,POL,2016,36,33799615.41,18754142.44,15045472.97,3855523.13,378811.26,414611.59,886649.68,14250277.18,279.6,3669103.95
USA,POL,2017,41,59753501.11,21095661.69,38657839.42,-1065338.02,0.0,0.0,26261366.88,-3511883.43,370.7,45701635.98
USA,POL,2018,35,919485.23,234566.02,684919.2,299692.38,48121.75,61932.26,8372802.11,1453971.13,34.8,15023879.04
USA,POL,2019,49,20831081.85,9898113.64,10932968.21,576285.6,112632.07,129498.4,2833264.25,3026433.76,152.4,6524543.18
USA,POL,2020,37,777881773.62,451447166.41,326434607.22,79234613.7,21261751.97,24923045.3,1219264.15,433204811.2,3067.0,5836071.49
USA,POL,2021,28,22198589.66,11751003.35,10447586.31,11832686.76,0.0,0.0,22986587.9,28077461.17,147.3,65892740.35
USA,PRT,2016,54,16639263.89,9169597.25,7469666.64,1416017.18,327928.2,451802.32,610846.05,3222509.31,153.8,1335303.91
USA,PRT,2017,27,65798613.66,29032833.34,36765780.32,-9869792.05,0.0,0.0,2700127.41,-27726560.09,607.6,19540525.31
USA,PRT,2018,38,10403269.32,4638220.61,5765048.71,143584.77,35924.84,50157.43,2978736.38,849804.55,112.7,4980060.81
USA,PRT,2019,40,69590925.33,19834599.75,49756325.58,1081018.89,86770.32,95134.18,389389.14,2958269.67,954.6,1054692.78
USA,PRT,2020,34,34842420.71,16558179.66,18284241.05,7081430.75,1423375.38,1473328.9,1644646.91,20442593.53,267.4,3570390.11
USA,PRT,2021,36,178673188.11,53983625.76,124689562.35,24565974.24,7822696.54,9531609.95,2354257.05,87722678.09,1076.9,14531562.22
USA,SGP,2016,28,26493419.8,19557478.33,6935941.47,8127160.5,580757.51,665948.64,25440508.45,47124626.34,377.8,55454968.63
USA,SGP,2017,20,24580848.38,6203765.9,18377082.48,-3687127.26,0.0,0.0,24878067.42,-20796720.29,137.3,55580106.09
USA,SGP,2018,26,98837542.44,71187199.67,27650342.77,15697027.05,886245.88,983450.18,11705451.54,50836519.27,290.0,25192755.33
USA,SGP,2019,27,488571335.14,391645118.73,96926216.41,243818437.25,29046697.04,37025870.71,1898489.51,775381778.42,882.2,3435580.81
USA,SGP,2020,26,400253799.72,271932203.04,128321596.69,248855368.3,41740144.89,50093443.38,7134287.96,764359863.06,1837.5,14742436.51
USA,SGP,2021,27,15712161.48,10533285.68,5178875.8,3577212.31,504773.4,665984.34,1276117.71,17616187.72,127.3,2302177.98
USA,SWE,2016,38,75703120.66,58103148.73,17599971.94,9850867.06,1377378.75,1394591.01,4501068.62,36845700.48,321.9,10110124.96
USA,SWE,2017,43,39395516.15,16997596.74,22397919.42,2295647.53,343721.29,382249.71,15827692.64,8230904.97,243.8,29863387.94
USA,SWE,2018,50,52220822.17,35729381.65,16491440.53,4026181.88,677801.74,843662.64,4227284.44,18584649.39,303.2,7129524.03
USA,SWE,2019,49,12039969.85,3633051.18,8406918.67,-1805995.48,0.0,0.0,1016195.83,-4460662.08,393.2,2826138.77
USA,SWE,2020,39,438218286.84,11776084.56,426442202.27,83903382.7,20529581.58,22192357.35,2442006.59,287517695.31,4471.8,5431081.64
USA,SWE,2021,62,7661037.9,1115108.92,6545928.99,430062.48,186381.21,199536.56,1203812.16,1300131.6,161.0,3181912.91
USA,TUR,2016,48,93574281.37,13996641.45,79577639.93,8246819.96,2586221.16,3112561.79,5409254.66,25180588.0,2435.1,11784793.36
USA,TUR,2017,49,125448988.62,28706834.95,96742153.67,30831162.8,7290983.43,10079602.06,3603139.26,179951697.78,2672.8,15044114.88
USA,TUR,2018,36,8347178.2,3144650.47,5202527.73,399984.9,45729.25,46498.72,640460.53,2170696.76,91.9,2118105.75
USA,TUR,2019,42,162166904.55,52113943.6,110052960.95,8102976.69,2995945.97,3097023.07,162114.88,18634308.42,447.2,1222229.88
USA,TUR,2020,46,512996988.44,502737048.67,10259939.77,187686348.8,84458856.96,116214799.13,370384.02,766026957.31,583.0,895246.28
USA,TUR,2021,28,113352722.79,70657328.81,42695393.97,-1941378.13,0.0,0.0,31892888.4,-11029841.68,345.1,61329115.88
USA,VGB,2016,31,305815992.31,170823324.42,134992667.89,45962616.07,1222540.54,1597143.3,11079569.23,187451370.07,1994.4,20571523.6
USA,VGB,2017,29,612813984.83,487629131.69,125184853.14,-16842815.99,0.0,0.0,2625062.16,-99629208.21,2711.8,6108579.66
USA,VGB,2018,21,105223685.33,49185337.29,56038348.04,65131892.55,0.0,0.0,1253575.9,213659901.95,1246.5,3472521.99
USA,VGB,2019,29,2223837.52,1549974.09,673863.43,653632.89,84298.59,96415.3,8676749.56,1778775.88,14.9,27153129.93
USA,VGB,2020,29,84095347.17,37046632.72,47048714.45,16907750.61,1702902.45,1814224.1,1008203.99,37351386.01,287.2,3529628.65
USA,VGB,2021,21,62603519.58,33194488.1,29409031.48,8167426.25,2545498.47,2931666.82,1826105.81,20846693.55,423.8,9443432.03
USA,ZAF,2016,50,165879527.72,33705529.58,132173998.14,40204192.15,9897734.15,10059542.27,4428057.52,221591640.94,1569.6,17206768.74
USA,ZAF,2017,38,128336038.71,50708006.74,77628031.96,22431121.91,5417749.39,6142153.22,1384093.4,97267028.0,1734.2,7932271.38
USA,ZAF,2018,43,33759921.65,17087755.93,16672165.71,7986296.3,1883685.99,2371861.99,16491947.57,31806350.63,225.4,137147770.81
USA,ZAF,2019,40,78430432.69,13983900.32,64446532.37,26974096.07,6069257.75,6341401.4,7393581.39,111523853.58,4035.8,30277570.37
USA,ZAF,2020,38,10199530.92,6957415.13,3242115.78,1606760.09,329833.57,411378.16,27447223.52,4053182.52,48.5,83123582.47
USA,ZAF,2021,29,546650589.57,159918749.03,386731840.55,156952794.14,29693539.93,33239450.4,3813619.34,467886225.81,3014.6,7918751.01
GBR,AUS,2016,30,187425701.56,109522752.84,77902948.73,39364777.63,8410369.58,10610431.93,20273453.47,157956500.37,650.1,59498270.68
GBR,AUS,2017,43,131874584.98,66209665.71,65664919.27,21976329.69,600833.45,775245.4,31071775.06,50149061.83,659.4,128459969.28
GBR,AUS,2018,45,132143237.12,38097667.21,94045569.9,53070252.13,7973971.0,10568785.85,1616431.58,246369873.13,2491.1,8970288.06
GBR,AUS,2019,43,15113148.63,151131.49,14962017.14,6480828.68,1405508.48,1849987.33,18553183.06,38399227.51,180.9,35344157.72
GBR,AUS,2020,38,33684237.89,7435276.7,26248961.18,5963456.94,1039912.04,1220694.66,3101856.04,19833596.23,382.0,16247933.5
GBR,AUS,2021,37,18650618.51,3671528.76,14979089.74,4059564.61,584239.28,655199.85,191033.55,15702693.99,216.6,436562.95
GBR,AUT,2016,35,17601874.17,5233647.0,12368227.17,1728862.3,105278.66,141050.74,14003876.84,4807227.26,323.7,52753169.11
GBR,AUT,2017,51,108768909.86,27820587.69,80948322.17,17611281.71,6050154.05,6052395.28,567917.06,37967020.28,1557.8,1685794.71
GBR,AUT,2018,41,34491613.49,15223593.03,19268020.46,8258848.38,1204113.66,1645509.57,217393.32,19262368.93,574.8,664030.3
GBR,AUT,2019,36,169352526.08,69875466.95,99477059.13,56841018.99,0.0,0.0,915127.27,192775329.52,1128.8,1529150.41
GBR,AUT,2020,39,56792650.39,2002071.99,54790578.4,12388159.3,2625029.33,3176191.38,7202288.34,73214318.01,1568.4,14762934.91
GBR,AUT,2021,32,49729976.48,16077166.02,33652810.46,4497440.59,1018331.12,1158765.58,11519136.75,18108695.2,222.3,29148748.82
GBR,BEL,2016,50,28839193.58,17822750.44,11016443.15,10065125.33,1672676.49,2285633.26,3147708.95,29658941.11,347.1,11588186.11
GBR,BEL,2017,37,51292045.63,512920.46,50779125.17,-7693806.84,0.0,0.0,374681.06,-31692347.95,869.7,1889118.87
GBR,BEL,2018,41,8367723.53,4043924.41,4323799.12,1048864.69,139676.87,164171.0,1084367.73,4861767.97,103.8,4590027.13
GBR,BEL,2019,51,70602273.65,24692506.14,45909767.51,1839703.08,129107.81,162959.43,1206822.86,11020914.91,702.7,4745522.84
GBR,BEL,2020,47,43760785.56,1405036.3,42355749.26,7014940.89,2144276.62,2299912.04,23043758.35,27476492.67,1134.4,118925875.84
GBR,BEL,2021,53,13585918.56,6308198.52,7277720.03,880070.73,253964.42,306535.59,1639931.39,3547420.22,179.4,3723027.39
GBR,BHS,2016,26,282991443.11,261509265.28,21482177.82,131609362.46,18461412.93,21431256.86,7627026.09,481157183.55,357.1,40256147.82
GBR,BHS,2017,22,43018503.45,23968672.79,19049830.66,5966890.56,575451.32,638735.24,27628088.39,21357670.7,188.9,87837168.22
GBR,BHS,2018,25,92741723.91,79480889.93,13260833.98,15188451.38,2475532.4,3099599.76,797269.16,47309606.87,263.9,7142054.93
GBR,BHS,2019,26,140495545.06,110769670.94,29725874.12,51992435.92,7038149.82,8997229.43,4963076.19,211986452.06,316.0,12653305.46
GBR,BHS,2020,28,146142826.05,80202405.11,65940420.94,88039855.64,0.0,0.0,3666293.93,270710282.86,198.3,11419585.72
GBR,BHS,2021,20,16515649.3,12008559.09,4507090.2,5509521.42,0.0,0.0,1293242.54,26059800.18,73.9,8040295.83
GBR,BMU,2016,20,199662174.7,75421737.89,124240436.8,46877261.59,4770623.82,6449456.83,2618718.35,157761359.1,1046.3,7766274.41
GBR,BMU,2017,30,29342027.24,18761835.05,10580192.19,10415359.41,0.0,0.0,777566.88,56590508.52,183.8,4009515.96
GBR,BMU,2018,25,56218695.61,27244897.83,28973797.78,9735416.85,0.0,0.0,1130249.68,25665353.08,224.0,6301068.43
GBR,BMU,2019,20,51201375.26,41952586.37,9248788.89,13093804.19,1124976.66,1386946.41,2559429.05,50547422.7,91.8,8364492.68
GBR,BMU,2020,28,12306553.58,7645856.15,4660697.43,4151027.08,153750.65,160091.3,672408.44,22497655.7,202.8,6500530.77
GBR,BMU,2021,21,18360825.85,14467786.18,3893039.68,2354357.23,157092.54,197985.61,932858.24,8502425.31,84.9,2068693.09
GBR,BRA,2016,42,2671549.53,496791.69,2174757.84,437864.99,71961.2,97266.02,787760.03,1987920.92,59.9,1899323.18
GBR,BRA,2017,35,70498532.13,21230679.78,49267852.35,725157.97,214462.09,230769.42,1253033.17,3663469.82,1119.4,2310771.52
GBR,BRA,2018,36,35578468.09,3384586.42,32193881.67,10478845.78,2981533.29,3647684.23,1849285.27,55195017.61,1183.6,11547722.41
GBR,BRA,2019,36,70770400.94,19448769.79,51321631.15,3307802.45,618895.28,707394.38,203933.58,13273247.62,563.3,856420.94
GBR,BRA,2020,38,5832014.64,3079401.74,2752612.9,1148778.33,146667.82,171114.48,1002936.09,6585143.12,137.2,7973113.17
GBR,BRA,2021,41,31627381.4,20008327.65,11619053.75,-4744107.21,0.0,0.0,966524.77,-25842577.09,236.9,1880537.15
GBR,BRB,2016,34,151331338.96,53877628.62,97453710.34,33457032.11,5283122.51,6875177.98,459664.82,82532300.85,520.4,809235.19
GBR,BRB,2017,22,35977576.41,20049213.5,15928362.91,14595979.91,1699340.36,1844680.29,14800623.19,86208527.5,258.2,26507904.4
GBR,BRB,2018,32,64787124.19,52146575.92,12640548.26,5305128.18,858575.86,1177768.74,327107.14,28328204.89,77.3,1231628.51
GBR,BRB,2019,35,44275742.63,10412303.52,33863439.12,13701382.03,2342563.35,2769125.72,1756916.99,81726005.21,344.8,7002887.57
GBR,BRB,2020,27,5862896.41,3067544.68,2795351.72,2133314.53,131750.57,131976.27,5297139.52,8774872.16,138.2,15044197.77
GBR,BRB,2021,23,89539993.6,48674062.61,40865930.99,-4476999.68,0.0,0.0,895770.4,-24719393.46,421.9,2047645.8
GBR,CAN,2016,39,78019667.41,9079092.72,68940574.69,-11702950.11,0.0,0.0,5444097.81,-42352660.41,692.3,9800481.01
GBR,CAN,2017,38,196254263.69,106960183.3,89294080.39,62340128.97,25989132.15,34308237.18,3478944.57,225906762.31,782.1,6237806.98
GBR,CAN,2018,40,128557048.61,62789071.19,65767977.42,25960615.7,5547764.52,6996981.71,9597377.11,72840976.98,409.0,27058116.65
GBR,CAN,2019,26,48717239.23,21673612.97,27043626.26,8549035.1,2025334.89,2150795.8,1299911.39,29698260.63,448.5,2394686.91
GBR,CAN,2020,55,12120090.46,5096330.46,7023760.0,1464511.87,298365.22,384256.69,1965374.57,7213564.01,45.3,10404694.75
GBR,CAN,2021,35,2230487.46,1596708.14,633779.32,-173607.17,0.0,0.0,3580252.59,-876648.04,25.7,8247848.05
GBR,CHE,2016,27,297268323.73,164270819.57,132997504.16,273263258.27,6720649.91,7864277.29,14094555.03,925772224.62,6312.7,62515639.38
GBR,CHE,2017,29,57664428.61,23897501.16,33766927.45,9304275.44,0.0,0.0,4943823.24,47110921.62,463.3,18182289.88
GBR,CHE,2018,28,78677441.81,60498419.29,18179022.52,13941719.84,630286.0,777124.92,341007.22,31754583.01,241.8,1369170.67
GBR,CHE,2019,16,120024658.54,69297204.64,50727453.9,59241197.25,0.0,0.0,18640475.55,271231162.83,671.6,36582990.05
GBR,CHE,2020,28,26041259.52,10605837.39,15435422.13,9065175.95,2963298.46,3734007.68,3021292.92,27399593.81,154.9,6852641.05
GBR,CHE,2021,24,653329783.47,575624663.54,77705119.93,277429887.03,45286655.15,62136586.44,10161869.52,985073460.59,2756.8,26675850.26
GBR,CHL,2016,47,194424419.71,142637008.13,51787411.58,15204742.67,2505633.32,2861088.05,7620358.11,44185321.69,1254.2,41937317.0
GBR,CHL,2017,52,45540303.27,20555085.82,24985217.45,7618129.37,3003049.56,3590962.46,1166297.08,15421844.89,660.6,2367048.87
GBR,CHL,2018,47,16770049.97,632404.02,16137645.94,-2515507.49,0.0,0.0,470866.46,-13200136.75,149.0,2860982.23
GBR,CHL,2019,43,4781511.19,1806327.99,2975183.2,2233114.49,937798.7,1180106.22,2482854.02,5033737.94,32.8,12670120.77
GBR,CHL,2020,19,1466838545.31,1384741073.71,82097471.61,-220025781.8,0.0,0.0,6347633.77,-836933759.78,1135.1,30994574.29
GBR,CHL,2021,36,113377138.49,41249736.09,72127402.4,38729516.48,6742274.43,7381827.34,154674.59,210755130.08,1247.0,591016.03
GBR,CHN,2016,34,68955959.75,45744537.74,23211422.01,2661429.07,1197643.08,1250416.31,2190523.51,7196965.37,370.4,3709256.4
GBR,CHN,2017,45,90761820.45,17142811.89,73619008.56,23536844.88,1387571.2,1675527.89,331523.13,126120920.74,3247.8,1212699.1
GBR,CHN,2018,36,129698574.4,19154166.69,110544407.7,9227633.35,2530015.15,3159147.35,420539.11,35241909.95,1812.5,965733.82
GBR,CHN,2019,35,134065707.88,60120745.54,73944962.34,18887271.13,5298091.81,5512557.39,310477.96,108242654.39,1374.5,1657278.97
GBR,CHN,2020,44,16632239.4,7032582.14,9599657.25,3493709.6,683940.15,869079.63,2045844.68,17498430.03,167.8,3894285.57
GBR,CHN,2021,42,64226458.81,10731972.82,53494486.0,17354308.58,4337456.91,5351750.76,275138.15,74265326.21,311.2,2627423.26
GBR,CYM,2016,27,200859991.62,90629172.41,110230819.22,19358227.45,3257182.33,3318580.1,12522140.84,60931478.47,759.0,27494368.58
GBR,CYM,2017,20,12284128973.39,12038446393.93,245682579.47,1298783386.98,68657465.21,70277115.97,6930745.65,4786139181.25,2545.4,27521611.52
GBR,CYM,2018,26,3041912.61,2184610.1,857302.51,1077514.74,139861.44,160871.96,793955.13,3135778.52,22.4,1930087.77
GBR,CYM,2019,18,119510970.98,104631544.31,14879426.68,53548142.25,2333375.13,2457754.42,2391646.58,196742466.84,237.6,5052463.79
GBR,CYM,2020,29,294907555.5,235908088.9,58999466.61,127679769.55,1933748.2,2632829.66,1525651.7,550586199.22,891.7,8361673.23
GBR,CYM,2021,31,565878142.14,291201541.13,274676601.01,109458549.79,9620824.44,11720630.46,5408670.69,452903993.53,3746.6,35401060.37
GBR,CYP,2016,15,83964418.21,29998374.35,53966043.85,6500682.53,593490.88,691903.07,159990304.37,34825549.34,689.1,289873690.66
GBR,CYP,2017,27,22663433.86,6342871.56,16320562.31,15134709.9,2173821.34,2946672.64,7839131.89,83638232.96,362.4,15671214.68
GBR,CYP,2018,27,110595816.49,61794971.58,48800844.91,72768123.77,14113578.49,19273844.79,4921027.86,354984736.62,672.6,16947060.38
GBR,CYP,2019,19,84353486.92,27777706.97,56575779.95,20400537.5,1886952.17,2455215.97,2451281.97,90536678.6,543.6,17147293.64
GBR,CYP,2020,32,12060404.85,6423366.99,5637037.86,5485128.09,1285009.23,1465712.05,2132421.85,28551568.89,45.0,4506989.67
GBR,CYP,2021,30,681207139.47,627540003.57,53667135.9,456375257.08,81723418.4,110034329.9,9871136.56,2259178299.92,720.5,44507828.31
GBR,CZE,2016,41,52457925.47,4877979.11,47579946.37,9005790.96,1977125.4,2304483.44,1660817.57,45399103.07,881.3,4125002.67
GBR,CZE,2017,37,14147064.38,6679512.01,7467552.37,1048392.13,71642.83,94390.83,4621515.63,2943496.0,174.0,18476893.95
GBR,CZE,2018,43,5668371.08,2932380.75,2735990.33,1866251.35,320738.56,406817.0,550889.45,6217354.79,129.3,2210747.19
GBR,CZE,2019,30,19995302.71,10769671.33,9225631.38,3098392.77,870726.13,1180425.19,382033.92,8916845.07,182.1,669445.71
GBR,CZE,2020,45,801605078.1,211036157.53,590568920.57,117637982.88,31030759.45,38498477.65,124038.81,539258030.24,11400.6,1075479.6
GBR,CZE,2021,34,102049944.64,72633727.55,29416217.08,-15307491.7,0.0,0.0,329506.52,-49691677.86,1792.9,1370053.58
GBR,DEU,2016,31,2129038.0,668945.77,1460092.23,545745.85,71061.13,95146.6,123620.77,2788003.27,37.9,1086548.58
GBR,DEU,2017,31,256985413.3,96654068.99,160331344.31,30440354.53,6452098.83,7206310.74,643898.88,177914422.45,842.5,3859373.47
GBR,DEU,2018,49,121658379.92,59942871.16,61715508.75,8886171.35,1737469.01,1947593.73,4296267.32,23790067.96,469.6,11283791.99
GBR,DEU,2019,23,550430591.87,418520526.52,131910065.35,43098187.43,3812928.21,4719372.35,384562.55,226888787.5,1741.3,2211854.86
GBR,DEU,2020,36,55004426.03,18816995.25,36187430.78,4651059.04,1031624.48,1256952.82,296990.14,21730789.41,194.2,2157701.81
GBR,DEU,2021,59,58303619.9,33186839.39,25116780.52,464311.76,100612.34,102496.01,231666.21,2777344.05,309.3,630002.37
GBR,DNK,2016,40,22497165.83,6215754.87,16281410.97,4737862.71,1312260.82,1334686.78,348476.74,27480256.86,385.7,1205770.34
GBR,DNK,2017,27,4821872.74,1730667.37,3091205.37,1262890.67,374375.41,392174.41,1052174.77,3315991.37,60.9,2735858.36
GBR,DNK,2018,32,27137906.24,5221792.0,21916114.24,-492952.09,0.0,0.0,33469028.8,-2747289.02,277.6,56776425.41
GBR,DNK,2019,34,252451930.61,169135063.92,83316866.7,80192221.84,28858223.04,38977731.16,43501561.78,251663422.78,1115.7,78216449.57
GBR,DNK,2020,23,44455971.15,8630961.68,35825009.46,6036557.55,789399.35,1057500.09,2030339.68,12741100.78,728.4,9549095.5
GBR,DNK,2021,51,87392018.79,37698607.33,49693411.45,27774041.89,11577435.54,12624942.92,3370610.17,70709396.05,801.5,13791337.19
GBR,ESP,2016,37,20257121.06,314120.64,19943000.42,3847761.01,148499.16,196041.29,6443799.61,11412589.23,504.5,18634211.29
GBR,ESP,2017,37,59239827.8,7084518.83,52155308.97,1760282.43,461974.31,616303.57,12148225.3,10327529.08,127.1,38588513.07
GBR,ESP,2018,35,15304603.87,6101665.79,9202938.08,90902.38,20116.93,22866.55,1050506.98,297374.42,142.9,7889270.89
GBR,ESP,2019,33,125747956.61,40870256.64,84877699.97,-13030788.08,0.0,0.0,89156.05,-35928820.36,1008.0,276437.73
GBR,ESP,2020,39,51184569.12,15178918.13,36005650.99,9723872.59,1164158.04,1295955.86,399113.99,23221788.63,525.4,1282258.78
GBR,ESP,2021,39,23740876.04,9474125.48,14266750.57,2836042.44,179671.75,204516.55,1184941.07,16800499.19,428.8,2637460.07
GBR,FIN,2016,44,3848056.86,1057466.75,2790590.11,372550.07,55560.55,70241.15,5857003.67,1830016.95,174.7,29401090.43
GBR,FIN,2017,32,335203742.73,328499667.88,6704074.85,-50280561.41,0.0,0.0,513078.78,-137970739.48,70.3,1352354.03
GBR,FIN,2018,34,16145675.72,3105882.45,13039793.27,2727207.3,685945.58,739584.69,13210597.07,10305079.72,297.7,41519325.3
GBR,FIN,2019,38,12962765.6,5529801.97,7432963.62,526753.29,12522.01,13652.25,2741703.65,1211720.9,588.2,9932219.13
GBR,FIN,2020,34,371369809.63,80921645.66,290448163.96,89824106.66,25086555.74,31270464.9,984396.54,479028202.93,4254.1,3402465.01
GBR,FIN,2021,34,392498585.06,134161684.14,258336900.92,-43357534.32,0.0,0.0,6840035.27,-93190039.94,3885.5,13665364.8
GBR,FRA,2016,32,16494202.62,9325026.13,7169176.48,-2474130.39,0.0,0.0,1590567.26,-13763877.21,286.1,5951543.95
GBR,FRA,2017,32,10092186.66,1144600.3,8947586.37,2049.87,376.46,429.08,1965912.53,5385.22,224.4,4323438.64
GBR,FRA,2018,38,451329810.0,381407686.35,69922123.65,162096548.0,49616185.16,53273633.56,2383202.79,699637200.23,443.3,4554443.6
GBR,FRA,2019,44,118458982.32,80086288.35,38372693.96,28556365.66,2395414.58,3239369.86,988453.3,89560323.53,627.9,3033071.06
GBR,FRA,2020,40,51663537.39,14951837.96,36711699.43,1113873.63,156059.73,185527.32,1787796.36,5076621.59,806.0,6522468.79
GBR,FRA,2021,39,4670034.18,2847872.75,1822161.42,1117666.7,242190.85,270874.77,34446445.35,3538041.77,48.4,64043173.26
GBR,GGY,2016,19,8429736847.3,8261142110.35,168594736.95,4230460814.43,163395365.59,202683527.47,2738183.7,21883300189.49,2781.4,5710585.78
GBR,GGY,2017,24,22298225.08,9891453.11,12406771.98,12733992.16,512972.32,556438.41,460786.65,64105676.98,104.8,4227267.47
GBR,GGY,2018,23,61270423.12,41234215.03,20036208.09,12706259.4,1694994.26,1749333.89,1344221.06,31229581.43,191.9,12081862.78
GBR,GGY,2019,21,29795931.06,2531351.69,27264579.37,8824809.68,1341834.29,1650464.24,2324814.66,49803180.66,364.0,6691117.17
GBR,GGY,2020,28,9308296.33,6732737.68,2575558.65,3171256.81,192989.46,229428.87,23057878.04,12817428.1,76.3,49919644.72
GBR,GGY,2021,30,206879229.13,45559371.21,161319857.92,51878604.94,9780911.48,12004845.88,512603.14,113184746.59,3107.9,3254337.92
GBR,GRC,2016,43,287248667.31,57615705.46,229632961.84,29361655.61,6113542.46,6163778.74,80965434.79,89377597.14,3980.5,135949924.78
GBR,GRC,2017,53,85252016.16,48845027.54,36406988.62,14640099.26,1332542.44,1800244.87,32428459.33,31665554.68,550.8,66656963.63
GBR,GRC,2018,39,12443503.68,4143377.37,8300126.31,499565.99,182657.26,198044.61,11819778.64,2935399.62,112.1,46907582.25
GBR,GRC,2019,49,58909306.61,34387996.66,24521309.95,47217387.36,20667842.53,25521192.74,14134296.99,234739651.79,135.3,40060026.98
GBR,GRC,2020,38,74642208.54,17793268.89,56848939.64,13906481.67,5089161.96,6798864.46,1946494.76,36709083.83,982.8,13976161.93
GBR,GRC,2021,44,257122150.44,131409918.16,125712232.28,53836959.81,15434973.6,18532562.37,3577575.39,301129994.14,665.7,8762364.5
GBR,HKG,2016,31,108501267.64,96658358.83,11842908.81,55821.27,1619.31,1734.64,620345.77,169094.86,291.9,1827183.82
GBR,HKG,2017,18,78805119.2,38373398.44,40431720.75,36377015.05,8035799.3,8375246.87,37928564.47,104927972.61,378.5,71160927.23
GBR,HKG,2018,33,211503953.25,88112600.69,123391352.56,81030601.61,6277352.41,6284562.1,2456494.06,166124145.54,2020.1,7824304.46
GBR,HKG,2019,22,679671301.03,539705032.65,139966268.38,606081341.79,89460509.21,90308318.42,27489305.3,1711801368.72,1306.3,53993020.67
GBR,HKG,2020,30,3938042.12,2589909.27,1348132.85,1781684.68,108288.92,124615.3,1658432.26,10396425.09,26.1,4147222.91
GBR,HKG,2021,24,7994511.88,1746958.11,6247553.77,6123468.51,1148625.92,1317477.76,2177824.95,24739209.15,97.2,8365306.38
GBR,IMN,2016,26,67079046.71,31800593.33,35278453.39,-3353952.34,0.0,0.0,2049140.61,-18593977.87,464.0,3588271.97
GBR,IMN,2017,18,357507606.57,247145054.89,110362551.68,-17875380.33,0.0,0.0,8570316.14,-105767210.69,1625.3,20826872.71
GBR,IMN,2018,27,6456308.63,1929642.39,4526666.24,1506314.49,146457.77,195619.0,3008238.75,8077318.8,91.5,6401225.52
GBR,IMN,2019,30,35648610.81,24013104.49,11635506.31,10225697.66,1017246.84,1345275.37,2765875.8,55385804.76,288.4,7448284.16
GBR,IMN,2020,21,3110426.18,31104.26,3079321.92,-466563.93,0.0,0.0,2356137.87,-964529.73,108.4,5283285.43
GBR,IMN,2021,31,34230120.38,16413544.32,17816576.06,16336829.28,3022623.49,3842223.6,7497051.37,74684685.78,250.8,28988194.06
GBR,IND,2016,38,282523774.38,170593854.45,111929919.93,34924391.63,8727304.0,9966274.1,2672905.32,123026467.94,1272.0,5792363.64
GBR,IND,2017,34,113351364.41,62818442.2,50532922.21,32427520.4,7503725.46,9400071.6,3762710.12,165081115.88,860.5,9960545.44
GBR,IND,2018,37,34893909.37,6308818.88,28585090.49,5299155.68,1376933.57,1810983.2,990268.32,16656146.67,626.8,5382825.66
GBR,IND,2019,40,27287060.55,1036985.47,26250075.08,12290054.19,985142.75,1324521.3,1211737.16,61189287.67,413.9,2955562.16
GBR,IND,2020,29,26598306.87,8444647.07,18153659.79,2953998.18,712453.37,918445.94,875677.42,13011985.44,355.4,3247753.73
GBR,IND,2021,29,123348927.7,81626894.29,41722033.41,12395870.07,771567.28,872821.05,3971884.03,30362202.14,240.5,19140609.46
GBR,IRL,2016,22,18403263.19,7777959.48,10625303.71,12275061.2,88942.95,96998.88,678843.01,25829304.2,211.1,1939363.82
GBR,IRL,2017,15,664291956.5,531158710.14,133133246.36,154438140.44,18142218.11,22700943.34,19345919.27,507655843.82,2834.9,47050619.32
GBR,IRL,2018,23,657403788.85,571917045.97,85486742.89,197154234.41,15146662.45,18040595.83,176206.43,982108571.01,733.5,346486.96
GBR,IRL,2019,21,1486851720.92,1088307279.91,398544441.01,471192004.63,34941275.9,42051409.37,797923.63,1260978309.17,2738.6,2989318.53
GBR,IRL,2020,29,390647689.84,327009159.63,63638530.21,121282225.51,27141721.72,33097179.82,2056447.87,428188970.12,1272.7,5163189.36
GBR,IRL,2021,23,131204282.6,38013363.99,93190918.61,11699513.81,2427806.98,2961960.89,853667.69,65944266.12,1647.6,3023182.63
GBR,ITA,2016,34,114460264.62,35760762.81,78699501.81,10492175.44,2421115.18,2662025.36,3024071.75,44537921.73,1061.8,5253682.25
GBR,ITA,2017,47,244635137.08,85344834.39,159290302.69,-36695270.56,0.0,0.0,1103358.29,-190359172.98,1668.2,3070715.61
GBR,ITA,2018,58,10612267.35,106122.67,10506144.68,1157201.48,508521.46,509640.44,21050103.16,3440983.47,575.4,45853316.99
GBR,ITA,2019,51,84855409.23,71672513.48,13182895.75,-12728311.38,0.0,0.0,8893470.45,-30685127.47,263.5,21536106.93
GBR,ITA,2020,38,7875568.86,3128229.41,4747339.44,905832.43,93313.97,107092.44,3434711.51,2264813.05,188.4,10914745.62
GBR,ITA,2021,43,21959268.79,7699545.7,14259723.09,2766910.17,773422.93,1066514.24,8481441.45,13367511.89,298.9,27053374.5
GBR,JEY,2016,20,49310639.4,34662147.28,14648492.12,23270023.54,655615.69,854070.51,779156.82,71817377.33,454.8,1647813.31
GBR,JEY,2017,27,660442906.03,425668042.33,234774863.7,604001711.69,0.0,0.0,213511.21,1316166817.71,6500.5,907555.02
GBR,JEY,2018,31,520027358.81,442134230.55,77893128.26,146384938.13,13706381.48,14966751.7,4449415.3,526491365.05,1160.9,10446414.13
GBR,JEY,2019,28,1425477718.66,1018928162.59,406549556.08,444367795.38,33928097.43,43112763.26,4367064.51,1302409087.89,2434.0,25996799.94
GBR,JEY,2020,26,99518952.74,47222942.97,52296009.77,36009987.47,7193194.97,8800100.56,31967434.41,215953321.09,729.4,68401230.53
GBR,JEY,2021,25,3520420925.72,2699635565.61,820785360.1,1410648399.42,31227193.48,36441083.37,444668.34,3931754636.19,5218.6,968847.42
GBR,JPN,2016,37,70421833.78,22074287.72,48347546.06,-2160526.63,0.0,0.0,7494207.05,-10283588.46,421.8,23551273.34
GBR,JPN,2017,44,9605718.1,3067611.17,6538106.93,549699.92,174929.3,241821.17,1148889.12,3042948.54,261.4,6948845.4
GBR,JPN,2018,47,395482258.37,235194665.22,160287593.15,43562567.32,14568392.78,19154958.84,4045691.87,191925463.14,1093.9,9422361.13
GBR,JPN,2019,34,288537127.66,179855035.04,108682092.62,65695770.25,21257610.36,29664247.46,365700.98,189746225.19,1681.8,1454090.13
GBR,JPN,2020,34,3323809096.51,1558202955.54,1765606140.98,339523908.37,110793526.3,131420650.96,2360458.26,1872945449.8,12021.3,3976522.49
GBR,JPN,2021,41,164661227.12,77890780.86,86770446.27,4881383.12,1107700.73,1130277.43,2885583.41,25903883.9,1407.4,5323992.54
GBR,KOR,2016,43,42603466.37,26384250.02,16219216.35,2976038.45,673867.42,865208.66,1746997.69,10623467.46,163.9,3651586.75
GBR,KOR,2017,47,11314667.34,3349194.17,7965473.17,2195710.62,537734.89,578007.07,5607479.03,6737241.84,71.6,19731307.16
GBR,KOR,2018,46,29346672.32,4290148.04,25056524.28,4949643.06,967552.68,1173185.29,583843.2,11336492.71,519.4,1789701.97
GBR,KOR,2019,38,38832642.17,16121770.96,22710871.21,19118239.85,4467570.63,5051964.1,841909.56,41054626.08,489.0,6803802.27
GBR,KOR,2020,40,553653525.18,202860083.85,350793441.32,80180759.48,27592717.68,31886665.49,10817737.13,366387825.14,3267.9,19637702.9
GBR,KOR,2021,55,56469170.64,17034788.29,39434382.35,-1151599.4,0.0,0.0,587729.96,-3029381.57,537.8,4962800.87
GBR,LIE,2016,34,150353231.16,87946592.55,62406638.61,55698783.41,6366118.34,6835193.58,1114075.22,149148108.07,718.9,7644521.33
GBR,LIE,2017,18,53851474.72,39296019.55,14555455.17,26352071.0,3998299.95,4604337.32,1912213.09,59313724.96,114.5,3340119.45
GBR,LIE,2018,29,17868407.15,9676678.93,8191728.22,431941.75,0.0,0.0,2440132.12,2591410.06,163.8,9395716.72
GBR,LIE,2019,27,79252875.18,59376487.79,19876387.38,10506566.24,1725979.58,2234980.99,2940963.16,46018523.62,370.5,19928061.76
GBR,LIE,2020,34,2525502535.96,1890436872.02,635065663.93,-126275126.8,0.0,0.0,1702031.13,-555296369.09,3521.3,9415921.86
GBR,LIE,2021,27,20618279.0,8346297.87,12271981.13,12335640.78,334459.35,444020.59,1050450.76,32273585.44,217.8,2298719.42
GBR,LUX,2016,26,80984992.11,47267083.05,33717909.07,33369455.78,961935.62,1005610.62,8978408.0,131090001.01,184.2,21048290.68
GBR,LUX,2017,25,25855500.01,12002454.6,13853045.41,5139106.68,892076.04,1056523.79,14996352.83,20995927.36,225.5,51068224.66
GBR,LUX,2018,25,22830322.46,4262017.3,18568305.17,8982918.56,0.0,0.0,2975408.76,29903938.8,301.1,6305327.06
GBR,LUX,2019,15,17895711.65,11679644.33,6216067.32,1689343.7,342049.61,421903.23,3490635.03,7062663.8,215.2,8691964.29
GBR,LUX,2020,18,629162421.03,150176541.01,478985880.03,219857397.8,28241459.42,36954377.12,2835064.45,591297133.25,1791.4,9726796.54
GBR,LUX,2021,22,534214686.75,511947932.32,22266754.43,192392810.03,5310376.29,6687688.51,11011396.03,808656036.75,256.3,18724845.36
GBR,MAC,2016,33,29806568.63,16889013.57,12917555.06,13400203.54,1984311.35,2239540.71,26412387.25,74686078.18,221.1,50106937.85
GBR,MAC,2017,9,4626285.89,2810087.27,1816198.62,2489472.52,220781.85,227463.54,377227.57,5065725.05,35.4,1348979.72
GBR,MAC,2018,30,21387521.82,15440573.79,5946948.04,13461846.4,0.0,0.0,5014977.66,71142724.74,70.5,9070904.63
GBR,MAC,2019,29,48472750.7,29353629.53,19119121.17,12662372.85,146091.84,149901.01,7215114.26,70735172.24,551.8,27610278.32
GBR,MAC,2020,33,93556637.93,52089573.89,41467064.04,44023720.35,1380431.69,1439232.5,945163.39,161538181.19,765.4,5591661.55
GBR,MAC,2021,22,21289159.84,10372521.58,10916638.26,-1064457.99,0.0,0.0,880199.91,-6024744.6,94.9,7623352.0
GBR,MCO,2016,19,59848998.07,46932528.57,12916469.5,15150298.25,3779874.37,4953758.91,1413554.26,63693958.38,174.8,8257033.39
GBR,MCO,2017,28,35890189.49,25264444.0,10625745.49,14824729.0,2481139.28,2744503.83,19852878.74,83699661.2,191.3,34121517.24
GBR,MCO,2018,30,65020245.26,52533569.59,12486675.67,20096263.89,2333865.04,2564752.69,4739835.03,65736602.86,283.8,12089263.57
GBR,MCO,2019,24,14484290.89,9000568.97,5483721.92,5893346.63,0.0,0.0,4298654.97,30158415.22,83.3,13542872.93
GBR,MCO,2020,21,132841703.63,113860864.25,18980839.38,83753160.73,10845930.75,14562246.16,4750785.25,206996094.45,221.9,16018111.8
GBR,MCO,2021,26,17408454.5,7256706.63,10151747.87,11785993.51,2752122.92,3650681.93,2809042.06,60663860.47,241.1,5057458.06
GBR,MEX,2016,36,28149025.82,281490.26,27867535.56,6323761.45,2007752.5,2289996.41,9058055.37,19090429.81,671.0,15862553.68
GBR,MEX,2017,34,42239795.56,19053955.99,23185839.57,10679470.28,1744682.6,2043097.3,11686384.99,58678979.42,391.8,58361498.66
GBR,MEX,2018,38,38069701.93,10642411.21,27427290.72,8823907.9,1944217.99,2498615.53,1728597.32,23889808.29,470.6,4934845.47
GBR,MEX,2019,53,6928777.86,1675999.04,5252778.81,-276789.32,0.0,0.0,57923726.93,-929375.79,88.6,118087164.98
GBR,MEX,2020,34,31696912.92,19878314.11,11818598.81,3063944.67,864784.42,1089011.27,5481664.4,10019771.85,325.2,14090971.41
GBR,MEX,2021,48,64080195.96,8840412.87,55239783.09,-7190858.23,0.0,0.0,2547768.16,-23793279.95,550.9,5412943.93
GBR,MLT,2016,30,61157855.83,32858878.16,28298977.67,30596623.33,1728777.33,2130710.86,1406992.37,93167495.4,918.9,4117340.29
GBR,MLT,2017,16,2111700257.66,1290827575.82,820872681.83,1609417335.63,0.0,0.0,1450007.06,4901062790.42,6539.2,11917943.6
GBR,MLT,2018,33,8072587.85,3540146.6,4532441.25,3043555.76,1000841.18,1283531.07,5371746.79,12606336.08,56.0,12505565.16
GBR,MLT,2019,27,85135248.1,72379621.29,12755626.81,17643820.8,3038246.79,3843610.95,5828573.5,48526937.93,272.5,10094749.08
GBR,MLT,2020,26,16567362.13,6958214.11,9609148.01,10237430.62,1488862.59,1876931.16,373959.32,53794343.16,351.5,1258537.8
GBR,MLT,2021,20,18703907.87,13486347.4,5217560.47,-935195.39,0.0,0.0,8339520.89,-2726455.56,113.2,40217408.49
GBR,NLD,2016,28,8892789.41,5977247.01,2915542.4,3243598.98,201376.25,272803.17,1490841.49,17355583.58,164.8,11532759.63
GBR,NLD,2017,27,18538084.05,8874895.45,9663188.6,5036287.21,876903.28,1174509.06,2772512.27,10935391.12,384.0,19301449.82
GBR,NLD,2018,36,44521040.79,13904635.63,30616405.15,19561930.87,1497941.16,2053341.07,3995328.4,99242936.27,571.3,6813107.0
GBR,NLD,2019,29,15504772.56,11046007.8,4458764.76,731348.16,117149.9,159217.52,16004382.31,1538690.87,125.5,66955752.69
GBR,NLD,2020,24,6565565.59,1907053.78,4658511.81,3408534.16,377549.14,427539.99,9979916.69,9479644.51,113.5,24176653.35
GBR,NLD,2021,24,3287017237.46,2755940298.19,531076939.28,-493052585.62,0.0,0.0,6839273.76,-1322045703.15,6366.8,13189093.48
GBR,NOR,2016,43,154960797.63,45075064.26,109885733.37,16154813.77,4559023.32,5632495.79,8334148.3,51994422.43,869.4,21448325.26
GBR,NOR,2017,40,242355216.51,100050024.51,142305192.0,50493605.11,8437141.16,9203529.83,2653589.56,299870197.03,1256.3,8175882.83
GBR,NOR,2018,37,133829797.79,61876070.81,71953726.97,17336356.53,2801997.67,2995881.13,585220.21,41748928.28,2913.9,1766136.91
GBR,NOR,2019,42,13441327.25,134413.27,13306913.98,-1706784.74,0.0,0.0,35481413.46,-9147650.58,304.8,154280535.82
GBR,NOR,2020,37,31528155.55,17224043.7,14304111.85,-1710216.25,0.0,0.0,4080587.12,-8280863.66,168.3,10479908.5
GBR,NOR,2021,36,7826861.57,1793802.63,6033058.95,940228.94,227807.45,231834.25,19824156.73,3096976.58,156.5,40883309.1
GBR,NZL,2016,34,13773934.51,7783951.03,5989983.48,-735225.36,0.0,0.0,28858199.48,-3305320.11,235.6,53162983.28
GBR,NZL,2017,42,13637543.56,3201123.28,10436420.29,1371435.42,346558.47,401017.94,4008223.84,6528080.55,119.8,6882976.36
GBR,NZL,2018,48,6237049.81,188900.6,6048149.21,1025412.82,461435.77,576602.96,6003539.73,4792620.04,100.6,11987003.59
GBR,NZL,2019,37,132625568.39,81291747.47,51333820.92,-9953711.18,0.0,0.0,3589686.96,-35744237.05,701.8,12581671.76
GBR,NZL,2020,37,13905357.44,4100563.61,9804793.83,4100507.51,339356.15,449574.59,690484.07,21053928.8,81.9,2704702.68
GBR,NZL,2021,40,72279288.68,28466434.49,43812854.19,-3541168.98,0.0,0.0,1658022.63,-20190218.5,533.4,10689154.87
GBR,PAN,2016,28,2260646.77,216134.98,2044511.79,892647.22,144389.11,147409.86,1272034.26,2279429.77,27.4,4278210.3
GBR,PAN,2017,28,138589863.75,108016405.7,30573458.04,14267048.72,2059938.77,2662439.83,642079.5,56355833.16,237.3,2337789.41
GBR,PAN,2018,36,1311089200.88,639151993.97,671937206.92,609560497.04,21359066.97,24343851.73,4741537.85,3030398852.35,2534.1,21083208.82
GBR,PAN,2019,28,47399154.62,28642015.33,18757139.29,26990660.99,2398976.1,2844232.65,687639.81,66875633.81,459.2,1444092.77
GBR,PAN,2020,26,5349337.29,4384179.7,965157.58,1210745.06,167014.81,187446.0,880470.97,2598463.28,17.2,2801382.21
GBR,PAN,2021,29,20918845.43,17473316.97,3445528.46,-2757375.08,0.0,0.0,9240827.29,-9929512.29,143.5,59709783.49
GBR,POL,2016,40,209128187.45,36937540.11,172190647.33,37397877.08,9377531.6,12688334.34,8730421.57,104656027.95,1597.4,17329288.89
GBR,POL,2017,38,19374704.87,193747.05,19180957.82,3840872.3,655357.77,765964.69,289782.81,10846033.99,313.6,774041.25
GBR,POL,2018,39,30446438.72,304464.39,30141974.33,-2588960.79,0.0,0.0,601560.64,-12106773.43,758.1,1570783.81
GBR,POL,2019,33,175169722.69,77829203.24,97340519.46,23762216.72,5452167.84,7271662.86,2301506.8,125969249.83,837.3,4064779.61
GBR,POL,2020,47,82218465.63,25141396.07,57077069.57,-970745.37,0.0,0.0,361619.89,-3029262.92,445.2,2463936.91
GBR,POL,2021,38,25459741.81,12611015.64,12848726.17,3603443.52,851055.74,1070723.96,51447543.41,18507516.55,124.6,106840434.95
GBR,PRT,2016,30,43784004.45,7001448.72,36782555.73,6425990.1,1073567.85,1120983.24,7835835.63,37062607.25,545.4,15794018.1
GBR,PRT,2017,38,16150467.45,8776371.4,7374096.05,783550.81,168852.66,225836.08,3001526.08,3145727.34,169.0,7035549.45
GBR,PRT,2018,33,22748350.17,6076764.23,16671585.94,9847612.78,2453344.06,2728423.35,29202980.31,20452184.16,565.1,57787353.72
GBR,PRT,2019,33,43893124.23,11289134.91,32603989.32,9386881.78,1388716.9,1881772.79,2649811.11,38551846.38,681.5,6582451.87
GBR,PRT,2020,40,8193334.32,1584600.99,6608733.33,1575618.07,354778.14,489070.95,4253626.04,4966617.84,129.5,8024421.38
GBR,PRT,2021,47,9840995.68,2009952.28,7831043.4,-1355692.84,0.0,0.0,1772855.79,-7233976.77,75.0,10546823.19
GBR,SGP,2016,25,2825518813.1,2769008436.83,56510376.26,2097171321.33,419145895.33,471813215.78,3840451.1,7062461873.1,818.2,6541509.46
GBR,SGP,2017,22,43680202.24,23804915.77,19875286.47,16059944.45,1230738.47,1593570.96,173517.66,88302542.12,188.3,694117.26
GBR,SGP,2018,25,428169603.03,163687047.07,264482555.97,157363792.67,15595865.43,20602185.21,49298738.85,913221016.45,4178.3,164272557.41
GBR,SGP,2019,24,57509888.42,31741416.89,25768471.53,54634394.0,0.0,0.0,7510847.88,299726978.3,476.1,61684768.38
GBR,SGP,2020,21,28170756.54,14959824.63,13210931.91,11824159.02,235772.5,275281.76,665455.7,58894214.04,252.6,3151107.15
GBR,SGP,2021,28,53586482.17,21000289.43,32586192.75,24545250.4,1125872.14,1547442.11,10084235.53,68346742.57,509.5,25177533.4
GBR,SWE,2016,36,59615209.77,26154277.67,33460932.1,29546407.86,7154261.91,8691218.74,1426030.06,92726506.21,699.5,13298542.37
GBR,SWE,2017,41,95186604.32,47200354.81,47986249.51,26988727.84,6969717.03,7549519.62,431572.38,106981140.62,359.5,2231561.45
GBR,SWE,2018,33,34743931.48,8464265.14,26279666.33,5075064.71,469615.45,482198.95,3875859.4,30155915.25,281.0,14104345.45
GBR,SWE,2019,40,60669038.72,23830808.47,36838230.25,9243051.64,3360002.32,3531269.38,7686740.48,27971261.7,836.6,15669789.74
GBR,SWE,2020,38,14542057.96,667909.36,13874148.6,2989006.72,499037.07,540957.5,1479552.88,11692167.92,346.2,5442823.54
GBR,SWE,2021,46,17105478.66,3799366.14,13306112.52,2153484.46,375838.11,384275.06,1131517.27,4648315.68,529.9,3094354.11
GBR,TUR,2016,36,4444302.57,2508296.61,1936005.96,361883.58,117281.3,135032.41,3037213.75,1828507.38,30.5,8927081.67
GBR,TUR,2017,44,107840050.44,37621252.26,70218798.18,28380806.35,6366196.35,8547492.77,6521725.44,118674827.25,1044.0,13326727.61
GBR,TUR,2018,41,104658457.07,91010615.4,13647841.67,13390620.47,3872432.31,4525266.68,93990289.2,79514123.18,215.1,188371401.42
GBR,TUR,2019,35,10275521.63,4867024.03,5408497.6,1850175.33,78796.87,97580.83,452908.52,10792271.56,83.8,2536578.61
GBR,TUR,2020,32,329021133.55,74597842.88,254423290.67,64475796.04,9206416.76,11388810.09,240175.68,283760853.47,3552.7,709084.09
GBR,TUR,2021,36,40183558.14,19814410.92,20369147.22,8875486.74,1380297.31,1834700.51,4147679.62,38569384.59,335.7,6957930.58
GBR,USA,2016,28,16845277.53,6794146.58,10051130.95,2295802.14,462430.87,639429.57,834406.31,13318773.31,209.7,4407518.46
GBR,USA,2017,38,25740833.62,15474009.93,10266823.7,7986569.07,1481015.71,1834619.29,853912.8,34868636.68,191.7,1692002.92
GBR,USA,2018,39,19318006.68,3827609.87,15490396.81,-114441.69,0.0,0.0,7704353.36,-259807.09,340.2,19358629.71
GBR,USA,2019,42,97147610.18,46357677.87,50789932.31,18163636.28,3036296.52,3874817.38,2150805.04,71985000.38,591.0,11563571.21
GBR,USA,2020,36,391760.77,128047.6,263713.17,49796.85,19043.98,19956.19,1234585.0,159905.6,9.9,5625930.55
GBR,USA,2021,38,19585415.12,7053879.58,12531535.53,5136824.14,466835.78,535653.99,2484920.08,23026212.49,273.9,7092465.68
GBR,VGB,2016,23,39922543.84,26226720.54,13695823.31,13501213.54,650895.99,773211.98,9399647.24,78998701.8,304.7,19815189.99
GBR,VGB,2017,29,870537847.36,480396919.57,390140927.79,334020742.99,5674706.42,5988688.7,2423615.2,760168126.89,7913.7,15282003.91
GBR,VGB,2018,21,37088421.94,17989892.53,19098529.41,544489.68,4839.53,5559.94,11731931.54,2505839.65,130.5,26872185.16
GBR,VGB,2019,16,855755647.58,330226736.14,525528911.44,155729572.73,31031443.78,41302071.71,428595.21,497162939.35,5227.2,3341392.27
GBR,VGB,2020,32,72511028.28,43876941.3,28634086.98,-1151819.34,0.0,0.0,507741.01,-4084704.27,478.7,4379017.86
GBR,VGB,2021,28,43850984.14,19413727.09,24437257.04,10965155.21,0.0,0.0,22978.75,22319801.22,495.6,200061.15
GBR,ZAF,2016,50,181596793.57,93325887.12,88270906.44,46246249.31,15405980.14,17821178.77,7672195.62,243476008.24,1817.9,16841418.61
GBR,ZAF,2017,41,345777281.89,120354059.86,225423222.02,60925833.46,10834712.41,12838847.8,1158310.38,341341900.62,3970.1,4738891.12
GBR,ZAF,2018,51,80260277.65,25423989.95,54836287.7,11611152.89,1937945.09,2242579.91,123316.9,50211957.59,982.8,852827.48
GBR,ZAF,2019,42,121937051.27,3232927.17,118704124.1,22061386.75,2312910.91,2493392.34,16709860.64,75771611.15,2173.5,41611833.6
GBR,ZAF,2020,30,16588235.25,9734173.93,6854061.32,2153546.95,969096.13,1014611.43,15369888.12,4518670.36,86.8,75463499.74
GBR,ZAF,2021,36,3560564.5,972450.63,2588113.87,1079027.98,258386.91,298445.67,1749685.35,6345184.26,69.8,4624887.03
DEU,AUS,2016,47,146906821.7,52526944.36,94379877.33,17313496.47,2267832.13,2719282.06,529819.17,64659939.8,1028.7,1570938.66
DEU,AUS,2017,38,73838421.17,8219947.03,65618474.14,8307819.8,2040515.19,2570695.95,79804.71,41013646.73,1479.0,543549.57
DEU,AUS,2018,39,92751154.61,37913346.22,54837808.39,21126191.64,1828489.24,1864944.59,794528.19,62401462.1,605.3,1730810.1
DEU,AUS,2019,43,39053197.54,8304096.43,30749101.11,12603158.15,274312.88,319027.82,451164.06,68855050.05,2331.5,1717513.81
DEU,AUS,2020,45,29859528.39,2661253.38,27198275.0,3197987.97,732733.51,1025106.83,6230391.45,12732726.09,1238.2,18122390.14
DEU,AUS,2021,35,65427965.6,18649221.34,46778744.25,20350026.61,4166425.2,4939823.76,450095.98,83042602.61,643.8,1827628.98
DEU,AUT,2016,38,112869553.59,44561618.99,68307934.6,72098431.79,9693455.52,10645480.03,7015343.23,416865800.4,528.1,14845128.54
DEU,AUT,2017,46,5526493.3,2687844.33,2838648.97,-821802.91,0.0,0.0,1274216.93,-4358085.68,94.3,10232652.8
DEU,AUT,2018,35,21007229.31,7330601.85,13676627.46,255419.14,61814.65,69118.84,1380144.24,540426.98,178.4,3979445.78
DEU,AUT,2019,38,452965752.38,208412066.91,244553685.47,30766655.51,7535104.54,8166037.58,17071143.97,172294636.69,2582.1,46183976.46
DEU,AUT,2020,42,1834772096.34,481775002.92,1352997093.42,329749607.79,53731558.86,55115364.38,7646806.64,1874992641.28,35126.3,15983204.21
DEU,AUT,2021,38,77626202.34,49337289.33,28288913.01,-11643930.35,0.0,0.0,11696342.57,-26992060.54,704.2,38697199.12
DEU,BEL,2016,39,13516399.21,5066175.51,8450223.7,899420.05,137460.47,150924.48,1217997.96,1846948.75,166.1,3163692.93
DEU,BEL,2017,45,21859472.86,11763634.01,10095838.85,3942773.5,548805.1,622766.08,640235.97,9391751.62,197.6,1311068.49
DEU,BEL,2018,38,51613352.39,17473942.33,34139410.06,-787486.56,0.0,0.0,8159644.14,-4183997.22,346.2,19049441.78
DEU,BEL,2019,40,6186563.49,1653087.85,4533475.64,250301.35,40888.45,52311.07,1755156.76,1278233.02,105.8,15759587.18
DEU,BEL,2020,44,4164764.29,286294.7,3878469.58,350532.72,43648.44,52600.97,8870350.0,1069219.73,36.3,18421696.07
DEU,BEL,2021,40,119033640.9,71416325.12,47617315.77,89307783.9,14921413.95,17421502.89,4068304.55,510120131.63,744.1,11771018.11
DEU,BHS,2016,27,250192246.78,120683405.18,129508841.59,130471634.44,0.0,0.0,2321253.02,670228795.23,525.6,4365981.48
DEU,BHS,2017,31,83227054.05,65045848.59,18181205.46,-4161352.7,0.0,0.0,1362764.33,-24334180.01,179.5,6101168.79
DEU,BHS,2018,31,159483963.89,131470468.7,28013495.18,87594633.51,0.0,0.0,741885.64,416483430.15,563.3,2316191.44
DEU,BHS,2019,28,2743360459.38,1947677749.3,795682710.07,992228411.25,35312610.81,48707673.69,548553.68,3170381560.97,6133.6,1211582.17
DEU,BHS,2020,20,560143441.94,421582023.04,138561418.91,-84021516.29,0.0,0.0,2492314.74,-220895073.18,707.8,10522164.51
DEU,BHS,2021,27,46726282.64,15285389.33,31440893.3,8215434.94,1150864.29,1298863.49,10484550.78,48181264.98,914.8,22808887.77
DEU,BMU,2016,27,25130358.98,4707750.39,20422608.59,5837599.44,0.0,0.0,1651689.47,27806928.19,383.6,8014655.57
DEU,BMU,2017,32,36893073.4,30611938.0,6281135.39,3540361.99,440657.91,582970.85,4869598.9,20293096.65,105.1,25909524.88
DEU,BMU,2018,33,65970264.35,38642098.2,27328166.15,-9895539.65,0.0,0.0,4708316.26,-39337212.06,665.7,8101691.28
DEU,BMU,2019,18,43294112.83,14162638.46,29131474.37,16941353.3,0.0,0.0,289604.39,69464732.05,1137.5,644595.27
DEU,BMU,2020,27,16023021.15,6774728.99,9248292.16,3653470.67,0.0,0.0,2530861.57,8413007.88,128.7,5007812.94
DEU,BMU,2021,22,23633276.43,17153992.45,6479283.98,21549249.64,1155404.81,1184766.86,1204980.22,114188197.88,228.7,5676762.07
DEU,BRA,2016,44,53609960.31,24462063.3,29147897.01,8450726.63,2277859.85,2770737.35,4174100.88,23501331.97,287.6,11446771.89
DEU,BRA,2017,28,20829226.87,11413386.69,9415840.18,731234.92,153921.76,157108.29,4861605.46,1492219.3,163.7,15245307.79
DEU,BRA,2018,35,138595578.48,25733279.52,112862298.96,41164214.61,3194990.19,4040014.71,2079162.38,241830641.95,1273.2,4204469.94
DEU,BRA,2019,39,55864636.06,27203565.27,28661070.79,11864841.16,1264011.92,1480737.89,2322728.83,33231346.27,312.6,6630100.18
DEU,BRA,2020,51,9588074.72,5786443.5,3801631.22,2293585.18,498143.98,664473.84,686749.84,11382707.3,114.2,4975518.61
DEU,BRA,2021,36,8961184.41,2145070.0,6816114.41,2455748.4,623044.39,765923.76,318726.78,14320607.39,193.7,2798498.98
DEU,BRB,2016,19,160245468.79,148191021.0,12054447.79,-1628326.73,0.0,0.0,33773164.67,-6023226.92,475.9,101581602.43
DEU,BRB,2017,30,58416628.95,35164769.65,23251859.3,13797193.35,1891652.38,2506993.97,98610264.98,75028991.45,243.5,326399639.11
DEU,BRB,2018,22,5249782.39,4433406.61,816375.78,887106.91,12873.6,14164.58,4180496.38,5109309.35,37.5,10358300.9
DEU,BRB,2019,30,321073004.17,267094264.99,53978739.18,143481077.85,15362645.95,18903413.75,5796684.34,748100035.84,1700.2,13746223.06
DEU,BRB,2020,32,83153858.05,66093391.85,17060466.2,961556.2,26980.41,32641.98,4637965.05,2864235.22,298.8,33548828.14
DEU,BRB,2021,18,942849723.53,617997532.58,324852190.95,487501186.72,83767787.0,107947779.56,5824754.32,2491471885.71,8587.0,15645254.27
DEU,CAN,2016,35,27165352.94,8395422.09,18769930.84,3899740.04,723055.18,831676.41,1033618.92,21884450.49,220.2,4965277.77
DEU,CAN,2017,48,108518042.8,12536861.48,95981181.32,22138104.44,5565080.5,7097535.08,2926865.76,64142359.24,921.6,6285295.3
DEU,CAN,2018,39,6069136.48,2439565.7,3629570.78,293274.07,38444.09,51050.09,11016735.46,1212726.18,57.0,19813456.38
DEU,CAN,2019,43,158861764.08,98317873.41,60543890.67,79718934.11,33635320.05,41638758.55,5903898.08,218297449.04,947.6,28650382.79
DEU,CAN,2020,40,105441728.53,64509368.67,40932359.87,43338084.87,19502138.19,23547045.51,1435666.02,113222801.42,602.2,4099990.85
DEU,CAN,2021,37,30777742.57,13803392.57,16974350.01,6643354.19,727838.45,969015.83,994456.62,17944639.81,206.5,1872876.29
DEU,CHE,2016,34,247419027.01,3979568.81,243439458.2,120135115.76,1823497.44,2301626.46,11945608.46,573251974.8,1052.8,23970472.57
DEU,CHE,2017,24,42344874.8,36791663.76,5553211.04,17585409.13,136823.66,154711.15,207993.73,74862051.17,93.0,823017.58
DEU,CHE,2018,21,1155783925.26,1132668246.75,23115678.51,406969397.01,75151248.95,101535417.73,11500936.41,1277162163.41,272.8,46810776.7
DEU,CHE,2019,30,14025933.88,10491555.65,3534378.23,6842963.41,0.0,0.0,568251.38,40902955.15,162.1,5558842.34
DEU,CHE,2020,27,127229517.94,103115606.67,24113911.27,19392791.47,2057395.98,2070145.37,440044.79,67753861.4,1156.8,4189447.55
DEU,CHE,2021,30,249514324.09,211792415.79,37721908.29,124602604.15,0.0,0.0,13774609.31,552034119.18,212.1,34506222.6
DEU,CHL,2016,34,628038336.82,6280383.37,621757953.45,-2618648.04,0.0,0.0,8385224.84,-12687221.58,5590.7,18214328.92
DEU,CHL,2017,33,1462572632.42,1407574832.19,54997800.23,-114467313.82,0.0,0.0,1525969.51,-560925552.93,794.5,6557118.34
DEU,CHL,2018,42,30571188.73,9047369.61,21523819.12,5930967.83,595186.73,768028.71,107248.65,35573141.08,1050.2,690754.33
DEU,CHL,2019,38,58398188.02,29594618.91,28803569.1,11191009.32,2632667.86,2634009.2,1363893.17,53282642.7,1291.3,12216914.5
DEU,CHL,2020,40,12516523.34,5015116.33,7501407.01,2790393.7,457699.01,633473.85,2116934.74,6759827.06,134.5,10064225.04
DEU,CHL,2021,46,51437884.25,8497396.25,42940488.0,14135562.37,2614609.71,2752968.47,3702313.93,65352240.91,834.3,6398440.75
DEU,CHN,2016,46,31130169.22,14033195.03,17096974.19,3528962.92,0.0,0.0,2656851.93,20278503.32,770.4,5472217.6
DEU,CHN,2017,34,128533217.47,32612294.04,95920923.43,13413691.63,5843341.59,6896185.04,1149682.28,30793148.16,976.3,4487705.04
DEU,CHN,2018,45,21242795.83,4354197.03,16888598.8,2665063.71,858673.37,1148830.64,4999310.61,7572443.75,410.4,13208870.42
DEU,CHN,2019,37,1202766607.2,351163220.85,851603386.35,220227249.75,0.0,0.0,142751.63,740087652.51,14730.2,1169689.96
DEU,CHN,2020,32,18241215.28,6241093.71,12000121.58,2628407.24,202317.24,275654.34,10119992.44,14643201.84,118.8,19719463.91
DEU,CHN,2021,25,80379230.82,52330296.32,28048934.5,12954444.27,2490861.06,3098243.95,1387937.67,28456536.77,1121.7,6726398.71
DEU,CYM,2016,30,25593753.91,12721253.15,12872500.76,-836662.92,0.0,0.0,16391517.57,-3777919.52,1134.7,37149152.75
DEU,CYM,2017,28,139551713.2,107300903.83,32250809.38,12424500.43,0.0,0.0,2103817.67,59315557.7,289.1,5520754.31
DEU,CYM,2018,29,332439698.0,250820150.13,81619547.87,64686386.8,13804555.55,18015602.38,6546379.04,200558092.12,598.1,24485817.54
DEU,CYM,2019,34,6374286.81,3706804.68,2667482.13,30694.28,0.0,0.0,9213768.51,65994.61,107.8,31288866.13
DEU,CYM,2020,22,33425638.37,16848244.86,16577393.51,10638054.56,657305.7,911397.36,1544241.99,31630718.18,161.0,11589576.23
DEU,CYM,2021,24,2550091098.18,2499089276.22,51001821.96,1415469131.99,152082801.58,211932828.98,8961169.75,7610595637.23,612.0,20569578.82
DEU,CYP,2016,24,21625369.96,13112691.59,8512678.36,7006481.1,293460.77,300648.65,7967042.59,34738050.39,151.2,18405445.42
DEU,CYP,2017,23,1154061.5,358034.56,796026.94,1037726.68,0.0,0.0,7298020.19,5597872.64,22.8,15998697.48
DEU,CYP,2018,31,87671220.4,78251008.67,9420211.74,26825924.06,0.0,0.0,3558047.5,95269916.5,53.7,6536942.17
DEU,CYP,2019,23,46936134.43,25337806.35,21598328.08,17784691.26,0.0,0.0,14640960.6,75737853.71,446.9,39319743.88
DEU,CYP,2020,28,30815984.26,19027129.61,11788854.65,12424877.0,364039.62,483925.12,1194766.75,34455583.66,331.8,3225949.41
DEU,CYP,2021,25,20109656.54,13743342.09,6366314.45,9631020.53,191512.43,250944.25,1485776.01,29087469.46,70.6,3881900.59
DEU,CZE,2016,41,146865985.09,54973570.84,91892414.25,61389846.15,13172737.05,16772614.96,16144884.96,264291715.44,1365.3,28485486.32
DEU,CZE,2017,43,210053820.99,100238954.27,109814866.73,26075443.25,1582556.06,1709774.72,25882604.49,122226232.66,1547.6,52712294.33
DEU,CZE,2018,35,45782506.58,21368922.99,24413583.59,-4646220.61,0.0,0.0,1065020.48,-17168848.65,424.6,5492452.38
DEU,CZE,2019,51,57364592.66,29597714.76,27766877.89,5023065.36,2087888.06,2919920.43,365110.82,28387544.47,621.3,1694869.84
DEU,CZE,2020,34,8713859.27,2140872.53,6572986.74,2824938.87,383718.15,456745.64,4507658.95,14577574.97,187.9,8230994.95
DEU,CZE,2021,39,54415332.82,31044178.45,23371154.38,8040118.07,2877500.94,3869846.18,4311272.56,22499950.03,325.0,14767415.91
DEU,DNK,2016,43,10442724.8,4945168.68,5497556.12,1664017.95,224377.31,311808.02,113264.64,8624580.92,78.4,899828.44
DEU,DNK,2017,43,44360071.59,2642645.75,41717425.84,9044769.91,1284718.98,1731189.24,2250045.26,43270505.0,345.7,8269848.9
DEU,DNK,2018,38,247425320.51,40170316.47,207255004.03,43830029.3,7822688.39,9541728.66,13422573.34,116200150.75,5427.3,27317407.22
DEU,DNK,2019,31,30770264.38,20551832.05,10218432.33,3193118.4,905443.09,1062501.64,25152933.13,14720122.29,202.0,43287055.49
DEU,DNK,2020,45,138370050.76,31924964.87,106445085.9,14007305.92,2997794.15,4107374.72,5976826.13,36994662.61,2140.3,17750214.65
DEU,DNK,2021,37,139839456.98,53113504.29,86725952.69,-3540620.87,0.0,0.0,395378.43,-8116054.57,2072.8,1331123.54
DEU,ESP,2016,43,71492888.47,15008231.89,56484656.58,-28731.54,0.0,0.0,4683692.7,-151468.81,963.6,15594871.59
DEU,ESP,2017,28,69482007.34,18591714.77,50890292.57,15507533.87,2505676.27,3479937.13,1831450.74,66590548.46,1198.7,10808082.73
DEU,ESP,2018,31,174021331.06,23936224.46,150085106.6,18333916.8,334141.06,451022.71,5384892.66,68338031.45,4030.9,10861318.11
DEU,ESP,2019,40,11338061.9,2037156.86,9300905.04,3460359.61,687629.48,873944.62,1558094.04,17684288.72,142.3,2687367.36
DEU,ESP,2020,49,75538601.01,15910007.8,59628593.21,25590088.4,4194242.25,5855050.63,944977.14,116292840.48,576.5,2264981.74
DEU,ESP,2021,47,12664191.87,5498392.17,7165799.7,-541316.92,0.0,0.0,8715137.17,-2044938.2,162.3,18846910.26
DEU,FIN,2016,30,91271648.32,24495394.99,66776253.32,-4675497.05,0.0,0.0,5579152.68,-14867272.89,1538.0,13556065.0
DEU,FIN,2017,44,10540388.05,3656062.98,6884325.07,2553487.18,373626.32,497827.38,1542085.13,13771113.27,107.4,3040935.28
DEU,FIN,2018,32,34679274.65,15471714.95,19207559.7,14886130.97,2691266.75,3603190.5,47291306.29,54048221.49,903.3,98086465.02
DEU,FIN,2019,33,534231511.97,384568198.76,149663313.22,208633180.72,82077259.97,107244025.59,1371547.27,887872321.33,1342.8,12607876.77
DEU,FIN,2020,44,299164728.66,293181434.09,5983294.57,-38038830.78,0.0,0.0,1578067.98,-135489369.3,221.0,5623160.36
DEU,FIN,2021,47,9888190.11,2254163.4,7634026.7,-1483228.52,0.0,0.0,2894991.87,-5730998.89,89.6,6853897.55
DEU,FRA,2016,36,34888743.41,18866793.51,16021949.9,5679342.07,598929.07,790759.57,8843782.36,12116904.15,198.3,17755718.11
DEU,FRA,2017,45,33294825.88,8997226.68,24297599.2,10644559.65,320053.24,352033.23,2454883.78,58289268.44,964.1,4128096.57
DEU,FRA,2018,35,19233851.82,2668444.94,16565406.88,384245.01,108516.49,149324.55,1822330.27,924952.71,238.9,3411713.79
DEU,FRA,2019,45,102549992.97,23712066.25,78837926.72,15435854.29,1173217.74,1502968.89,1969863.5,35295102.25,819.6,13069633.69
DEU,FRA,2020,24,22537248.82,12951373.69,9585875.13,3280953.87,267336.07,332694.1,32274531.8,16541089.74,322.9,101905495.26
DEU,FRA,2021,44,510091869.32,344511747.03,165580122.29,47986169.49,9830504.64,12997088.54,844966.26,269839849.92,1101.2,4077604.3
DEU,GBR,2016,45,124456759.68,77925599.76,46531159.92,11203317.42,2152260.31,2733195.95,2484304.44,39929633.76,595.7,7169703.07
DEU,GBR,2017,35,5643416.61,3555495.49,2087921.12,1693996.72,378159.09,417704.83,34661917.57,7204664.04,42.3,57981181.73
DEU,GBR,2018,36,2074491664.96,2033001831.66,41489833.3,355422731.88,116750703.42,138412458.44,3171050.73,2078681530.06,1416.6,7178023.69
DEU,GBR,2019,39,622998566.9,580521478.43,42477088.46,293265083.86,73373071.23,90864052.62,26376467.41,1351625980.51,585.9,61554018.98
DEU,GBR,2020,46,8788704.37,1770528.53,7018175.85,688574.63,67369.92,91514.72,2569125.09,2087359.29,188.3,9176005.07
DEU,GBR,2021,39,129998592.87,57694045.91,72304546.96,-3915452.21,0.0,0.0,3060823.21,-20656318.86,366.7,5273792.87
DEU,GGY,2016,28,52310190.8,20260404.71,32049786.09,6704064.64,192714.92,209533.48,6921654.77,39237074.79,389.2,35721880.1
DEU,GGY,2017,25,46854423.09,30674960.27,16179462.81,19907208.95,2629742.66,2923435.07,3723687.66,57323416.27,369.9,11438401.96
DEU,GGY,2018,23,45713799.23,36287955.42,9425843.81,-2285689.96,0.0,0.0,1838419.92,-6224493.26,140.5,4832104.7
DEU,GGY,2019,31,122421357.77,94054491.53,28366866.25,2473588.51,359776.88,408537.64,6860711.18,10543094.09,318.2,12657781.97
DEU,GGY,2020,25,86847226.38,53814784.95,33032441.43,4696187.45,651748.8,851872.4,9030103.7,22841874.08,978.4,40814511.02
DEU,GGY,2021,22,78525365.26,38099750.28,40425614.98,6163810.67,832348.26,1153521.57,2953033.44,30538732.66,386.0,11178912.97
DEU,GRC,2016,52,28165444.97,3252491.21,24912953.76,-167063.09,0.0,0.0,2094231.44,-505390.46,263.3,10078487.44
DEU,GRC,2017,37,9538409.32,4099236.27,5439173.04,1491691.26,231910.59,321346.05,726227.8,8185658.29,194.0,4577554.91
DEU,GRC,2018,48,251083604.36,140865175.9,110218428.46,16394777.96,4668133.3,6532910.7,2369619.65,71508218.19,1594.3,5086288.67
DEU,GRC,2019,48,16047835.01,3990219.92,12057615.09,1276756.39,231387.27,240126.26,128081.53,5682172.35,231.6,295407.79
DEU,GRC,2020,43,205254592.56,146515282.67,58739309.89,42410442.51,8884255.67,9473564.23,15071793.74,159965687.52,525.2,53536091.61
DEU,GRC,2021,40,101816628.57,67814323.83,34002304.74,-7709250.46,0.0,0.0,8966798.04,-45481040.11,166.0,46971636.93
DEU,HKG,2016,29,333300661.11,228035251.18,105265409.93,61485858.41,12127713.67,12803592.41,4182948.88,179612537.98,3050.1,24157644.82
DEU,HKG,2017,28,18257535.16,7074623.68,11182911.48,5842736.35,874139.66,1079877.57,645626.99,32337662.14,185.4,6180075.43
DEU,HKG,2018,31,229021903.61,173969084.3,55052819.31,32624923.63,5466814.38,5963821.37,11129606.42,146043920.08,654.0,102306424.17
DEU,HKG,2019,17,83150449.11,44675268.2,38475180.92,2218504.45,234938.87,236505.63,933410.62,5906297.78,628.2,4985330.97
DEU,HKG,2020,19,975467032.87,403194581.96,572272450.91,-48773351.64,0.0,0.0,1642792.31,-113098687.22,7757.7,6412083.26
DEU,HKG,2021,29,81436777.01,54249159.55,27187617.46,52548476.23,11089084.73,12390237.25,4370923.21,246789543.69,427.9,9527027.82
DEU,IMN,2016,30,7673330.11,4893145.45,2780184.66,-383666.51,0.0,0.0,13166542.18,-1757318.17,18.9,37589364.6
DEU,IMN,2017,26,13154474395.08,12891384907.18,263089487.9,2268302295.87,993231876.11,1100277128.19,46610576.37,12506644610.24,4401.0,122556771.06
DEU,IMN,2018,18,118639526.4,84558865.2,34080661.21,47885572.67,8071890.55,8273753.52,3329000.0,121522468.43,965.8,12039460.16
DEU,IMN,2019,19,324556689.2,119075525.95,205481163.25,74215795.13,14818468.86,16173273.7,23715611.02,255684054.26,1759.8,45833790.14
DEU,IMN,2020,32,4877568003.43,3169023075.88,1708544927.54,527859976.08,64320874.74,84268558.75,1222044.96,1604173562.86,12080.9,3143283.26
DEU,IMN,2021,25,71789292.51,27724925.32,44064367.2,48453254.63,5288333.95,5812360.11,3585045.56,161814816.8,1707.5,13003325.04
DEU,IND,2016,40,53079289.35,7302217.43,45777071.92,8917799.85,1504023.84,1567944.19,312151.71,26557361.99,598.6,2651567.4
DEU,IND,2017,24,146983697.12,97079213.74,49904483.37,42254522.21,6261097.44,8682786.19,5159268.94,155222610.98,630.4,40685110.12
DEU,IND,2018,46,4653485.19,1067688.32,3585796.87,1073148.42,201860.54,252530.12,2345618.11,2883317.14,52.2,4176248.2
DEU,IND,2019,39,220898181.38,106977026.62,113921154.77,34963382.41,8446604.27,9417881.09,22033918.95,96844285.45,1122.1,51920357.04
DEU,IND,2020,44,14874099.76,2939863.26,11934236.5,-778707.5,0.0,0.0,4211222.07,-4169158.58,157.5,9573291.13
DEU,IND,2021,47,385361165.08,75584565.83,309776599.25,17982057.52,1612906.07,1734169.53,2794500.37,41405109.0,6451.0,15734748.68
DEU,IRL,2016,31,44232215.32,442322.15,43789893.17,28480344.87,8183471.67,8426188.88,510990.67,72022159.79,675.9,940598.07
DEU,IRL,2017,28,78554084.84,33756140.22,44797944.62,20165288.52,784798.3,792850.62,550555.49,60973930.44,1172.3,1114025.19
DEU,IRL,2018,24,2713421.04,1272548.32,1440872.72,144358.66,10872.58,12132.69,8730847.69,712754.01,147.8,16263174.24
DEU,IRL,2019,27,9360470.67,2881699.32,6478771.35,3556771.21,514293.99,678489.4,5057133.34,15988403.08,90.0,9673412.07
DEU,IRL,2020,23,11774569.51,5796395.6,5978173.91,6148799.53,34868.9,35091.26,1906717.91,25416146.54,121.3,3209901.67
DEU,IRL,2021,24,26043330.4,22088791.6,3954538.8,6797568.65,460387.93,568006.91,355981.86,20814834.15,197.1,2203926.95
DEU,ITA,2016,31,151951256.28,18834378.47,133116877.81,11292223.26,2497712.87,3099468.92,5487265.11,24828754.49,1752.9,14112051.3
DEU,ITA,2017,32,158865541.79,43930575.94,114934965.85,50252521.98,13241774.68,15080837.99,5435701.97,231712990.31,1120.8,22819676.2
DEU,ITA,2018,39,116620649.39,81033593.98,35587055.41,-5011457.01,0.0,0.0,362019.63,-13097752.1,321.3,1859147.74
DEU,ITA,2019,40,614350651.64,377275973.51,237074678.13,54880636.22,8522559.03,9269281.65,11748192.25,231661952.0,1758.9,27182799.65
DEU,ITA,2020,36,983380.86,52256.76,931124.1,-6680.96,0.0,0.0,3225705.21,-24498.51,70.9,7409257.77
DEU,ITA,2021,29,8414994.28,4499466.63,3915527.64,187008.49,55334.34,64035.75,3574245.55,376816.44,171.4,24494938.79
DEU,JEY,2016,22,59828986.03,37087934.92,22741051.11,41921782.92,1401477.13,1679286.23,6082452.29,221725424.85,653.2,13920325.8
DEU,JEY,2017,28,10421763.59,7865216.73,2556546.86,944120.27,89258.42,114601.86,2088363.33,5554677.08,31.1,3755909.74
DEU,JEY,2018,26,21826625.25,11421550.6,10405074.64,9182059.88,1584499.42,1941248.1,155318.9,26191697.75,252.6,407128.59
DEU,JEY,2019,24,12270959.96,6260778.52,6010181.44,5062138.86,332397.37,450597.77,3554484.19,23681113.8,230.6,10831967.21
DEU,JEY,2020,31,19930358.12,4830352.75,15100005.37,-325135.1,0.0,0.0,9863290.07,-1748140.43,264.0,16971497.41
DEU,JEY,2021,23,163426247.22,124057623.16,39368624.07,68239761.93,2615077.96,3170191.47,41289464.43,358375644.13,471.6,80979637.85
DEU,JPN,2016,30,230141057.86,2301410.58,227839647.28,137426858.07,20474549.04,27597694.23,2129027.54,670034038.43,1798.3,8355470.05
DEU,JPN,2017,50,7306355.11,1598274.16,5708080.95,-33567.08,0.0,0.0,7743381.68,-179443.51,110.3,48676078.55
DEU,JPN,2018,48,2829963.74,337042.32,2492921.42,315729.91,76008.95,80651.01,129184.9,1590409.44,80.5,506607.71
DEU,JPN,2019,28,9202444.84,5521355.3,3681089.54,2206227.28,529961.27,544646.92,2598141.01,12667053.36,98.9,14921460.86
DEU,JPN,2020,44,128554994.36,70738012.85,57816981.51,76160798.37,10732191.52,10924429.59,2753916.77,328348490.05,371.6,7544305.07
DEU,JPN,2021,33,18300662.62,5815407.86,12485254.76,1550023.19,407878.61,528117.7,3324418.31,5210345.19,354.7,9644237.96
DEU,KOR,2016,44,62930814.94,43038201.1,19892613.84,8855172.45,995956.8,1380102.98,5041479.89,50766305.39,465.0,15128583.4
DEU,KOR,2017,31,63855751.88,32626575.72,31229176.15,11648572.26,1724307.82,1849633.13,5560168.1,27483643.4,813.9,24901077.17
DEU,KOR,2018,40,129172621.48,19244470.8,109928150.68,18342613.64,3979171.41,4990312.65,10778958.73,69916619.15,2121.3,29339539.1
DEU,KOR,2019,47,49175249.96,24576735.71,24598514.25,-2528316.08,0.0,0.0,8023573.71,-10438178.54,525.7,19639467.25
DEU,KOR,2020,42,246965167.19,90540554.87,156424612.32,4981090.88,543936.77,552398.41,4716254.32,22319453.3,1906.6,37947750.11
DEU,KOR,2021,38,45024405.01,21470672.85,23553732.16,550142.82,164842.87,190111.29,12911094.54,1322996.94,854.9,22417657.55
DEU,LIE,2016,30,13632774.77,5469586.28,8163188.5,4845027.53,878887.71,973447.25,3843258.08,25511781.51,272.9,6484206.85
DEU,LIE,2017,26,101593367.81,48261528.01,53331839.81,3663103.64,275382.49,354279.36,1446906.19,18879916.87,4998.7,2800374.51
DEU,LIE,2018,19,161874040.13,133429418.41,28444621.71,28153776.45,2037566.41,2237993.34,2269361.49,127422134.8,426.4,11789739.51
DEU,LIE,2019,21,137933253.65,111563458.28,26369795.37,45427468.66,5010193.64,5990139.67,1209343.54,227825108.68,270.1,6398934.44
DEU,LIE,2020,21,2217686.55,747403.66,1470282.89,508939.96,142032.61,156250.15,2137371.49,2070629.59,34.4,3936060.54
DEU,LIE,2021,15,16240407.5,8321866.55,7918540.95,4004770.46,376483.32,431039.19,3997800.95,20900209.83,96.6,23229861.97
DEU,LUX,2016,15,798878707.41,455728685.04,343150022.37,261303915.01,0.0,0.0,199560.59,1521230947.1,4848.8,607185.58
DEU,LUX,2017,23,706845819.9,499899324.02,206946495.87,338211747.99,37230049.95,46365230.56,156457706.79,1321534049.74,2209.6,283358127.99
DEU,LUX,2018,14,12745106.02,6577887.19,6167218.83,5202745.19,84540.59,86893.51,4416453.04,29610613.38,94.8,8798050.74
DEU,LUX,2019,23,32811783.77,23340664.18,9471119.59,17423836.34,996444.31,1218762.66,349813.79,98180263.01,171.9,1253318.56
DEU,LUX,2020,23,200358411.7,153187267.2,47171144.5,-5064388.85,0.0,0.0,10260449.06,-17529332.8,2115.5,57363169.92
DEU,LUX,2021,25,38748426.38,22831994.95,15916431.43,582559.47,85382.97,93512.68,481224.3,2078775.34,393.3,1953140.4
DEU,MAC,2016,24,122284955.27,66943096.54,55341858.73,4306086.93,835462.27,1068690.94,338509.52,13864259.87,369.5,2231778.47
DEU,MAC,2017,27,117804355.0,68842773.71,48961581.29,30962761.08,3434962.59,4805872.58,3932268.79,99045228.45,996.2,7718578.19
DEU,MAC,2018,31,16450564.01,14075182.85,2375381.17,3007008.94,302500.59,395047.23,3798765.14,13735123.88,61.7,12999941.2
DEU,MAC,2019,28,122635267.54,79863126.84,42772140.7,31611706.88,4182957.35,5363868.12,4713332.19,170097473.18,496.7,31017318.19
DEU,MAC,2020,22,6867131.09,2965335.11,3901795.98,3956824.01,696348.12,866961.25,2035427.31,21242124.4,63.6,5664987.28
DEU,MAC,2021,19,147288829.31,86021721.88,61267107.43,23447570.92,4133256.6,5164305.94,13556635.41,48065996.24,1701.9,45954414.37
DEU,MCO,2016,25,10533123.07,8525687.21,2007435.86,3883764.7,414746.19,540513.1,3340243.52,19440849.86,39.1,6345588.19
DEU,MCO,2017,28,72784890.89,54899305.16,17885585.74,13301482.95,801329.61,911344.67,156179487.24,63382375.06,325.0,263474158.47
DEU,MCO,2018,33,1206405358.79,954861797.76,251543561.03,758536231.88,75987180.29,81221739.91,3491240.06,4300311010.86,3067.9,25427423.81
DEU,MCO,2019,17,121465217.84,65885310.42,55579907.42,5385725.58,1030711.73,1318356.09,403057.47,19769512.98,841.8,1106922.39
DEU,MCO,2020,17,109710841.08,73357926.59,36352914.49,31941396.32,4879516.46,5775003.49,2472488.81,156051791.94,496.2,12296828.06
DEU,MCO,2021,37,34063170.66,16803037.5,17260133.16,3229494.43,501460.84,634713.94,2255497.55,14941332.59,240.0,6167707.94
DEU,MEX,2016,24,29532438.25,18171916.63,11360521.62,1786788.88,521715.42,658492.78,754046.61,10720356.35,436.3,1564288.55
DEU,MEX,2017,33,10550588.09,3541113.61,7009474.48,2234458.16,637593.33,727084.73,8248769.57,8924529.25,342.6,14807150.92
DEU,MEX,2018,32,78821483.63,59714771.12,19106712.51,8478984.21,2540910.21,2944455.84,5973282.41,36894542.98,203.1,31386926.66
DEU,MEX,2019,38,9589260.74,4116599.47,5472661.27,1360080.03,556117.82,655833.67,4700832.74,3273697.59,101.8,8204909.32
DEU,MEX,2020,26,26213820.66,17643081.5,8570739.15,-1047619.6,0.0,0.0,10795713.09,-6261453.48,285.1,19250840.49
DEU,MEX,2021,33,205101209.15,49400147.85,155701061.31,11814384.24,1968679.24,2089917.52,22830461.26,32227176.21,1118.0,215216610.76
DEU,MLT,2016,23,6176748.85,3040080.66,3136668.2,1012808.2,107583.73,132785.55,5665078.54,5076628.68,50.2,11916060.22
DEU,MLT,2017,25,18952114.85,6605701.06,12346413.79,1603077.88,210922.87,244365.23,10968522.96,7863622.91,420.3,19329016.09
DEU,MLT,2018,21,114350748.01,74357952.81,39992795.2,79990295.3,3570668.99,3995578.89,5335585.56,163457345.75,586.6,15621004.42
DEU,MLT,2019,24,90874413.6,75404210.28,15470203.32,3663598.34,634456.59,658984.81,720578.89,15306985.68,862.2,6604879.13
DEU,MLT,2020,25,42412690.65,35692646.21,6720044.44,20109825.16,183195.72,244485.35,2007045.98,97066841.23,341.9,4505168.48
DEU,MLT,2021,29,112313571.69,81256246.55,31057325.14,12294199.09,1454044.83,1521723.17,661556.7,35062447.78,547.8,2958433.69
DEU,NLD,2016,27,779055624.09,650504275.9,128551348.19,50519582.92,9667786.95,9993250.84,3011856.93,219131427.38,872.6,5963550.8
DEU,NLD,2017,29,8962723.03,3385056.02,5577667.01,2364575.24,449667.03,519961.72,2160107.63,6791651.09,230.1,10013984.31
DEU,NLD,2018,29,9763239.33,5602357.83,4160881.49,1050942.24,111403.71,122898.96,4728998.11,4242923.62,111.5,10482883.76
DEU,NLD,2019,20,15524007.96,6383008.3,9140999.65,3359155.09,220087.48,221085.88,1029341.56,8911403.88,239.7,2405228.58
DEU,NLD,2020,20,56482666.07,35484455.12,20998210.95,9425107.76,1377685.14,1423419.4,999614.77,35113770.1,402.5,2681059.41
DEU,NLD,2021,23,64714309.07,49575859.39,15138449.67,16971434.33,622240.57,685964.25,4399328.48,56994997.12,249.2,18760924.55
DEU,NOR,2016,39,60066263.95,35328314.55,24737949.39,19242573.16,595518.47,696125.32,1439193.22,59928378.17,187.8,2440707.57
DEU,NOR,2017,42,131017036.87,64005384.59,67011652.29,17906714.3,4107573.12,5539076.53,23390261.51,62020104.37,1127.8,47590374.19
DEU,NOR,2018,47,5957920.68,2078034.36,3879886.33,335286.04,44986.41,56341.16,6358533.54,1091423.86,82.1,11507540.69
DEU,NOR,2019,53,387104471.72,159536639.08,227567832.64,61037606.44,16608463.28,21777439.89,4381512.31,264662864.69,2575.8,9046067.68
DEU,NOR,2020,40,103922919.62,77583488.68,26339430.94,-2727282.87,0.0,0.0,3389056.47,-11188984.72,556.4,6867364.51
DEU,NOR,2021,37,20592479.84,205924.8,20386555.04,5266434.39,1419129.3,1571095.53,502964.35,14745762.71,283.2,1496494.6
DEU,NZL,2016,36,25573680.46,7210745.88,18362934.58,-1301053.97,0.0,0.0,1036337.41,-3815564.2,178.0,2422360.61
DEU,NZL,2017,44,11939969.87,2073290.31,9866679.56,3180444.12,808317.83,902518.2,265707.29,16624969.05,282.6,745853.8
DEU,NZL,2018,32,86629112.54,58381834.96,28247277.58,38136236.54,3392748.89,3706263.11,1444535.66,154562016.69,526.3,3373153.07
DEU,NZL,2019,35,227502931.24,190730082.0,36772849.24,174475509.54,33555.84,42267.25,1144168.81,418306647.27,503.3,2016183.45
DEU,NZL,2020,37,89510383.01,21014158.39,68496224.62,13861013.67,1362042.47,1821772.54,13991808.43,74898309.49,758.2,100317847.2
DEU,NZL,2021,39,7922270.82,2521173.71,5401097.11,3369194.64,822316.48,955669.13,11004440.23,14346480.29,92.5,21633690.43
DEU,PAN,2016,17,291852318.58,105678627.48,186173691.1,123399567.33,34052394.08,34264542.46,3062000.22,625396839.86,1953.4,9152610.66
DEU,PAN,2017,26,42158366.18,20567884.16,21590482.01,-6161651.81,0.0,0.0,4330889.99,-13531684.85,100.3,8062258.32
DEU,PAN,2018,21,6840745.65,2421893.63,4418852.02,1005789.39,0.0,0.0,1941087.9,2154818.4,178.3,4498393.08
DEU,PAN,2019,18,5751821.26,4198238.16,1553583.1,2134621.18,281827.03,380077.77,15115352.76,10613686.13,50.6,83960328.73
DEU,PAN,2020,20,125309727.83,78290082.06,47019645.77,39513336.49,0.0,0.0,2326790.11,114193187.7,704.4,4118969.28
DEU,PAN,2021,27,200604711.71,187871383.39,12733328.32,42771743.42,12549130.36,16965749.82,754180.99,112991138.01,154.8,3419562.66
DEU,POL,2016,36,99872185.02,60950941.01,38921244.01,17485894.57,5705593.92,7531058.86,1155571.08,80457982.46,562.3,6082980.88
DEU,POL,2017,42,753705331.53,154818922.31,598886409.22,71448135.29,19116518.48,25441518.38,4032340.61,176933427.16,2427.2,16882785.25
DEU,POL,2018,36,125169692.48,108359322.45,16810370.02,27272275.45,4717237.3,6160898.36,1278489.19,88695290.14,320.0,2835102.16
DEU,POL,2019,27,48622436.82,28092483.55,20529953.27,9465607.12,1301265.12,1795206.83,4577591.9,42961833.85,359.0,30725741.12
DEU,POL,2020,42,175672219.4,70088612.77,105583606.62,14465719.26,1859377.98,2118214.92,1401799.09,54731775.4,1230.2,3197763.95
DEU,POL,2021,38,31417876.24,16465160.96,14952715.27,3909189.5,425487.37,581434.88,913204.98,11952522.11,303.6,3648722.4
DEU,PRT,2016,28,21434657.28,4158196.37,17276460.91,-540097.22,0.0,0.0,3263912.12,-1153807.36,117.5,6250944.01
DEU,PRT,2017,34,4702877.27,532467.99,4170409.27,826656.11,167164.99,198868.68,11652127.79,2942828.53,190.4,37347692.9
DEU,PRT,2018,45,16366377.52,2702725.77,13663651.75,1533397.14,75345.33,92747.65,3022152.75,5676508.72,416.4,7698150.05
DEU,PRT,2019,31,55851235.2,27393829.53,28457405.68,2900990.62,529258.99,717916.19,27777183.14,12853631.65,137.5,86375459.22
DEU,PRT,2020,39,13597612.37,7068887.36,6528725.01,2322497.83,0.0,0.0,382473.15,13708173.43,214.6,643001.44
DEU,PRT,2021,41,7583811.53,75838.12,7507973.41,954551.57,0.0,0.0,38759930.28,3441118.39,156.1,101167677.3
DEU,SGP,2016,25,16833604.85,11318137.95,5515466.89,4202417.32,418559.03,442958.32,24035885.82,12492927.38,182.5,63880668.69
DEU,SGP,2017,23,605541520.47,361623549.65,243917970.82,575264444.45,0.0,0.0,24120189.7,2901569651.69,5516.5,69670966.09
DEU,SGP,2018,18,40694256.31,22903718.95,17790537.36,1149770.43,0.0,0.0,798775.42,5980533.51,224.0,2952213.53
DEU,SGP,2019,34,40668595.43,30945600.45,9722994.98,8369829.6,883611.59,1074677.05,1140461.43,47923479.61,73.3,3896998.0
DEU,SGP,2020,30,7531127.37,2352667.77,5178459.61,2002404.61,430986.98,449870.74,1545163.57,6395507.94,53.0,7567336.86
DEU,SGP,2021,33,93417006.67,70828484.74,22588521.93,33168366.04,0.0,0.0,1250212.25,153695524.32,376.6,4186770.05
DEU,SWE,2016,33,25850398.58,8090197.96,17760200.62,2101016.92,312418.35,335442.69,9512527.0,8126000.01,275.5,37814422.7
DEU,SWE,2017,45,57869477.23,41288976.45,16580500.79,22400867.12,3423092.13,3676315.86,1221200.08,51635850.84,681.4,8288161.83
DEU,SWE,2018,38,11706724.62,6579286.69,5127437.93,749435.03,149991.71,165559.38,1117723.88,2758834.32,131.4,3648111.12
DEU,SWE,2019,43,28244378.42,2990621.37,25253757.05,5924500.04,849308.29,1057136.73,1716622.62,24989457.67,267.0,4789674.3
DEU,SWE,2020,31,3932473.27,1692476.83,2239996.44,73544.26,20929.18,26394.8,2457456.05,207910.14,18.6,5179431.8
DEU,SWE,2021,39,5628722.39,1234391.42,4394330.97,-377448.08,0.0,0.0,1661338.93,-779137.58,74.7,3675496.02
DEU,TUR,2016,42,21922234.59,13406254.3,8515980.29,2418527.67,455169.54,532918.35,2426163.04,7749124.34,225.5,4942781.35
DEU,TUR,2017,40,22808023.91,10253732.64,12554291.27,2872555.9,42449.56,58972.66,12554091.68,16131511.1,151.0,29434017.74
DEU,TUR,2018,53,219343169.57,32482533.81,186860635.76,16797488.85,3798798.63,5152227.03,2813517.44,47420262.06,3012.8,6860773.8
DEU,TUR,2019,42,41835981.83,16219139.45,25616842.38,9513147.95,2675713.23,3489523.49,805952.9,26504308.23,308.3,6689950.29
DEU,TUR,2020,27,26997963.79,269979.64,26727984.16,25648065.6,1118010.19,1169790.35,473620.96,57630541.39,424.8,3194589.2
DEU,TUR,2021,38,295581618.14,228987721.6,66593896.54,111945356.71,38491313.57,47057245.26,6799823.93,261747264.65,943.4,32926634.12
DEU,USA,2016,50,35565513.89,7564961.06,28000552.83,2329317.94,346978.79,350773.75,2703686.97,4995918.2,293.9,7601852.83
DEU,USA,2017,45,35983452.21,9574936.02,26408516.19,5801017.93,879127.77,1177012.81,2204545.23,34682143.94,143.6,6337808.19
DEU,USA,2018,34,58105699.53,4711804.12,53393895.41,2469149.44,654496.98,700118.02,5136797.49,6086090.81,284.3,12734940.5
DEU,USA,2019,39,133582087.02,26315175.89,107266911.13,-14008955.95,0.0,0.0,11247383.07,-57524944.58,2361.1,18896088.81
DEU,USA,2020,31,200779281.09,101522933.42,99256347.67,48607524.69,1569519.72,1777206.72,659849.78,160715672.15,985.5,2632060.87
DEU,USA,2021,41,109048478.25,34370490.51,74677987.74,21556484.78,5512424.16,6328347.57,4015204.36,60703204.85,1142.5,10931579.8
DEU,VGB,2016,27,312525681.98,177565732.27,134959949.71,41537591.75,7285724.28,9435154.33,262716.46,123873210.01,769.7,1513246.82
DEU,VGB,2017,20,89132298.58,74072784.12,15059514.46,44916407.43,2843866.5,3836452.42,2495567.63,116571139.36,155.2,9123562.68
DEU,VGB,2018,27,51185922.57,21912324.33,29273598.23,6119750.36,275739.03,338218.94,605757.22,15359605.27,149.6,2803467.69
DEU,VGB,2019,27,178402441.84,79511178.54,98891263.3,32361691.85,454697.66,473390.6,1689390.91,139020878.53,961.4,5485026.11
DEU,VGB,2020,19,29269905.21,15713347.63,13556557.58,11914582.94,4596343.38,5437823.93,2595809.0,66842261.53,244.6,5478261.08
DEU,VGB,2021,28,181322171.15,137612078.85,43710092.31,72001777.41,11476224.62,15733057.12,585378.57,296510188.7,2199.5,3676549.72
DEU,ZAF,2016,41,5957374.47,1573162.15,4384212.33,686920.95,204411.21,209533.71,1852952.68,3244126.81,72.6,3197139.94
DEU,ZAF,2017,40,294970538.15,155109398.26,139861139.89,43533651.44,7996341.55,9506931.36,1255717.25,201664436.65,1068.3,2552991.08
DEU,ZAF,2018,38,128677123.17,79126348.77,49550774.4,31854839.82,8375542.97,9121900.16,2296914.98,147164503.84,180.4,11496915.05
DEU,ZAF,2019,42,13623839.68,2477322.62,11146517.06,4589303.06,857562.39,1067173.06,10669287.77,23604216.77,652.3,28354988.45
DEU,ZAF,2020,32,10182029.72,101820.3,10080209.43,1843022.0,242154.83,254811.67,5774516.73,6681763.02,106.0,12298665.32
DEU,ZAF,2021,42,34827959.24,4865234.23,29962725.01,493622.33,101598.05,109135.52,21867293.11,1941117.3,537.1,37900063.74
FRA,AUS,2016,34,2039001.91,520094.42,1518907.49,-17280.5,0.0,0.0,12112100.72,-48957.38,38.4,21524504.2
FRA,AUS,2017,38,3609130.75,1317277.05,2291853.7,371346.16,140279.5,149736.37,286662.96,1223131.69,90.8,804957.44
FRA,AUS,2018,27,7488482.21,74884.82,7413597.38,4380498.07,1932066.59,2335116.06,9977574.04,22307129.26,457.3,61727990.37
FRA,AUS,2019,35,259865352.58,138562802.77,121302549.81,23369961.7,4048800.24,5042031.84,555298.09,95813947.13,822.5,3847403.64
FRA,AUS,2020,53,6562255.34,3444087.87,3118167.47,1124836.63,220280.15,291466.21,314067.56,3919590.59,40.3,883969.44
FRA,AUS,2021,30,29420354.17,20241451.66,9178902.51,7848588.98,2118957.68,2645086.0,734215.4,43656294.79,147.0,2029958.9
FRA,AUT,2016,37,3845852.41,2894164.15,951688.25,589065.56,134941.37,168503.67,7240646.8,2067113.48,22.5,16797646.85
FRA,AUT,2017,44,130463374.45,27579620.11,102883754.35,33534258.95,6369210.24,7388050.03,7031790.54,163832844.99,1325.6,11860078.58
FRA,AUT,2018,41,433987416.42,248140781.01,185846635.41,-44908767.92,0.0,0.0,6014735.38,-110402701.98,3171.2,12381952.54
FRA,AUT,2019,35,26413354.73,3735893.52,22677461.22,6990352.39,1580903.65,2192287.13,7081036.81,37420672.74,312.5,20180358.13
FRA,AUT,2020,46,2047726.64,661311.35,1386415.29,1346583.6,221769.19,296289.96,8717992.85,6942512.04,29.0,18588535.11
FRA,AUT,2021,40,15421448.44,3361087.78,12060360.66,4648611.38,868649.27,1173311.26,2158292.89,18445548.35,426.6,9701690.27
FRA,BEL,2016,42,288535232.54,125225653.67,163309578.87,21087316.09,5908684.06,6949185.51,3356673.08,52716504.07,3715.8,18792259.76
FRA,BEL,2017,34,21041841.34,10115972.3,10925869.04,1788263.03,272974.42,358210.94,3741572.34,8544760.38,487.0,14264727.18
FRA,BEL,2018,38,26821108.62,3245181.27,23575927.36,4578509.82,887403.34,1057435.81,1716411.39,22973189.77,229.8,9260212.13
FRA,BEL,2019,42,11470157.2,1852832.2,9617324.99,1934164.86,298865.91,353382.94,1221688.95,9087386.66,505.0,4324348.68
FRA,BEL,2020,47,125640882.22,60911662.43,64729219.8,12665860.98,2648264.32,2992096.8,1352286.45,55116026.75,1764.1,2987093.98
FRA,BEL,2021,39,61993177.99,15283707.24,46709470.75,9413058.47,1802100.2,2311257.67,7076037.74,21016162.12,824.3,34772981.63
FRA,BHS,2016,24,894490668.26,819707092.4,74783575.86,282666986.28,33925874.39,36711581.04,6287464.09,1112265131.28,726.4,11687010.61
FRA,BHS,2017,21,15110875.23,10967241.99,4143633.24,2435766.75,212913.42,295677.88,1878157.87,10713617.52,104.2,3387620.89
FRA,BHS,2018,24,203938689.51,124707069.97,79231619.54,140891264.18,15011548.55,16661889.47,733304.39,421628399.34,1341.4,2240230.62
FRA,BHS,2019,30,146918778.94,65753792.26,81164986.69,26093340.54,2792367.42,3292769.07,9301053.8,151898159.23,2434.8,18840713.18
FRA,BHS,2020,28,198930095.01,146892448.8,52037646.2,-3256325.27,0.0,0.0,6000925.28,-11606048.6,423.4,12591344.86
FRA,BHS,2021,24,10938703.84,2520420.5,8418283.34,4249466.79,741390.95,997280.45,654474.34,13196247.63,63.3,1289755.57
FRA,BMU,2016,27,107096835.58,74564594.9,32532240.69,38749616.85,1265934.12,1459218.7,7334689.74,170247423.53,902.8,23031090.13
FRA,BMU,2017,23,43654162.05,22441627.2,21212534.85,30138475.69,2057731.09,2469174.51,6054148.99,101262102.38,124.7,39319172.26
FRA,BMU,2018,31,294376105.81,213789730.55,80586375.26,130101264.67,15383040.97,18638158.33,1135274.26,385969100.98,588.3,7763947.48
FRA,BMU,2019,23,384448760.89,361291297.61,23157463.28,197858126.46,5054387.16,5606774.46,12017650.69,618550754.71,348.4,35549424.77
FRA,BMU,2020,30,27046992.12,8172930.81,18874061.32,11636559.31,2444726.77,3150876.85,5232869.75,51073128.99,573.1,15366706.77
FRA,BMU,2021,23,69322373.75,29565865.24,39756508.51,18176760.32,2543204.67,2997042.92,3377104.34,40053985.52,1006.9,6086970.7
FRA,BRA,2016,47,71224322.0,46320925.85,24903396.15,2538868.96,706023.44,919162.75,21673280.44,12974120.46,131.0,58295389.27
FRA,BRA,2017,33,1102411932.56,183729619.06,918682313.49,165777803.18,5462933.38,6711225.57,1343252.04,942261768.54,6269.1,5177652.96
FRA,BRA,2018,48,130395008.43,49722686.48,80672321.95,24086063.21,2246550.84,2784081.53,675183.18,136395468.24,1023.8,1827880.53
FRA,BRA,2019,43,36009439.54,14234873.22,21774566.32,3159305.7,518599.84,585822.74,8063300.77,17409957.46,349.7,30949444.01
FRA,BRA,2020,46,190867164.5,117118707.49,73748457.01,29152282.86,8383227.1,9590745.89,12045017.73,83779567.08,526.5,21490495.1
FRA,BRA,2021,38,144438353.91,27268438.41,117169915.5,23603729.49,7195113.34,8141524.54,1378303.54,102341457.96,912.7,3403417.02
FRA,BRB,2016,28,42264503.34,28794008.07,13470495.27,5575767.41,321024.75,399530.12,25758108.49,12870313.47,211.1,127988692.28
FRA,BRB,2017,24,166015365.88,128730262.95,37285102.93,13802406.48,1857631.07,2368901.54,11974859.97,62748423.02,645.6,64012258.12
FRA,BRB,2018,32,828915075.84,692699351.01,136215724.83,49849021.95,4607694.34,5710720.83,36425121.79,184592810.34,2453.1,67781603.84
FRA,BRB,2019,30,316262048.79,168548950.49,147713098.3,46705508.45,3152836.54,4398459.17,46363064.7,162815212.34,1876.0,148808486.37
FRA,BRB,2020,20,4323861.48,1846772.99,2477088.5,1728229.99,0.0,0.0,1394217.48,5628609.69,192.3,3335809.29
FRA,BRB,2021,23,1037002501.54,583657863.77,453344637.77,599497667.89,43744282.49,49031118.93,485777.38,2125367157.2,8759.7,1535962.96
FRA,CAN,2016,39,157501306.22,105345694.18,52155612.05,9076580.07,2370787.01,2508573.63,4010550.94,22734972.49,458.3,6890735.73
FRA,CAN,2017,33,83783621.57,29647163.17,54136458.4,15350247.11,3440189.57,3911449.65,19186658.67,38221902.13,549.0,34092412.31
FRA,CAN,2018,38,28170787.07,3250901.33,24919885.74,-829007.19,0.0,0.0,7960265.54,-2765543.58,513.3,26212761.37
FRA,CAN,2019,36,10472719.94,5228059.02,5244660.92,1376155.96,328127.52,425032.17,1871175.5,7606472.74,289.0,3313399.85
FRA,CAN,2020,41,22612472.39,7667046.45,14945425.94,-1304232.55,0.0,0.0,11147812.58,-7421278.8,427.8,54565333.21
FRA,CAN,2021,32,2365230.49,354946.57,2010283.92,50717.6,12313.8,16636.32,150335.87,258402.45,118.7,1228638.23
FRA,CHE,2016,33,151560232.28,75384301.97,76175930.31,-4348070.9,0.0,0.0,31471714.48,-22504488.65,4626.2,67641791.17
FRA,CHE,2017,18,63889585.23,47982383.14,15907202.09,28003189.13,5048328.47,5557841.35,373921.0,130386830.71,113.0,773066.09
FRA,CHE,2018,21,141947408.31,84753441.91,57193966.4,26398506.27,3644599.71,3713889.85,467899.92,135907469.11,677.7,1397294.14
FRA,CHE,2019,25,9536271.26,4558491.12,4977780.14,2750697.84,299238.44,376006.6,14992018.21,8183948.27,120.0,25004971.57
FRA,CHE,2020,27,314292.28,199152.71,115139.57,153326.29,15561.31,21512.72,1593520.66,702745.21,6.1,2727880.54
FRA,CHE,2021,19,280259402.29,113664801.59,166594600.7,118212218.31,6440059.46,8875483.59,3006707.49,339470962.82,1329.2,5548023.7
FRA,CHL,2016,28,9191201.54,1788268.01,7402933.53,464632.84,84458.61,117474.16,5195821.16,2564810.17,100.6,12982149.47
FRA,CHL,2017,36,81096448.11,43880368.29,37216079.82,4238662.32,348214.39,352602.83,8115482.03,10955931.25,435.2,15613807.1
FRA,CHL,2018,40,9665660.16,1582160.08,8083500.08,1525230.91,500101.33,564708.9,294389.98,4450734.07,98.8,1334954.9
FRA,CHL,2019,39,47236413.24,19345948.14,27890465.1,3940391.14,529908.99,684847.9,13150641.94,18038578.04,243.1,54110363.37
FRA,CHL,2020,34,279097333.01,135904611.24,143192721.78,44136513.9,2511701.72,3385230.73,2534563.77,251815169.37,2967.5,6676274.76
FRA,CHL,2021,33,389822030.76,203864708.44,185957322.32,26833313.89,2658131.49,3090598.56,482028.88,119231412.33,3322.1,2801975.55
FRA,CHN,2016,43,74512512.41,52974962.14,21537550.27,5459803.61,954185.57,1167016.66,309808.16,30158773.67,579.5,1197953.78
FRA,CHN,2017,37,44726123.2,447261.23,44278861.97,17974071.2,0.0,0.0,28809323.16,59834543.55,680.5,48277797.47
FRA,CHN,2018,39,28247936.5,5557043.13,22690893.36,7807954.47,569621.72,674424.2,306182.28,32456728.53,307.3,1549567.97
FRA,CHN,2019,51,64835018.35,15629123.17,49205895.18,7926301.91,1969576.93,2429435.55,1580900.08,43508459.34,1251.8,3274244.45
FRA,CHN,2020,37,94661855.14,26027523.56,68634331.58,15597595.7,4037215.3,4987677.76,486134.15,43624281.22,1246.8,4485402.56
FRA,CHN,2021,45,611606613.18,280434676.52,331171936.67,148960710.15,0.0,0.0,10448361.21,395453544.14,1495.5,25727330.38
FRA,CYM,2016,27,554593546.34,476477880.65,78115665.69,95389855.93,11438071.51,13748526.55,5810106.28,491025700.29,6946.1,21181681.87
FRA,CYM,2017,30,45941389.15,38314821.77,7626567.38,15955370.89,517783.44,593259.8,2085158.29,91099890.51,259.9,3861944.08
FRA,CYM,2018,22,41843031.2,11761610.31,30081420.89,29226920.61,9570535.96,10632078.44,7852707.34,111766153.11,331.9,17286769.91
FRA,CYM,2019,29,268102416.48,210890265.48,57212151.0,37911484.3,4559054.78,6179771.93,4001162.02,160436381.16,980.4,11458993.59
FRA,CYM,2020,29,93849325.55,73411940.6,20437384.95,-4692466.28,0.0,0.0,5519816.64,-20770524.66,320.3,40999107.67
FRA,CYM,2021,23,44151053.58,12953830.81,31197222.77,4874083.1,21221.55,29222.59,1296545.88,16678346.42,480.6,3596048.26
FRA,CYP,2016,22,2599893225.9,1875250847.59,724642378.32,1465634474.67,239407282.39,325075028.29,3372440.09,6407949313.77,3766.5,11297418.91
FRA,CYP,2017,28,25728169.54,10617166.67,15111002.86,16280061.76,0.0,0.0,999374.09,81001250.49,153.4,2506035.79
FRA,CYP,2018,32,54523767.01,25164142.8,29359624.21,424158.51,43805.93,43859.2,366683.72,1354427.9,115.1,987870.17
FRA,CYP,2019,24,327037293.79,320496547.91,6540745.88,142133400.95,22220041.66,29513416.52,877466.6,544377893.39,120.1,1669189.42
FRA,CYP,2020,27,42716982.92,24507737.42,18209245.5,1620356.09,252007.26,317746.04,347627.47,5964056.19,217.6,2294391.16
FRA,CYP,2021,17,82419402.38,49952388.84,32467013.54,14162229.65,180410.88,236014.68,58137038.79,41834126.96,521.9,199340597.82
FRA,CZE,2016,43,34227314.52,16799697.42,17427617.09,9490991.42,1630255.68,1768173.04,11746726.88,53773911.25,126.3,30673405.5
FRA,CZE,2017,36,23580957.3,12315876.29,11265081.01,-466472.46,0.0,0.0,1149522.37,-1250308.74,210.4,4041079.83
FRA,CZE,2018,39,101864360.27,46498455.39,55365904.88,16963567.93,2674348.97,3702886.72,17498157.27,82221268.84,959.0,37160471.65
FRA,CZE,2019,39,3028016.64,1139571.88,1888444.76,631555.6,131910.42,175456.46,31248635.02,2132385.34,61.0,58887896.42
FRA,CZE,2020,39,75087433.02,17141592.28,57945840.75,22662695.85,10198213.13,10898107.42,3673285.39,131768281.72,747.1,14331070.73
FRA,CZE,2021,43,32191136.72,11845323.61,20345813.12,10715575.03,1920755.24,2577706.14,10038024.49,53853224.34,554.4,18229251.51
FRA,DEU,2016,38,177251345.77,71477711.79,105773633.98,3719057.35,470886.53,472529.17,5107809.68,8265055.8,5011.4,9555073.65
FRA,DEU,2017,41,19859759.46,7555556.01,12304203.46,1558526.14,286041.99,383098.83,1048474.18,6341222.25,107.1,2003782.38
FRA,DEU,2018,26,746435281.37,220033602.84,526401678.52,142193782.73,39879060.75,50180367.3,1499471.03,746333489.15,4091.0,2916629.01
FRA,DEU,2019,47,14865700.92,3555376.52,11310324.4,134848.47,434.66,491.2,5297152.58,441169.03,264.1,11031932.16
FRA,DEU,2020,42,37507597.04,15163187.13,22344409.91,6446655.99,2529724.27,3144341.56,2549980.43,18558183.76,289.9,4955465.97
FRA,DEU,2021,40,1020634.16,259195.66,761438.5,388643.07,45921.32,64112.32,7807182.99,830092.38,24.4,14031384.86
FRA,DNK,2016,46,8739506.51,3099403.58,5640102.94,-284903.16,0.0,0.0,285771.56,-1049357.22,122.8,1523371.26
FRA,DNK,2017,56,49479891.6,16239221.49,33240670.11,7763422.25,2148042.1,2458454.92,1373382.71,45052516.52,759.8,8963193.25
FRA,DNK,2018,45,378348261.33,52333346.57,326014914.76,68893848.69,20617080.84,21830140.81,5502069.5,206627885.51,1444.2,34581307.68
FRA,DNK,2019,34,21163757.38,7277587.54,13886169.84,1819633.34,354710.55,362593.1,1798087.12,5594726.01,442.1,3289292.13
FRA,DNK,2020,30,137942705.92,62355313.74,75587392.18,-20691405.89,0.0,0.0,1998043.92,-118997658.99,987.7,4199590.91
FRA,DNK,2021,36,4193069136.96,2619212894.37,1573856242.59,125455132.59,25084944.96,27485017.73,705606.84,589720462.09,10126.1,1718565.69
FRA,ESP,2016,45,25915799.51,8874857.78,17040941.73,3341085.85,730027.94,821521.67,2544327.62,8442674.94,285.1,5384153.41
FRA,ESP,2017,46,25586589.94,5326323.74,20260266.2,1627325.85,412226.21,544290.61,1345955.55,9495881.71,350.0,9273036.94
FRA,ESP,2018,53,71026907.51,10655819.62,60371087.89,15858276.58,843302.81,909980.34,444957.33,51114087.66,1041.6,2407148.58
FRA,ESP,2019,46,46278077.57,21486402.08,24791675.49,-6941711.64,0.0,0.0,2320555.67,-37898003.03,476.0,4667868.94
FRA,ESP,2020,31,120109613.46,57742635.09,62366978.38,38077509.96,6896736.14,7416469.81,2185898.35,106041341.4,1504.2,14131924.37
FRA,ESP,2021,41,50218642.92,16446642.82,33772000.1,5283123.85,1459941.79,1672791.35,50480073.95,19353836.24,212.2,107809187.82
FRA,FIN,2016,47,30623898.21,8660798.06,21963100.15,6302283.41,761553.11,792321.37,761679.32,19301460.27,758.6,1959673.69
FRA,FIN,2017,56,20775547.66,9919902.98,10855644.69,-298035.17,0.0,0.0,725082.16,-1212695.75,378.4,3967919.96
FRA,FIN,2018,49,51844724.27,14369199.74,37475524.52,29301334.83,4002141.62,5347755.0,449455.92,137032751.23,774.6,1327033.95
FRA,FIN,2019,37,48584307.76,13731172.48,34853135.28,1026985.25,151795.24,171834.02,11779901.03,2203803.66,364.5,20428139.84
FRA,FIN,2020,47,126196125.57,73437785.02,52758340.55,91016473.85,40957413.23,50041672.99,2720218.86,519327495.09,690.0,13106051.52
FRA,FIN,2021,35,104466079.34,34397018.77,70069060.57,-15669911.9,0.0,0.0,3271279.21,-78226934.51,788.7,6567569.99
FRA,GBR,2016,46,38928918.16,10243025.91,28685892.25,5888913.83,1252742.31,1693914.04,601923.04,12626494.46,1231.5,1305953.62
FRA,GBR,2017,50,124300194.7,38121605.18,86178589.53,3750256.62,1133226.54,1560007.7,16865119.61,11491994.21,958.6,37466742.24
FRA,GBR,2018,39,56162743.91,20492603.45,35670140.46,1697081.41,546612.38,716564.47,364190.15,5821904.35,325.5,1333859.4
FRA,GBR,2019,40,158722631.06,45907172.22,112815458.84,19754297.95,2841558.85,3298211.08,6553328.78,110039608.51,1308.9,15320786.94
FRA,GBR,2020,49,288535650.17,173458653.82,115076996.35,37051633.77,9953631.65,10424634.03,7803097.61,126273625.26,591.1,19313322.83
FRA,GBR,2021,33,283864360.52,206089789.9,77774570.62,-13608732.45,0.0,0.0,3473361.22,-81445878.46,1033.4,11265726.34
FRA,GGY,2016,24,55585184.03,29853387.53,25731796.51,9428998.44,293271.24,381335.28,3190355.59,42356580.31,226.8,22154301.67
FRA,GGY,2017,34,85590367.13,52788175.2,32802191.94,37752832.83,1559407.3,2043124.46,559832.65,153929666.36,352.3,3651350.47
FRA,GGY,2018,28,29238785.54,11199519.2,18039266.34,-103010.28,0.0,0.0,1748368.18,-474294.43,415.8,4374861.63
FRA,GGY,2019,36,6247228.09,4318731.34,1928496.76,1205706.86,232370.94,299413.7,649881.79,4163660.71,18.2,1792500.12
FRA,GGY,2020,17,196064253.37,164686778.57,31377474.8,-1609346.15,0.0,0.0,4929610.87,-7242450.32,412.3,9849125.3
FRA,GGY,2021,20,26192060.43,8067975.52,18124084.91,6423566.39,398810.14,508648.53,2845243.15,19996911.09,440.1,6566768.39
FRA,GRC,2016,55,205438835.94,162821207.06,42617628.88,20257372.17,3480645.8,3524781.82,1073963.29,101312408.93,609.1,2649415.2
FRA,GRC,2017,40,464342847.01,356725187.65,107617659.36,105938735.13,33401103.7,43168918.1,3229681.27,481562397.06,2083.8,12303819.88
FRA,GRC,2018,40,77606588.46,45762494.47,31844093.99,6481167.31,1002936.09,1004510.21,4900706.28,16692231.5,468.4,9360323.61
FRA,GRC,2019,42,156751793.8,81864983.53,74886810.27,40343280.53,433983.26,552006.17,2402458.88,236820091.59,2526.2,4937302.36
FRA,GRC,2020,46,60943232.38,47678889.49,13264342.89,6635380.09,1120990.51,1361095.94,824327.74,17653341.38,272.4,4470058.89
FRA,GRC,2021,33,2059084.71,838009.62,1221075.09,355614.25,43775.14,48242.64,26906144.32,833463.37,22.7,45861291.13
FRA,HKG,2016,22,114796963.47,98504785.75,16292177.72,28157191.54,3920452.19,5218448.88,4443995.51,67632310.88,283.4,10704868.7
FRA,HKG,2017,21,385569097.27,220442750.52,165126346.75,96305464.37,0.0,0.0,1416360.22,523664921.44,1977.5,13010699.49
FRA,HKG,2018,26,600373823.51,437029538.37,163344285.14,100753116.48,4514971.74,6254615.67,285677.37,400582306.82,573.6,1783551.84
FRA,HKG,2019,21,33129458.46,20400451.42,12729007.05,9000948.04,1416833.43,1722183.22,15287701.81,27555337.27,338.9,45706004.28
FRA,HKG,2020,18,144037024.96,108917091.33,35119933.63,55822899.36,5360771.26,6375358.71,2363734.72,325705782.78,867.9,5139166.52
FRA,HKG,2021,25,632930236.36,375804502.14,257125734.22,-31646511.82,0.0,0.0,12895691.63,-105334077.99,1327.2,21502179.75
FRA,IMN,2016,20,6335798.06,2712813.35,3622984.71,771456.31,78413.79,100939.55,4464672.96,2866426.06,92.1,11664736.22
FRA,IMN,2017,23,662860394.49,218010972.85,444849421.64,172676319.52,25948466.58,29259049.76,509327.44,764225414.42,3023.7,1420791.67
FRA,IMN,2018,28,2292951.68,747742.09,1545209.59,143747.11,16873.57,17755.95,4422781.46,832773.19,64.6,8211111.03
FRA,IMN,2019,29,7772921.07,2765224.53,5007696.54,-388646.05,0.0,0.0,8457372.07,-1434275.02,189.2,16824405.0
FRA,IMN,2020,27,52362921.5,51315663.07,1047258.43,29393748.58,12927673.72,17843125.75,238744.32,136952711.04,47.9,1592037.19
FRA,IMN,2021,20,57125277.1,30701854.44,26423422.66,49881714.43,1208252.24,1538122.63,7386057.01,265072593.7,536.0,15144383.88
FRA,IND,2016,54,9439770.75,5781509.63,3658261.12,1223914.05,454040.48,569137.7,211354.76,5594730.65,66.3,903891.68
FRA,IND,2017,33,265856177.17,148243975.73,117612201.44,58141540.78,8107601.34,10775347.56,279479.55,204785574.56,2261.1,631474.93
FRA,IND,2018,35,68346213.86,22450728.56,45895485.3,17070952.34,3794898.35,4774075.06,208961.98,82042924.92,1959.1,926733.21
FRA,IND,2019,31,17954250.59,9607471.08,8346779.52,121147.84,30109.2,38771.69,5234680.84,378700.11,332.6,12300976.95
FRA,IND,2020,41,1689419099.55,1093219433.48,596199666.07,159829606.38,22941486.69,29323609.58,412509.81,610843481.95,4607.3,915948.43
FRA,IND,2021,31,1866529.26,18665.29,1847863.97,790186.64,248728.43,294507.82,1895004.13,4639023.29,61.8,9277799.51
FRA,IRL,2016,23,16214808.13,9207731.64,7007076.49,15404067.72,0.0,0.0,20035231.47,74816492.46,219.2,54955242.11
FRA,IRL,2017,25,17431969.4,9547674.34,7884295.06,10702285.58,178471.21,246145.17,577054.2,62635792.48,114.1,1366487.42
FRA,IRL,2018,30,34863043.92,18116161.38,16746882.54,9468071.78,223710.43,267652.77,272268.64,29192744.31,165.5,1394698.39
FRA,IRL,2019,24,70422246.03,50639597.45,19782648.58,45645564.91,5435424.3,7382882.46,812195.55,231331014.82,275.7,1728139.63
FRA,IRL,2020,23,19883447.03,1006550.18,18876896.84,2572025.15,862728.58,1093518.69,561053.03,5906532.98,147.4,1637291.71
FRA,IRL,2021,19,268074879.75,138526644.46,129548235.29,69640957.54,7401064.57,8258738.98,558217.89,410833051.46,1846.1,2480416.62
FRA,ITA,2016,47,25729706.67,15424258.81,10305447.86,6832965.08,2366965.98,2607875.83,4010688.26,32695155.02,168.9,22791399.13
FRA,ITA,2017,36,82849494.57,43760055.31,39089439.26,8365557.38,1743406.97,1763805.14,476626.42,37373085.93,795.4,2456585.83
FRA,ITA,2018,34,7695630.98,1046761.73,6648869.25,3280045.43,1476020.44,1593700.28,2526291.24,15995919.41,155.6,4227225.84
FRA,ITA,2019,33,29973407.58,13564429.18,16408978.41,6356705.6,813377.83,1101994.81,23839511.77,37118068.01,128.5,43026840.3
FRA,ITA,2020,36,1601767.11,1026013.93,575753.18,344625.48,136939.17,177626.66,2433425.46,1630356.75,15.1,5489682.08
FRA,ITA,2021,41,26749962.76,1691412.69,25058550.06,-4012494.41,0.0,0.0,380012.55,-17262799.92,803.9,1116511.42
FRA,JEY,2016,25,2056554.43,685513.83,1371040.6,458703.2,17101.07,21446.59,253990.06,2269523.33,40.6,2539257.83
FRA,JEY,2017,21,89783612.5,57398259.47,32385353.03,37065662.21,3449133.58,4585447.72,16645247.57,138786506.25,409.7,52551021.33
FRA,JEY,2018,22,73812052.28,31517274.62,42294777.66,4659994.84,0.0,0.0,870439.36,25520125.12,298.0,1610968.56
FRA,JEY,2019,37,234806499.87,118489378.97,116317120.89,96997378.71,11605759.58,12011145.97,3820358.47,506970042.3,956.2,7468589.98
FRA,JEY,2020,22,63427424.07,634274.24,62793149.83,31320381.5,0.0,0.0,3920205.47,163844712.67,1522.7,6620682.15
FRA,JEY,2021,38,402012150.38,242847428.96,159164721.42,173287785.4,20175214.9,23639360.79,730751.43,456916215.59,5237.0,2335406.24
FRA,JPN,2016,44,97931861.38,54859265.78,43072595.59,10101356.84,269184.46,372170.36,18542213.65,50916815.52,344.6,40987645.18
FRA,JPN,2017,42,12385240.85,1569553.58,10815687.26,134405.43,19678.72,20822.15,370780.35,407897.98,147.8,2508675.23
FRA,JPN,2018,39,197531430.91,111393687.95,86137742.95,21420090.24,6153999.09,6176766.25,15265897.01,46275578.98,702.3,37161070.23
FRA,JPN,2019,36,12670062.28,5995030.29,6675031.99,2171456.22,451461.64,545684.13,11923458.49,6081443.42,93.8,21239071.62
FRA,JPN,2020,33,9882884.03,2975562.39,6907321.64,2245945.87,394301.9,496769.26,1721636.87,11830518.62,97.7,4069282.2
FRA,JPN,2021,50,10823382.18,4104499.78,6718882.41,429735.99,126735.71,159751.79,686908.23,2310834.87,264.3,1990149.78
FRA,KOR,2016,38,7786880.32,4274444.92,3512435.4,652869.93,145913.96,174541.73,15515308.45,2099809.38,72.3,62134126.39
FRA,KOR,2017,42,109272374.59,28967795.88,80304578.71,-3692671.09,0.0,0.0,3964869.19,-18025607.06,1296.7,6682270.5
FRA,KOR,2018,50,633687639.61,512617637.23,121070002.38,-95053145.94,0.0,0.0,2669812.42,-302103656.88,1623.4,9224159.11
FRA,KOR,2019,49,106663516.24,45511285.54,61152230.71,17076811.37,582709.69,693704.74,303972.8,83057941.45,1198.9,2047044.72
FRA,KOR,2020,54,39960770.02,17115075.78,22845694.24,10610470.27,3249001.38,3740520.19,8968051.77,30316233.57,447.3,18260106.09
FRA,KOR,2021,40,67503633.28,21321456.68,46182176.6,14760476.09,4418805.72,6092613.75,26305674.89,87611160.14,350.5,64174227.06
FRA,LIE,2016,29,8908449.82,5054457.32,3853992.5,3191899.29,110992.53,148349.93,959469.59,8054801.21,28.5,5157011.27
FRA,LIE,2017,15,5412307675.76,5304061522.24,108246153.52,-811846151.36,0.0,0.0,5985128.76,-4389849112.02,1166.5,13856700.32
FRA,LIE,2018,23,18541690.28,9830354.53,8711335.75,9805637.45,1333126.88,1420828.73,1446409.49,54188706.01,334.8,4745345.52
FRA,LIE,2019,31,6360729.54,4891863.72,1468865.82,3170615.73,586147.7,732028.79,309678.32,18635963.41,19.5,645237.65
FRA,LIE,2020,28,755833488.04,620448419.27,135385068.77,213728772.97,3414850.2,3631715.2,5691638.01,1198353681.34,2154.9,15936366.17
FRA,LIE,2021,25,103845911.04,32530721.86,71315189.18,46467374.91,6904376.77,8906555.58,10900130.51,241094782.62,639.8,18180609.35
FRA,LUX,2016,27,14321220.22,10421021.24,3900198.98,6267604.48,1161151.04,1271537.99,698075.09,15355955.77,51.1,4254766.43
FRA,LUX,2017,29,117918202.36,59782346.27,58135856.09,27563541.08,966318.1,1210069.25,2578745.38,123767042.35,1216.9,4775842.0
FRA,LUX,2018,30,8685736.53,5218743.74,3466992.79,6617838.25,538296.65,658697.16,1253887.19,39197406.27,74.5,4177724.29
FRA,LUX,2019,30,149865095.76,129639092.92,20226002.85,12524201.84,2106350.13,2918872.21,10379616.58,64358794.93,658.0,41960168.06
FRA,LUX,2020,27,1542262336.16,1302651649.62,239610686.54,847674465.51,159016575.11,201460532.71,1002322.98,4202465155.45,2914.0,6362150.5
FRA,LUX,2021,23,132270327.39,94027391.93,38242935.46,-1111021.19,0.0,0.0,430827.33,-4932456.89,595.3,1828666.34
FRA,MAC,2016,23,179383597.41,109006995.06,70376602.35,-26907539.61,0.0,0.0,1664919.35,-154526357.85,701.9,3378809.83
FRA,MAC,2017,19,1726049.69,664008.76,1062040.93,902665.13,63137.5,74770.28,2161647.42,2204922.17,56.8,5797343.3
FRA,MAC,2018,17,243427760.6,179671150.5,63756610.1,101960967.25,7246992.32,7807622.34,4577246.89,536685813.7,315.6,8505125.46
FRA,MAC,2019,26,59483435.21,15894011.63,43589423.58,10082922.85,1789213.41,2423927.63,318990768.41,23202354.24,643.0,784329815.37
FRA,MAC,2020,29,48830997.43,14868255.08,33962742.35,9154014.82,152537.84,180708.33,6713512.11,51055138.76,859.5,12772243.93
FRA,MAC,2021,28,516640821.34,278989228.98,237651592.36,322941603.73,18958735.17,20049971.57,1369353.49,1803014187.0,997.3,3958100.75
FRA,MCO,2016,28,92418853.87,6169027.05,86249826.83,59874798.03,1762022.43,2156114.07,888895.31,261123455.2,642.5,2818140.92
FRA,MCO,2017,23,9886699.76,6337716.68,3548983.08,1444459.57,157183.79,196470.06,5102616.55,6696507.06,38.9,41001226.42
FRA,MCO,2018,28,60378310.34,44822816.74,15555493.6,13213204.46,1051882.7,1471715.81,88299871.88,74438757.35,165.0,199123842.86
FRA,MCO,2019,23,33818506.46,13440747.97,20377758.48,25522734.41,2422703.42,2757360.15,1496699.16,82170257.2,319.6,2790011.3
FRA,MCO,2020,32,136399509.66,117499995.37,18899514.29,56144094.31,6798521.26,7464810.61,7692916.19,117656965.16,284.6,15961438.1
FRA,MCO,2021,28,13515057.53,9849998.16,3665059.37,1655388.79,232044.36,321231.17,34473914.11,3687944.24,160.1,77598823.33
FRA,MEX,2016,37,281723546.84,139348979.15,142374567.69,42120309.83,5340677.52,5525603.4,51022192.49,110539708.01,1252.1,103459851.75
FRA,MEX,2017,39,14905312.63,7360869.03,7544443.6,2216056.76,462325.24,621469.86,38026997.96,6195574.97,115.3,162541970.69
FRA,MEX,2018,57,150712956.05,47763297.2,102949658.86,7119075.76,1864064.67,2378500.13,775972.37,35223639.65,3080.3,1524629.66
FRA,MEX,2019,42,43110621.54,25979812.63,17130808.91,1596491.45,288626.64,386880.52,2231381.79,8678306.93,368.2,15679162.65
FRA,MEX,2020,33,13685346.78,6159874.43,7525472.35,4602848.01,593719.57,795169.11,947558.55,11825301.12,60.0,2276783.65
FRA,MEX,2021,30,71606579.07,34718940.33,36887638.74,-10415956.8,0.0,0.0,6993268.74,-52529620.27,793.4,18954464.2
FRA,MLT,2016,28,18977128.85,7325454.2,11651674.64,6865736.26,2535444.96,2955515.01,5112550.32,32012983.76,290.7,19726154.85
FRA,MLT,2017,27,39501990.28,13506578.52,25995411.76,14786806.91,3292263.15,3544374.42,956662.66,57406720.05,441.5,1917976.9
FRA,MLT,2018,30,54965771.58,38321627.39,16644144.2,-2748288.58,0.0,0.0,737627.52,-5997740.91,162.0,6261168.37
FRA,MLT,2019,29,58221642.06,40729333.57,17492308.49,12223395.85,0.0,0.0,2945833.64,31547313.63,339.3,16969740.08
FRA,MLT,2020,25,54179121.01,44886204.06,9292916.94,15027462.06,1176239.92,1307439.7,3688008.43,47356379.16,208.7,8256090.13
FRA,MLT,2021,21,159739512.23,112643319.4,47096192.83,12472394.91,1215893.96,1359932.63,613864.25,25774507.52,665.9,2334883.86
FRA,NLD,2016,25,174290772.89,123500123.84,50790649.05,33362978.57,0.0,0.0,2998288.53,116785199.89,722.3,5491851.77
FRA,NLD,2017,27,148407251.14,85483671.27,62923579.88,109496400.96,23134518.85,31094002.43,10387488.61,342100654.91,622.9,17784882.73
FRA,NLD,2018,29,637631728.06,182671477.88,454960250.18,95858769.31,24352142.85,28438314.81,143303.56,561316271.25,7290.5,1179848.42
FRA,NLD,2019,27,28017391.33,13404091.69,14613299.64,9527683.43,1239600.43,1320882.52,48325805.84,22992465.79,668.8,84434639.71
FRA,NLD,2020,27,32029607.95,18635482.98,13394124.97,17383320.93,3861388.96,4048322.65,1301722.04,40406425.95,1466.5,2424912.36
FRA,NLD,2021,19,2975649905.6,1703242969.26,1272406936.35,1590201995.34,37226621.53,38964394.57,2086872.35,7837330805.13,10167.5,9704828.56
FRA,NOR,2016,41,285250775.47,28201692.67,257049082.8,-18216428.67,0.0,0.0,12955689.98,-41950027.73,4350.1,24947363.66
FRA,NOR,2017,28,334591330.69,140826221.53,193765109.17,105990033.86,16934967.46,20792880.89,3241993.64,378774785.46,1461.5,14576176.45
FRA,NOR,2018,29,21244493.78,6085375.41,15159118.37,3081763.64,835065.84,1003737.49,663872.96,16301682.1,570.3,2560484.65
FRA,NOR,2019,45,52029910.57,18397879.76,33632030.81,10999603.01,1424994.91,1530605.08,2977079.95,59167631.64,302.2,5497411.67
FRA,NOR,2020,37,244803942.06,152000678.78,92803263.28,72843656.4,16014172.05,18052317.12,177604.41,186391995.57,1666.7,1259670.36
FRA,NOR,2021,41,13583557.24,2640004.22,10943553.01,3764106.28,1230884.29,1536538.91,33013460.05,9313617.28,449.4,127341302.64
FRA,NZL,2016,33,104578772.8,29373808.68,75204964.11,6426863.48,2624383.03,2978524.02,911537.82,14329207.78,963.4,7986365.11
FRA,NZL,2017,38,133122417.23,44368865.45,88753551.78,32750313.69,8017672.39,8901769.31,62542.64,100159392.68,1248.8,553886.63
FRA,NZL,2018,44,161564678.58,33189368.16,128375310.42,50259614.69,12856898.05,17529874.26,3580534.93,279537404.4,1711.1,10128160.45
FRA,NZL,2019,51,19836224.29,198362.24,19637862.05,2596751.08,1168537.98,1561226.92,18349010.65,13807904.42,369.2,161749598.74
FRA,NZL,2020,41,85384965.57,29029450.81,56355514.76,9735084.4,2386456.18,2525482.08,615806.69,30001167.0,408.0,6117747.49
FRA,NZL,2021,39,54709064.55,19496361.43,35212703.13,9855650.98,1762642.02,1777134.72,32069263.85,30575233.11,456.4,79918737.03
FRA,PAN,2016,28,7012285.35,4363566.96,2648718.39,1081797.99,154432.76,211899.4,20651667.03,2813800.86,75.5,41182986.57
FRA,PAN,2017,25,2161317135.5,1752321927.8,408995207.7,678545260.31,124193957.44,129464904.48,9548488.23,3429490605.01,2167.5,18242663.54
FRA,PAN,2018,29,189006465.31,93451873.83,95554591.48,96576440.27,10482749.09,13241699.48,474872.61,236730081.87,527.0,1487995.59
FRA,PAN,2019,22,167376684.37,119804828.99,47571855.39,63180046.55,13452865.02,14434846.55,4621130.38,171661561.36,743.6,25049991.11
FRA,PAN,2020,26,17490103.68,10084899.81,7405203.87,10541394.51,1764159.72,2053687.47,74128.36,33249734.77,57.5,271164.88
FRA,PAN,2021,19,134401176.11,92972115.67,41429060.44,19957519.3,652365.75,712742.1,2955649.39,83448334.91,970.7,7162047.05
FRA,POL,2016,28,25404055.16,2538286.87,22865768.28,4312545.62,576708.61,705890.1,7556914.22,15558904.21,504.6,18737062.85
FRA,POL,2017,51,2755440.41,1323795.79,1431644.61,-267967.46,0.0,0.0,667687.23,-816527.37,18.8,1881928.1
FRA,POL,2018,34,607867354.9,98876017.11,508991337.79,88199965.1,15025464.61,19748325.14,6142542.93,465039209.72,4608.7,42178746.24
FRA,POL,2019,38,15256443.82,5434347.38,9822096.43,-904003.25,0.0,0.0,61270058.99,-4979025.81,175.1,107251198.55
FRA,POL,2020,37,130201440.16,79214969.88,50986470.28,9622619.53,1679010.93,2315039.52,1479539.09,30959037.8,1484.7,7817440.1
FRA,POL,2021,42,18270383.83,4301687.19,13968696.64,11045206.49,2525210.06,2527814.94,1394047.83,26229228.91,331.8,3314410.47
FRA,PRT,2016,38,1032154418.22,434575490.44,597578927.78,394261999.19,72914512.28,73228201.74,4606219.67,1434628235.17,6695.0,11279419.77
FRA,PRT,2017,53,26060796.66,6724027.25,19336769.41,5686678.93,16061.37,21912.05,64369.67,12529018.75,169.5,237879.89
FRA,PRT,2018,35,4788189.96,2283497.31,2504692.66,903748.75,178451.08,207904.13,570115.96,3745034.72,123.2,4847425.31
FRA,PRT,2019,46,127498987.01,52163113.15,75335873.86,9662608.52,2785209.54,3866800.16,1827590.12,35273594.55,1004.0,4017443.97
FRA,PRT,2020,37,40704699.86,26490926.57,14213773.29,6843746.13,1346463.61,1434156.26,470223.19,27712875.19,186.6,2456694.13
FRA,PRT,2021,32,34190999.21,4397654.67,29793344.54,9483014.55,1738065.27,1778012.49,4480541.84,26572497.57,600.4,16193357.77
FRA,SGP,2016,26,10098068.31,6218956.25,3879112.07,5402388.15,622820.37,799687.05,7861847.06,29163850.13,29.0,30383872.47
FRA,SGP,2017,30,1252670824.1,1227617407.62,25053416.48,398854757.44,113166971.59,135303546.24,16203168.14,1358798283.76,489.4,28989202.98
FRA,SGP,2018,27,194301910.95,165494218.15,28807692.8,35562362.13,7849155.43,10113499.4,3868376.57,138729040.89,234.9,6707973.82
FRA,SGP,2019,24,1049896960.97,846439037.0,203457923.97,421338164.03,46165967.86,50135228.45,1377943.43,2512319868.86,7914.1,2372321.73
FRA,SGP,2020,29,13138023.02,4090195.56,9047827.47,3684259.79,183131.9,195336.74,7117584.38,14058761.24,116.1,13116344.83
FRA,SGP,2021,34,38649128.26,25125699.59,13523428.67,22321740.51,1999403.65,2024472.05,25881050.31,90023888.21,588.9,62457956.13
FRA,SWE,2016,36,19598632.75,4121990.08,15476642.67,4324254.65,731981.04,966603.53,392728.39,18677369.0,336.8,1672356.62
FRA,SWE,2017,36,33104195.81,21586164.06,11518031.75,3546504.75,587432.27,615621.8,13581820.78,7744389.62,183.3,25303157.29
FRA,SWE,2018,47,8388496.33,1562036.27,6826460.07,1355526.2,330590.19,353211.25,3533227.86,3652584.5,182.4,5891037.34
FRA,SWE,2019,38,230644363.64,191024110.08,39620253.56,76215554.66,32297201.06,37070067.07,548647.98,212331437.98,655.2,1268078.84
FRA,SWE,2020,29,3484443.3,1663676.31,1820766.99,325165.07,56870.72,67265.24,5183516.71,1587136.21,135.4,14966045.42
FRA,SWE,2021,43,45630988.65,21881103.74,23749884.91,5042084.91,1594877.01,2072772.06,2918349.39,24752436.57,277.0,11868873.14
FRA,TUR,2016,37,2464194.2,1129266.61,1334927.59,480398.09,142643.29,186648.97,5668208.99,2701214.26,45.2,10189262.28
FRA,TUR,2017,32,261325732.36,2613257.32,258712475.04,17270693.58,1437160.6,1840119.41,1641628.15,60537113.22,3799.2,3127620.27
FRA,TUR,2018,43,7125077.04,2185273.52,4939803.52,639807.89,191671.48,265915.17,471680.92,3258064.9,209.9,2452449.2
FRA,TUR,2019,51,278495713.85,85620439.95,192875273.89,37201444.5,6667774.67,7600261.86,1876251.87,212493892.36,1131.1,8529486.69
FRA,TUR,2020,43,10324973.96,4500474.67,5824499.29,569888.78,59541.86,64971.1,7976829.39,1401038.0,103.4,22979138.16
FRA,TUR,2021,30,31995023.7,13480112.78,18514910.92,9251519.08,2223394.27,3006423.25,10418355.81,46366394.13,318.5,17882409.74
FRA,USA,2016,41,77163340.86,8055876.5,69107464.36,13870317.28,2513386.44,2946747.47,21866348.67,78545603.82,1451.7,45719434.26
FRA,USA,2017,51,50848932.97,22022760.42,28826172.55,11690368.89,3448669.93,3592493.82,1589763.88,49043733.54,833.1,2691991.94
FRA,USA,2018,42,19027167.32,4267547.04,14759620.29,4672943.16,717762.24,758445.82,577857.7,21268975.52,295.9,4099210.44
FRA,USA,2019,42,923419695.13,878373910.8,45045784.34,553971196.33,249287038.35,294858378.28,1361823.32,1255755292.58,1386.0,10492881.76
FRA,USA,2020,39,22770579.16,5217634.64,17552944.52,8019635.84,1798958.3,1925541.09,2408913.59,37397775.73,236.8,6354027.06
FRA,USA,2021,31,29533088.06,16755145.62,12777942.44,10469670.83,3528967.85,3899962.36,5609800.02,21749666.31,778.9,9426373.22
FRA,VGB,2016,21,405796228.48,301940152.83,103856075.64,100773032.03,21478524.36,23003680.24,11879387.39,574882317.81,1293.4,33210715.54
FRA,VGB,2017,37,80532418.37,36712480.5,43819937.87,38944360.75,5419358.93,6720556.36,560053.96,184907476.93,687.3,965144.29
FRA,VGB,2018,19,239643665.74,82174465.9,157469199.84,-35450536.54,0.0,0.0,3841055.58,-163145659.77,2093.9,13168893.98
FRA,VGB,2019,19,454717078.14,256333817.66,198383260.48,40638719.11,5905612.14,6453000.69,1683935.46,126400658.97,1410.7,13125884.2
FRA,VGB,2020,20,3865981.13,2523351.59,1342629.54,1662556.5,152721.89,185534.09,1153301.48,3376945.47,66.5,3026733.63
FRA,VGB,2021,28,2198062295.81,2036318589.63,161743706.18,-325349780.95,0.0,0.0,7455876.47,-1778616585.01,2182.1,14212188.42
FRA,ZAF,2016,44,131720020.34,17935760.7,113784259.64,28716142.95,4388128.29,6123632.18,11009165.87,90004952.95,572.0,22615023.45
FRA,ZAF,2017,40,21498882.51,10919529.58,10579352.93,4270516.64,279563.07,374347.39,1510825.75,13693183.15,178.4,4999509.58
FRA,ZAF,2018,36,120373655.23,47689701.76,72683953.47,44444949.8,5021791.5,5617171.24,1802499.54,96129311.46,485.1,5926443.23
FRA,ZAF,2019,43,29598031.55,4662965.0,24935066.55,2573051.02,475411.0,519302.92,3878664.37,14151256.13,806.2,7123725.39
FRA,ZAF,2020,37,19063815.68,4628992.07,14434823.61,3742165.63,822772.55,827637.09,48575588.21,8673606.03,440.5,105773316.74
FRA,ZAF,2021,44,153493881.34,88182371.89,65311509.45,34808439.88,5100150.76,6046899.86,2438592.9,178812575.0,3985.1,12878025.97
JPN,AUS,2016,45,162557940.04,105588506.57,56969433.46,10559226.55,379042.9,425687.4,7970447.61,50349472.79,844.1,16986958.57
JPN,AUS,2017,35,51688708.9,39737309.89,11951399.0,5149066.08,449299.62,507250.87,1056955.96,13938506.9,101.7,2301892.18
JPN,AUS,2018,35,17770225.11,9177213.31,8593011.8,2788311.21,673976.32,768636.88,1124247.69,9367156.97,140.4,2031464.02
JPN,AUS,2019,37,184327168.68,67432857.39,116894311.3,15841651.83,867578.8,1011728.01,16849612.44,49236958.04,918.9,75522517.76
JPN,AUS,2020,38,19282492.87,11649339.17,7633153.7,2697997.58,418851.43,491735.72,6846995.4,12466793.3,71.4,24710282.33
JPN,AUS,2021,45,48455183.33,29347233.64,19107949.68,12849409.6,3817833.29,5052315.81,24717747.65,44558029.13,623.0,71957384.52
JPN,AUT,2016,31,73706879.29,28432385.09,45274494.2,15066694.1,2010795.93,2014062.56,490659.02,44624307.12,668.0,4456078.63
JPN,AUT,2017,39,499561141.46,136933170.39,362627971.07,97062535.91,22402290.62,28414152.83,378065.73,568572626.58,3903.0,1780817.79
JPN,AUT,2018,46,11227071.81,2798134.88,8428936.93,2062042.85,237587.58,263403.19,1513322.61,6659010.37,228.5,2629349.14
JPN,AUT,2019,34,891715404.08,286117544.76,605597859.32,100584051.61,13254186.49,15504097.91,2009748.33,222530061.43,5597.0,13315335.0
JPN,AUT,2020,51,9140568815.41,4259897597.51,4880671217.9,1484723887.78,296952166.09,378496466.85,63574947.52,3577803938.5,19804.6,128019125.25
JPN,AUT,2021,42,14969600.43,5988270.57,8981329.87,1800271.24,382841.43,466078.29,2871231.46,9783611.3,187.5,7276390.43
JPN,BEL,2016,42,20375740.24,6650855.42,13724884.82,4745875.63,1333607.85,1370149.95,19409339.18,16021319.22,200.8,61745231.09
JPN,BEL,2017,30,103723303.17,29818107.36,73905195.82,14590959.78,3623586.64,4756080.87,7415578.49,44815174.51,478.4,21655517.89
JPN,BEL,2018,39,40334436.78,21922070.52,18412366.25,6709846.03,1781902.17,1863308.77,624260.53,23322077.0,280.5,1491802.86
JPN,BEL,2019,41,8322246.42,1945683.78,6376562.64,979081.08,184648.72,208904.33,56311260.13,2317360.74,247.8,125723483.02
JPN,BEL,2020,38,24414591.67,5946593.85,18467997.82,2702725.12,842692.13,1014097.39,369353.15,7887174.95,989.7,622409.31
JPN,BEL,2021,50,64920043.69,19729278.87,45190764.82,8005091.58,2033276.45,2142441.93,198463.13,36297295.13,882.4,805136.89
JPN,BHS,2016,22,937155626.13,559230272.66,377925353.47,-15765114.77,0.0,0.0,12112155.83,-71974825.46,8324.7,23773899.63
JPN,BHS,2017,26,116079686.92,28622639.42,87457047.5,71957332.39,2575304.64,2998534.26,14573420.11,232983448.69,911.1,31256751.66
JPN,BHS,2018,21,61556674.46,44309579.03,17247095.43,26146867.78,2314949.19,2394526.93,13776978.61,87339119.38,477.6,24817547.4
JPN,BHS,2019,16,20352165.97,13629981.79,6722184.18,6772141.87,370066.25,433731.22,22870160.74,15243851.83,103.4,105654653.58
JPN,BHS,2020,26,14246021.44,10716654.33,3529367.12,11851346.32,555637.26,714625.74,11263726.84,68183479.43,99.8,19134872.19
JPN,BHS,2021,22,128043678.6,101298699.85,26744978.75,46851363.17,7294173.52,7338766.04,2531127.97,168075030.25,258.6,6429785.24
JPN,BMU,2016,20,5578218.62,4022056.57,1556162.06,1813749.61,113890.82,150754.59,1342210.6,10834475.88,68.3,3430336.88
JPN,BMU,2017,27,42395956.57,30118259.43,12277697.14,10581537.02,1429114.3,1904846.16,4105238.58,58499537.22,988.6,19043215.97
JPN,BMU,2018,35,318462459.84,204835567.13,113626892.71,36256000.26,3649258.02,4919930.06,431014.17,152459946.62,2327.4,1078605.12
JPN,BMU,2019,21,277826180.2,198367431.57,79458748.63,102113460.86,16069709.92,16180390.97,2342023.05,573333615.52,553.4,6593961.78
JPN,BMU,2020,26,6481431.27,4098556.74,2382874.53,3056524.3,408186.47,518000.5,2640496.33,11228081.47,68.3,9304774.35
JPN,BMU,2021,32,191154074.21,75808600.19,115345474.02,51726340.63,11858598.78,12051852.47,5157804.35,226715950.02,902.9,13998849.81
JPN,BRA,2016,49,143623010.28,62694126.7,80928883.57,47271923.49,4788923.21,5219584.77,10520923.61,219801375.27,971.8,30466034.55
JPN,BRA,2017,31,23857063.02,7622023.29,16235039.73,12677016.23,1626513.16,2219791.83,4366112.29,42933814.18,481.3,14338528.23
JPN,BRA,2018,36,4358667.76,1528144.78,2830522.98,687907.94,131645.54,159314.85,6876192.71,3408953.59,68.3,63235191.45
JPN,BRA,2019,41,36697263.95,25322441.42,11374822.52,10038393.52,1228153.0,1434445.07,4239327.83,31042907.29,202.9,24548592.32
JPN,BRA,2020,37,57097611.67,26519922.69,30577688.98,12918047.34,4364280.06,5460690.79,11499929.95,40216785.4,963.8,19266658.25
JPN,BRA,2021,50,2596542.68,1047572.57,1548970.11,446385.39,94208.66,115961.42,22497744.1,2244388.62,42.7,47042885.94
JPN,BRB,2016,23,29507830.26,19302880.0,10204950.26,9940541.84,2287044.65,2464690.57,1070364.3,43261394.47,630.9,2855515.07
JPN,BRB,2017,24,63403024.09,54159286.98,9243737.12,1721760.24,292288.73,341031.16,1410555.4,5522371.06,225.1,8739667.09
JPN,BRB,2018,28,276144581.76,168291751.92,107852829.84,127499955.77,0.0,0.0,10511148.45,664917238.19,638.3,47774876.9
JPN,BRB,2019,25,440246669.0,357159347.0,83087322.01,-28847328.66,0.0,0.0,9022690.68,-65852232.53,1224.6,71020238.58
JPN,BRB,2020,24,198170829.66,118012319.85,80158509.82,84015298.01,3010835.47,3090169.87,70150080.43,433663328.42,1404.2,173218501.84
JPN,BRB,2021,18,56508021.31,30145715.88,26362305.43,32709753.67,0.0,0.0,6965149.11,194458845.73,674.4,25613266.07
JPN,CAN,2016,48,190304120.57,76009940.71,114294179.86,48610166.59,12526891.75,15552111.02,5310971.72,168464872.25,1511.5,11171715.32
JPN,CAN,2017,41,21961220.81,13812119.49,8149101.32,4883475.43,1156714.83,1540134.2,3675331.93,13936473.23,117.3,8332137.16
JPN,CAN,2018,33,76257649.1,29902677.15,46354971.96,11352370.0,1456038.93,1544457.16,1305464.79,57632079.83,484.8,7311300.48
JPN,CAN,2019,31,32596851.72,17402223.49,15194628.23,10133720.25,461222.05,496930.41,1446583.93,55416490.88,185.6,8281680.29
JPN,CAN,2020,39,34343249.61,10683647.17,23659602.44,-4711627.77,0.0,0.0,437677.22,-26169511.95,562.4,1428499.86
JPN,CAN,2021,43,44579270.89,6440690.48,38138580.42,4272784.16,723930.51,729415.04,11890850.03,10136378.31,575.1,27003855.51
JPN,CHE,2016,17,64164312.22,56569078.14,7595234.07,37936025.23,205255.7,247529.25,1492347.59,153033146.9,306.4,2886197.21
JPN,CHE,2017,26,68411768.59,23463047.98,44948720.61,13253667.37,0.0,0.0,11099545.71,71097150.88,590.5,45621842.66
JPN,CHE,2018,30,29570384.79,19710666.01,9859718.79,10386889.06,2047360.1,2324762.05,556032.31,39276071.07,96.2,2148257.59
JPN,CHE,2019,24,533445197.49,363947571.51,169497625.98,86621201.03,4502252.08,6297744.31,1613043.27,174478910.57,1829.3,9049942.48
JPN,CHE,2020,26,112919082.77,27135855.59,85783227.18,47087171.92,0.0,0.0,20685958.97,253512265.49,2256.5,64737529.26
JPN,CHE,2021,27,13153118.28,9213090.14,3940028.15,3665072.56,129163.98,162957.1,2482224.96,9073093.91,105.9,18765781.05
JPN,CHL,2016,47,14697628.15,13521817.9,1175810.25,494974.29,73025.81,92581.61,4307338.73,1613208.75,75.2,17406381.88
JPN,CHL,2017,35,58281943.3,16972657.21,41309286.09,18318765.23,4279879.93,5711555.43,822605.55,87780495.46,544.0,6536039.42
JPN,CHL,2018,46,143686037.49,25663776.03,118022261.46,34127927.59,6593642.84,9198279.6,5136593.27,159880239.28,1191.5,9381778.07
JPN,CHL,2019,35,18723524.49,11262985.71,7460538.78,3239892.79,447044.37,537854.28,7707382.15,15820333.99,81.8,15686158.21
JPN,CHL,2020,46,113425399.38,69530565.84,43894833.54,27675526.09,7199957.64,9732177.06,28306861.49,165239983.06,320.1,64295100.56
JPN,CHL,2021,36,55629343.99,17335059.6,38294284.4,7619264.68,2435164.55,2799110.69,1425901.12,31423412.32,902.6,3008614.66
JPN,CHN,2016,37,24041096.9,6179671.88,17861425.01,-811895.29,0.0,0.0,2096039.36,-4606379.09,307.2,3778287.7
JPN,CHN,2017,55,66855966.31,40816492.83,26039473.49,813091.42,123898.38,161727.58,17905351.08,4508063.61,905.3,46582329.81
JPN,CHN,2018,41,21187647.86,12698221.82,8489426.04,4511053.57,22104.02,23066.56,871669.79,13644626.98,113.2,2770301.63
JPN,CHN,2019,39,71416220.82,17181400.57,54234820.25,1985179.62,450343.26,468263.65,5172184.91,11535921.91,1382.7,9224873.82
JPN,CHN,2020,45,13131289.63,7217442.09,5913847.54,2099034.7,375679.1,462695.27,16919262.06,8056609.61,224.8,51433271.07
JPN,CHN,2021,34,5813855.53,3314678.1,2499177.43,1710398.63,80421.73,98062.75,36284772.26,9456565.54,58.1,121061500.55
JPN,CYM,2016,38,107259787.13,42798280.6,64461506.53,101896797.77,0.0,0.0,17145149.03,353567241.86,419.5,43921782.81
JPN,CYM,2017,23,70183539.26,47661101.17,22522438.09,25826846.01,0.0,0.0,3727493.34,105486360.47,769.1,8756383.99
JPN,CYM,2018,26,80716111.24,47537037.09,33179074.14,32122618.87,5683940.25,7948471.59,591131.36,93771318.67,362.0,5651825.72
JPN,CYM,2019,24,61345476.84,19099207.45,42246269.39,20023623.86,1922664.15,2653912.14,40989948.51,94774356.42,1928.8,85751675.75
JPN,CYM,2020,22,41811053.83,21667944.55,20143109.29,2615997.44,241913.63,305763.89,4311996.24,8408423.73,290.9,13116322.59
JPN,CYM,2021,26,120429244.67,77370986.52,43058258.15,66747838.17,9059090.09,12428696.03,211511.66,277350315.79,450.9,437271.78
JPN,CYP,2016,36,10656866.96,7645210.12,3011656.83,4334965.3,115616.4,131195.23,14730132.16,23689715.0,49.8,27880331.77
JPN,CYP,2017,20,25126098.23,8459965.5,16666132.74,12229975.51,1496192.99,1952359.48,8787812.49,54525493.69,267.5,20861584.3
JPN,CYP,2018,20,46910929.43,35885734.32,11025195.1,14701447.2,2424984.6,3212075.05,830317.79,72250656.88,294.7,6527861.38
JPN,CYP,2019,29,40893544.43,22217492.67,18676051.76,-6134031.66,0.0,0.0,1940850.53,-21683259.05,353.8,7755784.34
JPN,CYP,2020,28,417010496.94,167212609.84,249797887.1,178523531.1,5391266.42,7245349.99,7401843.8,978720778.41,1482.3,28580435.4
JPN,CYP,2021,16,60339988.7,27623142.15,32716846.55,38472849.55,3051282.3,3328619.47,3341112.18,217977913.31,338.1,6194392.69
JPN,CZE,2016,46,595260339.68,91967795.65,503292544.03,-3015245.03,0.0,0.0,332414.67,-9055283.36,6796.5,1516677.7
JPN,CZE,2017,41,6032629.33,2987061.41,3045567.92,1795189.38,484821.74,636539.42,204645.52,3978736.47,170.8,835887.02
JPN,CZE,2018,34,155206583.28,91065793.84,64140789.44,-1407065.74,0.0,0.0,18079417.28,-3766754.87,1665.5,46453474.6
JPN,CZE,2019,45,25370109.98,12822055.8,12548054.18,-857429.83,0.0,0.0,1521999.5,-4996016.72,332.8,8182319.75
JPN,CZE,2020,32,30109407.42,12748300.22,17361107.21,125728.99,20850.63,23142.77,892958.06,553112.43,1364.9,3600418.61
JPN,CZE,2021,41,232576515.95,165813381.59,66763134.36,-15438149.63,0.0,0.0,1085734.23,-57002269.19,1331.5,3179577.04
JPN,DEU,2016,35,9857346.23,5538068.47,4319277.76,2807028.32,698036.96,774936.4,38967890.12,10213988.88,84.4,71988136.66
JPN,DEU,2017,33,56061814.58,9049385.52,47012429.07,9585187.8,3569000.77,4609984.8,388721.05,37220936.02,482.8,659933.33
JPN,DEU,2018,40,146258405.03,52760981.09,93497423.94,2974346.31,604735.67,672785.88,25604180.68,16757671.54,753.7,66143579.66
JPN,DEU,2019,24,14228165.02,3307648.0,10920517.02,2460443.3,354652.97,487520.1,1658660.14,12119027.48,93.5,6595131.45
JPN,DEU,2020,39,2318287.86,23182.88,2295104.98,611416.21,52406.53,61070.99,1694703.25,2385443.08,56.2,12690057.85
JPN,DEU,2021,42,13027605.83,2651823.54,10375782.29,5976447.74,0.0,0.0,942831.42,21335838.75,239.0,7151689.96
JPN,DNK,2016,39,54365165.31,12865645.74,41499519.56,16365565.36,3457249.89,4721222.26,768645.95,52555091.13,976.9,1323316.14
JPN,DNK,2017,42,5736349.7,3286827.06,2449522.65,-227959.67,0.0,0.0,4655568.68,-1030563.32,130.0,8046865.44
JPN,DNK,2018,38,12155521.68,2257335.51,9898186.16,-485095.76,0.0,0.0,6568315.84,-2434505.33,117.3,27586822.46
JPN,DNK,2019,28,2519073.33,972571.21,1546502.13,722408.95,170341.48,195702.96,2243644.31,3697061.55,13.4,8489099.12
JPN,DNK,2020,38,41081867.79,10827162.21,30254705.57,9341047.42,1124640.84,1243136.36,1151083.58,31718682.46,385.8,8216180.3
JPN,DNK,2021,42,207166334.26,106226909.35,100939424.91,31829331.12,9877119.73,12247682.02,15860907.82,132626210.18,1494.3,72486365.67
JPN,ESP,2016,36,16538802.12,2467200.86,14071601.26,2583394.01,1113784.65,1153081.61,48423534.26,7172931.94,118.0,107501969.08
JPN,ESP,2017,52,66172769.65,11084505.87,55088263.79,1586817.55,513322.7,590291.51,649907.62,7299237.27,619.0,1217512.66
JPN,ESP,2018,48,19670129.03,9563913.96,10106215.07,2093498.96,287797.82,348770.26,1262550.41,7169442.17,180.1,2186072.49
JPN,ESP,2019,40,339103832.51,130422986.65,208680845.86,92796391.09,28469151.99,38744250.56,340636.17,206404953.51,3784.2,1435215.66
JPN,ESP,2020,54,981665287.97,85553229.31,896112058.66,115783992.71,9560730.41,10479025.23,3077759.54,571102276.37,3626.4,20390629.09
JPN,ESP,2021,45,16091336.29,3165222.74,12926113.55,-65931.98,0.0,0.0,1071901.09,-275542.25,357.5,6248838.26
JPN,FIN,2016,42,4008851.06,1536715.73,2472135.33,1036735.68,198391.34,214966.97,53640321.78,6183996.07,131.4,144669857.84
JPN,FIN,2017,48,290435025.39,80196403.52,210238621.87,11308502.36,2071789.11,2106755.54,56321804.36,25950356.59,4336.8,98936905.3
JPN,FIN,2018,44,383125732.24,208660402.93,174465329.31,-57468859.84,0.0,0.0,920975.08,-196093991.29,1046.3,6180237.22
JPN,FIN,2019,28,22790036.96,3655066.75,19134970.21,-682633.27,0.0,0.0,1817328.83,-3966468.5,209.1,3941309.01
JPN,FIN,2020,33,34935435.51,349354.36,34586081.16,10368022.72,509020.74,679747.75,15173666.88,52153392.23,926.3,27456355.66
JPN,FIN,2021,39,19154251.6,9231553.62,9922697.97,2074264.69,438721.48,575309.75,1437657.7,8916074.38,103.8,3382857.63
JPN,FRA,2016,42,126700272.36,24241991.36,102458281.0,12419387.33,2703930.05,3780966.46,391003.61,37005771.96,987.9,3245148.76
JPN,FRA,2017,42,64660058.19,23774377.79,40885680.4,7933910.24,1511423.43,1791735.11,3682891.38,38547851.04,475.1,12297453.62
JPN,FRA,2018,37,1331017870.99,1097833810.35,233184060.64,48390098.31,8692201.74,11202645.2,12013856.81,174934603.7,4932.7,36297004.64
JPN,FRA,2019,25,68484383.47,684843.83,67799539.64,-2342924.4,0.0,0.0,1108389.0,-12600192.33,2503.3,8006551.51
JPN,FRA,2020,28,24583762.95,4274002.78,20309760.16,701557.98,160671.64,175482.95,26072399.09,1521110.87,229.3,61576715.0
JPN,FRA,2021,33,16080229.45,3811953.44,12268276.01,3058180.53,923909.02,1200184.21,1810391.29,6313895.12,449.0,5273928.06
JPN,GBR,2016,37,3291533.23,1174842.77,2116690.46,731819.89,187327.97,222957.52,2512777.56,3472559.55,107.9,5663362.38
JPN,GBR,2017,41,99290810.69,66535551.44,32755259.25,24547119.37,6195824.23,8069817.03,18123928.24,72554879.62,544.0,31581632.9
JPN,GBR,2018,41,19369644.92,15672567.25,3697077.67,2797359.09,335636.4,402380.73,17597002.43,5667985.02,54.0,74813174.91
JPN,GBR,2019,45,10801298.83,1710180.81,9091118.02,1706729.31,677533.13,874630.49,55421948.9,4262238.86,164.4,107682345.97
JPN,GBR,2020,43,608488976.25,259291396.56,349197579.7,100226009.31,29014349.6,33486200.79,666604.37,586343896.74,4126.4,1514707.43
JPN,GBR,2021,40,199366593.77,35304314.17,164062279.6,21476390.67,5495654.59,5737323.86,5503568.9,101585177.39,1379.7,16225217.03
JPN,GGY,2016,27,43244041.51,32088156.27,11155885.25,9253913.72,339975.92,359116.72,3809469.55,50480086.95,609.5,6852542.56
JPN,GGY,2017,35,405951279.65,189778314.4,216172965.25,91013293.53,8827605.11,12314480.49,729831.24,482531032.97,1244.4,1583698.83
JPN,GGY,2018,25,99122397.9,55312586.22,43809811.68,39592311.66,8404935.63,9232243.66,2903182.4,151171637.6,310.2,7124058.57
JPN,GGY,2019,29,79492920.2,69190382.02,10302538.18,36845453.38,1871172.76,2561118.86,1317167.4,98549572.25,178.8,5108502.73
JPN,GGY,2020,28,257790213.89,88434617.47,169355596.43,196285699.99,25606242.96,26388886.67,7677781.57,981953578.49,5144.9,28613102.82
JPN,GGY,2021,30,18337872.13,11693666.88,6644205.25,2171128.81,143742.8,147054.07,2040592.71,7243454.69,110.6,4896873.44
JPN,GRC,2016,42,55404333.82,11873939.22,43530394.59,12779837.86,1916002.75,2298136.6,5503863.74,62043208.31,739.9,9533086.39
JPN,GRC,2017,35,79355501.77,50623536.39,28731965.38,924994.41,233030.89,288460.82,2030688.77,2442709.08,1738.6,5608671.67
JPN,GRC,2018,42,35848251.94,9284265.14,26563986.8,7986101.28,1422093.24,1657045.4,5761693.74,19452166.84,309.2,25515044.53
JPN,GRC,2019,47,45826622.7,17612043.91,28214578.79,11213303.02,2518990.43,3508629.11,859500.89,25520321.89,694.0,3852745.25
JPN,GRC,2020,47,3539770.02,1454402.29,2085367.73,93848.53,20099.2,27384.69,13341310.06,294317.82,41.3,69298166.09
JPN,GRC,2021,42,40449702.57,22837048.67,17612653.91,2153652.19,502927.57,660071.11,10047517.28,8263229.06,230.6,26737839.89
JPN,HKG,2016,41,285456957.13,124253151.79,161203805.34,101917436.15,6551755.12,6921546.63,1987224.76,588103145.61,495.2,4832259.18
JPN,HKG,2017,24,45296760.6,23459607.75,21837152.85,5475471.95,1097589.02,1269817.57,12491072.16,13294900.65,652.9,116727500.14
JPN,HKG,2018,27,183653512.98,88544937.09,95108575.89,49812408.33,9680233.86,12196950.21,9841089.42,270127150.25,1104.7,19694662.72
JPN,HKG,2019,20,284564255.3,246045546.18,38518709.12,88653553.74,10802792.97,14200733.06,2905330.66,371011749.02,793.0,8951035.01
JPN,HKG,2020,31,13050279.24,7357303.84,5692975.4,1258972.49,158137.43,215787.64,10147169.46,6438071.12,312.0,21072426.37
JPN,HKG,2021,30,7810396.55,4182181.65,3628214.89,3520398.29,442442.81,613841.34,329071.71,19889763.39,76.1,1292632.23
JPN,IMN,2016,26,380295837.01,274134881.26,106160955.74,65673342.43,2132042.33,2619369.01,7759552.59,177593207.58,1088.4,20005339.37
JPN,IMN,2017,22,97196724.9,43512829.28,53683895.62,-14579508.74,0.0,0.0,2822137.74,-78190640.3,1285.1,8192709.17
JPN,IMN,2018,25,119893870.58,101659436.32,18234434.26,65511929.44,9029893.63,9614429.64,15171417.24,184523230.33,279.5,45950260.42
JPN,IMN,2019,23,2246079177.58,1898024796.88,348054380.7,1304802926.25,232755409.84,279945480.38,2687420.95,5303312438.15,4904.0,8088477.52
JPN,IMN,2020,30,134668712.45,93147364.56,41521347.89,56618628.03,18730742.98,23699331.23,16616040.97,337218139.11,286.7,62651959.01
JPN,IMN,2021,22,504789117.83,211302974.54,293486143.29,29729665.83,209468.14,275475.27,603581.78,62682610.84,4497.7,2161017.88
JPN,IND,2016,37,64705127.47,9602110.79,55103016.68,6588072.48,1601492.67,1629418.74,1045824.92,24545742.12,1011.1,8977321.93
JPN,IND,2017,53,2596470566.27,1908078620.68,688391945.6,548865515.6,35822510.61,42271393.2,4070224.61,1242647312.94,18027.3,17661358.63
JPN,IND,2018,41,1110335.51,84796.61,1025538.9,146743.08,55119.58,68605.97,4941907.5,694836.77,18.6,12168317.68
JPN,IND,2019,40,439624963.43,252606277.25,187018686.18,19641440.97,3467977.54,3710813.06,138292.87,51510430.37,2047.9,906091.5
JPN,IND,2020,40,4584346.32,1281860.36,3302485.97,372128.81,61471.48,70562.19,78962746.77,1694657.98,74.5,138382770.65
JPN,IND,2021,38,135298112.42,89115090.37,46183022.05,42071323.45,10251815.89,14315997.93,20697103.5,137060857.07,260.1,35545274.82
JPN,IRL,2016,16,47064992.87,30272808.29,16792184.59,-80405.14,0.0,0.0,26171853.48,-411557.03,292.0,73147450.57
JPN,IRL,2017,27,118686974.51,75981811.71,42705162.8,61529803.94,8189563.66,9483188.42,5951313.08,353162045.36,1526.0,19470514.77
JPN,IRL,2018,21,2769824.6,983023.68,1786800.92,290847.67,36502.59,37648.17,4272479.37,1477339.1,75.0,14069415.6
JPN,IRL,2019,24,46986624.49,40448321.03,6538303.46,17192264.15,3605073.56,3991107.89,7237652.25,81286054.82,133.1,16913268.38
JPN,IRL,2020,27,1065822819.7,803318125.91,262504693.8,281813458.72,30397425.89,36805948.68,33837393.83,607487101.99,1503.3,57222080.6
JPN,IRL,2021,16,67796596.63,24577714.09,43218882.54,51137387.21,11644187.36,12185543.06,2196206.74,266617487.62,898.8,15355055.48
JPN,ITA,2016,40,168156826.41,76783254.92,91373571.49,37928357.67,4830387.46,6747667.4,1286731.39,169804838.2,1402.7,3842253.58
JPN,ITA,2017,52,48750926.19,13675958.83,35074967.36,2342755.83,791785.44,842889.43,261437.3,7663332.81,648.2,743311.75
JPN,ITA,2018,51,276199278.23,68309837.01,207889441.21,16800248.73,2687360.18,3319617.91,126970604.01,87338786.89,3579.5,211677468.68
JPN,ITA,2019,33,9812199.55,3753370.58,6058828.97,668938.1,44000.63,60329.55,3016838.57,1625686.8,386.2,10590197.62
JPN,ITA,2020,42,16594324.12,7710042.7,8884281.42,1587821.21,65092.97,75658.45,11042982.83,7410267.52,216.6,24955628.5
JPN,ITA,2021,35,70992170.53,61452001.26,9540169.27,-10648825.58,0.0,0.0,1275112.54,-26590714.63,196.3,8188955.35
JPN,JEY,2016,25,30545726.35,20606391.05,9939335.3,598379.03,66074.62,90599.38,2394296.05,1713025.72,318.3,5244546.36
JPN,JEY,2017,27,102583611.42,91240011.25,11343600.17,44503470.0,7784818.53,7920702.93,5303791.83,176644362.55,225.9,10044852.82
JPN,JEY,2018,24,8986298.14,3525253.04,5461045.1,4311719.96,526680.53,708939.75,1935242.92,20481454.83,76.2,8782690.92
JPN,JEY,2019,26,31136467.82,20329187.56,10807280.26,9601708.55,1662903.8,2081956.91,1810859.19,36135915.34,321.9,3271728.97
JPN,JEY,2020,36,518078256.04,400209103.44,117869152.59,116649601.02,32171922.77,35539204.89,8534681.14,506955021.32,1873.6,16978117.15
JPN,JEY,2021,25,46948279.7,26274378.8,20673900.91,15478016.16,0.0,0.0,5661471.22,85429392.0,395.0,20918387.79
JPN,KOR,2016,46,454122749.82,293839210.83,160283538.99,42139130.13,10263742.13,12299747.12,480756.17,250791429.19,911.4,1669968.51
JPN,KOR,2017,32,1718552915.24,1261397424.39,457155490.86,484055755.42,112134762.53,122340547.96,14550792.21,1188436239.12,6078.1,41373475.16
JPN,KOR,2018,53,2695556.36,1077424.91,1618131.45,843400.29,143861.9,186451.24,2839827.37,2662063.62,17.5,13158844.32
JPN,KOR,2019,32,18247145.62,3763188.03,14483957.6,-394079.37,0.0,0.0,23646920.69,-2363966.08,363.2,54444791.88
JPN,KOR,2020,38,68283564.4,22587956.6,45695607.8,16436414.89,1340943.18,1446713.83,4355089.65,68538948.59,636.2,13718726.59
JPN,KOR,2021,48,58823793.93,10697484.22,48126309.71,11413353.72,3440371.5,4288379.15,1301607.12,39164999.46,969.2,10145871.24
JPN,LIE,2016,16,31038264.3,24768626.84,6269637.46,18568569.93,1587109.66,1627510.95,965592.04,98005921.91,132.2,1834926.41
JPN,LIE,2017,24,6485391.3,4384597.77,2100793.53,3689513.36,286297.79,348123.54,1091540.12,21915425.16,38.9,4751523.54
JPN,LIE,2018,24,1753200423.42,1718136414.95,35064008.47,270474513.94,69466822.71,89336799.9,1169226.19,1586214630.94,233.7,10166300.78
JPN,LIE,2019,25,9264726.36,4013820.17,5250906.19,167386.08,24109.23,31532.02,400329.51,514801.14,151.7,3778358.29
JPN,LIE,2020,34,36371836.85,24705980.61,11665856.24,17206382.46,812968.26,1058204.3,20383997.38,44707906.24,191.9,56383265.74
JPN,LIE,2021,31,249745779.85,121137040.31,128608739.54,-837984.7,0.0,0.0,13910769.02,-4946278.08,3131.0,38901713.82
JPN,LUX,2016,24,694726386.24,680831858.52,13894527.72,184076624.44,48738550.4,65210908.73,2236503.4,763062720.56,255.7,4700775.54
JPN,LUX,2017,24,73278134.34,43719042.12,29559092.22,34257399.28,0.0,0.0,3948998.42,185431406.8,633.5,8234214.12
JPN,LUX,2018,25,9344714.79,3160361.86,6184352.94,-137542.95,0.0,0.0,4544703.18,-709274.12,191.8,45117603.93
JPN,LUX,2019,16,25359438.77,14266095.35,11093343.42,8001146.24,0.0,0.0,375755.01,29116689.89,236.2,781170.05
JPN,LUX,2020,25,49726326.03,25362725.5,24363600.53,32347950.62,3171058.79,3585250.39,8051270.44,125308514.62,263.7,26445711.01
JPN,LUX,2021,20,2968497.56,1716156.05,1252341.51,1300817.96,118621.52,142043.18,2642764.66,6720416.99,14.6,11566238.23
JPN,MAC,2016,24,411128778.19,397899915.72,13228862.47,83491992.18,8611429.82,8946721.21,4543816.52,331779699.66,93.4,22895715.93
JPN,MAC,2017,18,300429827.75,193387567.22,107042260.52,38327547.86,0.0,0.0,11178407.22,224157524.36,1210.5,32411568.63
JPN,MAC,2018,28,86354836.37,51524428.66,34830407.71,26323575.08,3829365.17,4867784.18,1377510.45,78210541.17,419.3,4578158.65
JPN,MAC,2019,28,607414523.35,388467866.3,218946657.05,142495587.27,4692091.51,6399108.1,7050475.04,777451790.38,5196.1,13069093.31
JPN,MAC,2020,29,4696178.72,3014351.47,1681827.25,881929.84,126503.98,166137.64,2552442.16,3104899.02,41.4,7191834.27
JPN,MAC,2021,25,245802261.59,183662257.48,62140004.11,105397860.22,5280346.15,7137142.43,7956065.53,566286272.56,1023.3,21471391.74
JPN,MCO,2016,19,49541655.36,33337581.11,16204074.26,21686944.82,1677694.81,2144430.84,3911208.05,49848465.75,686.5,24966442.61
JPN,MCO,2017,19,22733653.93,15383163.22,7350490.71,9485132.73,1276750.17,1690209.77,1225157.37,34351394.94,130.9,6481208.23
JPN,MCO,2018,16,433780776.67,389075220.87,44705555.8,273261699.22,51152195.84,54131403.2,11546970.52,750307641.63,220.3,39608248.51
JPN,MCO,2019,29,128663088.25,94460223.49,34202864.76,31293533.49,3637935.55,4231611.38,251116.46,185515966.96,402.5,747007.18
JPN,MCO,2020,17,163361023.68,113009498.33,50351525.35,86166588.51,15158033.37,19856429.63,1703192.96,371241336.83,423.4,6523911.27
JPN,MCO,2021,19,1650377.44,252494.14,1397883.29,178612.23,0.0,0.0,4422560.33,915117.14,57.7,39255486.45
JPN,MEX,2016,47,60732334.43,43486609.42,17245725.01,18190897.99,2878461.4,3678225.41,1705046.87,42025556.83,297.4,11663913.82
JPN,MEX,2017,45,11725848.0,7566154.36,4159693.64,1570744.19,266845.33,292357.35,75876061.24,4043216.78,162.3,189608885.9
JPN,MEX,2018,50,87629506.1,32498765.17,55130740.92,21365020.34,5624519.94,5999363.99,2567240.0,121353558.64,858.9,6709646.56
JPN,MEX,2019,49,911717697.96,524685927.57,387031770.4,54281675.37,10084688.4,10508186.35,194583.31,245455378.48,2416.3,703384.77
JPN,MEX,2020,47,18668667.3,8496607.66,10172059.64,5471222.25,681051.09,894876.98,7417562.44,20402362.21,151.7,17387885.93
JPN,MEX,2021,41,1795879.27,17958.79,1777920.47,163795.06,38366.78,38692.36,18775954.87,455906.68,78.1,133408254.4
JPN,MLT,2016,17,128965585.16,97222451.98,31743133.18,49989859.48,4966244.28,6195205.92,106799.21,264582118.89,744.1,511322.7
JPN,MLT,2017,29,148920093.77,59594585.09,89325508.68,45305097.57,5815478.11,7582434.45,832484.73,177664983.67,3878.7,3468802.14
JPN,MLT,2018,25,11377965.55,6996821.48,4381144.07,-568898.28,0.0,0.0,23461700.33,-2041626.88,139.7,76160059.65
JPN,MLT,2019,25,188442182.62,116156740.13,72285442.49,-9422109.13,0.0,0.0,3555154.35,-36582768.61,787.9,6270744.71
JPN,MLT,2020,34,54607243.8,22926801.31,31680442.49,20416341.86,526872.94,557653.68,470298.43,117176857.85,873.4,3229054.38
JPN,MLT,2021,26,67093693.01,11895120.31,55198572.7,18906468.67,889703.67,1078704.63,1559134.51,59224770.61,832.0,3205753.73
JPN,NLD,2016,24,1787504916.22,1529001294.62,258503621.6,1435595937.05,112097247.98,118963634.08,17416158.11,3584827713.8,2603.6,73051180.98
JPN,NLD,2017,20,20880533.17,9928202.81,10952330.36,9888570.79,1761155.44,2102127.58,56308.24,37132127.43,84.8,202474.76
JPN,NLD,2018,24,261485674.86,137348802.67,124136872.18,153473853.65,2728087.78,2846158.13,18094552.24,777867703.72,1355.3,30928821.01
JPN,NLD,2019,31,473164965.2,463701665.9,9463299.3,86135537.8,11750469.27,12640259.55,5271085.91,410938140.25,102.5,23897530.51
JPN,NLD,2020,22,21653003.98,14268436.11,7384567.87,8299448.78,1112956.33,1337927.16,2874387.5,30248669.42,215.0,5237760.37
JPN,NLD,2021,24,68798427.4,67422458.85,1375968.55,65358506.03,8207175.36,8563319.83,843731.6,378702496.82,43.5,6872619.39
JPN,NOR,2016,50,13440829.83,3192501.45,10248328.37,2108811.02,212817.43,288783.75,2005852.62,9763110.47,400.1,16993161.27
JPN,NOR,2017,38,198059023.95,41667995.79,156391028.16,38069316.94,8795491.08,9924515.34,11236786.78,163191992.67,2879.6,19038266.26
JPN,NOR,2018,39,31316144.18,19941479.13,11374665.06,5733391.41,1064595.73,1406878.71,36496425.42,16338558.06,190.8,70316733.53
JPN,NOR,2019,45,25418950.59,13109295.67,12309654.92,-3812842.59,0.0,0.0,779624.91,-10931429.93,684.7,4383222.71
JPN,NOR,2020,33,230768831.45,101327141.48,129441689.97,32360801.17,9134842.69,12060820.63,1311338.21,192928119.24,4164.5,6763405.38
JPN,NOR,2021,48,31464315.58,8654635.64,22809679.94,2805425.73,738024.4,867531.49,9544525.75,12006412.1,300.2,27694725.39
JPN,NZL,2016,39,658380912.69,221856597.11,436524315.58,88743702.83,4343322.71,5916245.2,46188409.82,228348768.32,5942.9,100126270.2
JPN,NZL,2017,36,380162131.49,130244626.91,249917504.58,-48068703.66,0.0,0.0,2722395.39,-241273581.72,3738.3,5235869.66
JPN,NZL,2018,47,22572998.35,11090991.13,11482007.21,2069723.68,590651.99,766027.78,794906.38,10264175.73,657.1,2917743.91
JPN,NZL,2019,52,2363658.78,783372.29,1580286.5,784316.79,126813.49,166281.24,2464916.28,4466513.38,52.4,11886108.13
JPN,NZL,2020,40,29342038.24,4347896.75,24994141.49,-862661.2,0.0,0.0,292426.46,-1902381.3,414.7,1746773.28
JPN,NZL,2021,41,59399117.72,27039564.16,32359553.56,6246453.56,953961.59,1148958.23,889909.39,22298247.25,555.0,2016627.77
JPN,PAN,2016,23,508138518.94,341752492.35,166386026.59,5025152.41,623111.41,754969.04,3477660.04,26658287.31,2377.3,17655883.87
JPN,PAN,2017,20,27693816.61,11492905.32,16200911.29,-1384690.83,0.0,0.0,20247225.16,-4031982.51,151.8,35270760.69
JPN,PAN,2018,30,29204274.47,21381292.36,7822982.12,12567156.82,0.0,0.0,730204.1,73970236.39,168.8,2434487.58
JPN,PAN,2019,25,92989874.99,37244030.82,55745844.17,15856938.47,1798657.83,2072619.51,1416945.15,61830188.52,972.6,5281321.37
JPN,PAN,2020,20,24373852.17,10260173.5,14113678.67,3262127.18,724610.05,853284.35,135763.67,14783340.8,111.5,400710.91
JPN,PAN,2021,30,239184238.76,168498376.05,70685862.71,57739237.64,9423008.39,10120104.12,23331152.49,186028215.15,511.0,82139478.79
JPN,POL,2016,29,77239264.88,24709888.31,52529376.57,11312549.69,2774299.75,3211161.34,568341.67,35975971.76,515.3,2166874.79
JPN,POL,2017,37,22520175.87,1979631.07,20540544.8,905313.82,241144.43,319627.96,92793.84,4613456.27,399.3,203589.53
JPN,POL,2018,44,200919857.83,107425226.68,93494631.15,114121794.52,4642061.66,5515159.77,27201866.65,504804404.32,497.8,52150007.02
JPN,POL,2019,52,29031101.2,18903975.17,10127126.02,4472992.15,610802.35,709073.18,9200847.65,19259437.32,335.3,18659075.79
JPN,POL,2020,36,86689728.16,45795568.93,40894159.22,14921817.33,2685279.8,3203066.14,1524446.41,32239978.78,1048.7,3274472.31
JPN,POL,2021,42,130547114.6,9836091.02,120711023.58,45401458.3,4282372.13,4609294.67,6553364.55,143903646.58,1445.1,46277594.62
JPN,PRT,2016,35,15047919.77,2753133.73,12294786.05,2019726.01,414042.46,503003.26,2396555.07,11602659.02,238.6,4468224.58
JPN,PRT,2017,31,40802955.46,11560909.93,29242045.53,1443662.22,132565.99,144961.83,306461.53,4248497.29,423.0,3042205.33
JPN,PRT,2018,20,71006274.49,40537476.39,30468798.09,4419378.18,1472240.39,2029528.47,703507.69,24862866.12,504.0,1732091.83
JPN,PRT,2019,34,8308804.28,2220843.61,6087960.67,-323378.55,0.0,0.0,520615.57,-1233655.79,92.2,2156566.19
JPN,PRT,2020,40,54849519.07,7817528.61,47031990.46,8612103.81,1159716.29,1535946.62,1147269.64,22710926.63,716.7,2035285.37
JPN,PRT,2021,42,65763576.29,38472826.24,27290750.05,21384521.66,3576217.86,3925732.52,7454850.81,68138926.35,613.4,27380984.48
JPN,SGP,2016,27,30910564.66,23282794.42,7627770.24,10747045.42,1276137.24,1591676.73,8127289.87,34950159.53,145.5,21103552.19
JPN,SGP,2017,31,385601456.63,332575674.47,53025782.16,129983769.8,8214530.01,11287224.05,1522154.98,559156028.49,584.9,3406096.84
JPN,SGP,2018,29,4010217.9,1287910.85,2722307.05,1216625.06,6024.2,7892.76,2078591.97,6830075.32,111.3,4812741.27
JPN,SGP,2019,27,302648925.31,234768534.55,67880390.75,13825945.66,992428.85,1296029.41,35886898.05,56736779.51,941.1,64852944.88
JPN,SGP,2020,20,733279981.04,578589912.65,154690068.39,83833044.24,18585676.2,22230962.86,4635270.99,461260841.17,1341.4,9029794.23
JPN,SGP,2021,21,85093888.18,54837782.84,30256105.34,31843193.31,4060407.47,5106146.6,1266101.56,122725688.24,714.3,2561889.2
JPN,SWE,2016,41,27969739.56,5309708.5,22660031.06,-4041931.82,0.0,0.0,2045863.07,-13276813.76,1548.3,4664447.89
JPN,SWE,2017,44,278870440.8,97799407.37,181071033.43,46577048.71,5672006.48,6219351.5,2662872.34,227345591.98,1254.0,5056634.73
JPN,SWE,2018,44,60033110.89,9163090.73,50870020.15,15407999.63,3896200.5,5265178.88,1019367.25,79965463.55,769.6,4570638.45
JPN,SWE,2019,42,274595532.24,106837709.54,167757822.69,55568414.79,9517369.54,11079194.16,13016588.9,206471362.49,1378.1,24920536.67
JPN,SWE,2020,45,11324973.62,1915694.25,9409279.36,650365.97,177566.06,239707.92,10648389.14,1696359.77,358.5,28297344.24
JPN,SWE,2021,39,4315096.69,1383919.69,2931177.0,612770.03,127633.33,167016.7,1583951.59,1892613.05,111.1,3534299.8
JPN,TUR,2016,42,5486311.71,4158179.32,1328132.39,1086611.48,192687.91,225186.49,9127024.49,4469465.87,96.2,46206773.7
JPN,TUR,2017,47,20915536.94,8371652.67,12543884.27,2929628.22,348896.86,354851.65,25886855.74,13475798.71,175.7,47912534.84
JPN,TUR,2018,43,114976079.3,34567267.15,80408812.15,61062919.89,21191179.55,21316617.83,2458638.29,278798082.17,748.9,4122197.86
JPN,TUR,2019,43,1955216839.36,1085477967.93,869738871.43,462250316.38,79482851.65,84481291.61,5953146.41,1839869660.23,9952.9,13168541.09
JPN,TUR,2020,45,33271219.89,13371975.43,19899244.45,7546552.62,2833104.55,3657419.31,56813988.77,36036364.42,301.3,117294952.0
JPN,TUR,2021,39,52203450.5,18646525.79,33556924.7,6221341.32,1227228.35,1624746.94,457580.41,31458360.92,1360.2,973980.65
JPN,USA,2016,42,97337897.19,77053812.81,20284084.37,13600983.72,3284032.86,4128927.45,4916413.74,68798581.48,253.1,26323017.31
JPN,USA,2017,35,16802187.72,5710079.98,11092107.74,1085428.9,179907.82,199487.53,24211157.69,6435645.87,100.4,49944182.71
JPN,USA,2018,36,3240990.66,1543653.68,1697336.98,197416.66,38733.19,46734.81,2640038.42,420226.09,35.6,5443477.05
JPN,USA,2019,40,1647320.59,550025.27,1097295.32,-11994.13,0.0,0.0,3124361.5,-41416.38,37.3,5404132.26
JPN,USA,2020,40,60345416.24,29390519.69,30954896.55,1035626.85,150519.11,207570.19,1608308.27,2152421.05,454.4,3156115.39
JPN,USA,2021,42,29729242.45,10313029.88,19416212.57,-3315455.49,0.0,0.0,648892.27,-12109423.12,640.4,1570045.45
JPN,VGB,2016,26,20338555.9,13781086.3,6557469.59,2525960.09,680880.16,872463.37,14036149.07,9567115.45,146.3,41861255.91
JPN,VGB,2017,21,56526037.94,21429255.26,35096782.68,31002889.88,2301145.67,2569197.15,1880635.01,129322459.04,568.1,7337983.37
JPN,VGB,2018,30,8216365.31,4444926.13,3771439.18,2571011.44,0.0,0.0,2144048.55,6777849.35,118.4,9993405.72
JPN,VGB,2019,32,108822170.2,83309213.25,25512956.95,59857397.87,2392246.13,3165779.24,5169883.91,133041344.8,784.7,16284933.19
JPN,VGB,2020,28,65391007.43,34539243.8,30851763.63,25897757.15,1778676.61,2086121.65,4730980.43,122528155.62,705.0,12190673.53
JPN,VGB,2021,25,1357245737.14,591901116.39,765344620.74,683946264.87,123909667.7,156763433.82,1221688.92,3398179499.2,11061.2,10990944.26
JPN,ZAF,2016,29,21893763.77,3890043.08,18003720.69,7320634.86,1129876.44,1254447.89,3703819.88,22433629.82,346.7,27338164.82
JPN,ZAF,2017,52,145412361.86,57072619.96,88339741.9,36428315.78,8881380.41,12288500.17,589483.0,107421198.18,1197.1,1611062.78
JPN,ZAF,2018,41,11972888.88,2584065.75,9388823.13,338261.16,76696.58,105066.2,203758.94,1280881.92,400.0,572534.95
JPN,ZAF,2019,47,137760993.36,65602967.22,72158026.15,27748704.03,5541013.42,6453575.41,1126047.35,155958959.38,1513.3,2371575.22
JPN,ZAF,2020,33,20153027.05,17684070.0,2468957.05,5848889.12,1540339.25,1919456.2,2546144.4,27462209.4,26.0,13842765.54
JPN,ZAF,2021,45,2167847.0,872094.85,1295752.15,63886.79,14117.9,14728.43,1530404.24,188866.42,28.4,4569956.43
NLD,AUS,2016,43,39531799.71,15645934.07,23885865.64,-65119.0,0.0,0.0,634154.42,-304922.19,279.5,1170345.11
NLD,AUS,2017,29,7601125.28,715967.37,6885157.91,1265501.99,188151.96,214654.33,3514157.76,5340782.81,169.4,7660398.58
NLD,AUS,2018,44,26391635.24,8889992.4,17501642.85,4589064.17,944463.3,1034845.91,8128445.44,21548813.65,699.5,15063497.32
NLD,AUS,2019,45,98778378.86,50786840.16,47991538.7,19589859.57,1731523.97,1998169.49,15221654.23,104261330.9,977.0,97844317.65
NLD,AUS,2020,46,75348357.19,38712689.53,36635667.66,10825287.38,1976664.14,2726559.47,9262530.32,60796652.69,1426.7,24650504.85
NLD,AUS,2021,31,106653832.6,31085844.93,75567987.68,38246834.8,0.0,0.0,248220.34,165133031.9,1462.6,939166.79
NLD,AUT,2016,38,16757269.43,1550396.59,15206872.84,4103378.79,901983.35,1112310.77,12457736.5,13105060.15,449.8,41777506.68
NLD,AUT,2017,40,67887782.74,8791172.82,59096609.92,17631665.63,3870238.76,4212823.44,6305000.76,80614671.16,1093.0,12776195.21
NLD,AUT,2018,25,17141778.66,8293412.08,8848366.58,2729164.88,405815.57,461396.71,3389463.1,12954948.25,155.4,25250602.5
NLD,AUT,2019,41,22438363.96,12070734.05,10367629.91,1077584.22,94050.34,125031.5,13281924.32,5947534.24,230.9,25440088.74
NLD,AUT,2020,39,2679461.0,1377299.39,1302161.61,532104.1,155195.73,186553.74,5243526.34,1103241.12,48.2,15188302.75
NLD,AUT,2021,27,29839044.44,15803938.48,14035105.96,868607.61,213271.51,270870.51,6563235.45,3898911.49,234.0,13399196.78
NLD,BEL,2016,31,25924890.98,10802608.27,15122282.71,2780239.15,543612.84,640757.44,485494.63,15329668.44,283.9,1050028.43
NLD,BEL,2017,39,5868651.12,544048.32,5324602.8,2650849.88,0.0,0.0,8513437.64,13581227.76,204.1,35719515.33
NLD,BEL,2018,39,39587120.91,19324643.93,20262476.98,2103825.42,314148.23,435326.27,241371.26,4764525.32,512.7,576048.96
NLD,BEL,2019,42,7545737.76,3332590.43,4213147.33,75190.7,0.0,0.0,167113949.33,272783.7,124.6,315066347.39
NLD,BEL,2020,55,36622939.41,16832774.73,19790164.69,-907866.94,0.0,0.0,2589416.22,-2407683.58,160.6,8642663.89
NLD,BEL,2021,27,12451774.46,2087623.86,10364150.6,1173641.76,357978.49,391526.9,16863818.74,4254775.88,87.6,36090496.31
NLD,BHS,2016,17,300051137.19,242083586.16,57967551.02,88972916.65,8372155.09,8871874.24,5576777.37,186451415.37,470.1,15652387.01
NLD,BHS,2017,22,1440285426.98,1407838636.26,32446790.73,1034964119.09,0.0,0.0,2238702.48,3067776290.72,1215.3,4910956.4
NLD,BHS,2018,23,107726410.71,48139310.23,59587100.48,48477990.09,12025110.89,14315804.76,2057228.99,120551144.64,447.8,4004107.47
NLD,BHS,2019,23,80452126.34,45736727.21,34715399.14,48769448.23,5543002.34,6118219.26,617017.2,150178750.97,336.6,2603330.83
NLD,BHS,2020,34,40551336.01,16263886.44,24287449.57,23912734.05,660344.85,795275.79,1237998.32,135818660.17,463.4,2922732.68
NLD,BHS,2021,16,3099756.35,1264281.62,1835474.72,1281048.45,102346.96,114250.17,9596866.22,4215826.14,15.1,28148249.81
NLD,BMU,2016,24,39769838.4,17675745.15,22094093.25,21308275.31,812600.66,1085270.08,11872508.52,112591682.29,1316.3,20697299.75
NLD,BMU,2017,21,57241617.63,32156136.91,25085480.72,16829460.76,0.0,0.0,11877663.41,36291956.53,268.6,24453125.88
NLD,BMU,2018,35,179573652.61,145790008.46,33783644.16,68075235.34,5260988.14,6783301.15,8111322.16,309729872.15,808.2,14793372.96
NLD,BMU,2019,28,31533901.45,29064631.14,2469270.3,4134928.3,563221.05,568616.06,16730149.4,10126265.94,38.4,40845712.22
NLD,BMU,2020,25,3508264916.42,2172008278.47,1336256637.95,666025917.51,15262498.97,18559446.23,39557971.03,3864541270.21,6200.0,122847282.49
NLD,BMU,2021,30,81529436.2,51796623.53,29732812.67,37917158.56,0.0,0.0,14479470.59,178235866.99,1525.3,52113393.11
NLD,BRA,2016,31,212874999.53,140712500.08,72162499.44,29563176.57,3460526.63,4266029.61,4390684.7,118824738.43,1433.8,7520173.21
NLD,BRA,2017,31,4852779.04,244765.6,4608013.44,345276.31,70587.69,71696.15,10012595.04,1244717.46,138.7,25505215.77
NLD,BRA,2018,45,23233552.2,5741232.3,17492319.9,-2654285.98,0.0,0.0,4093720.44,-5887255.83,407.9,9037240.53
NLD,BRA,2019,57,29612200.67,296122.01,29316078.67,16552594.88,4155125.79,5122949.87,2250323.08,57944525.1,476.2,6327884.42
NLD,BRA,2020,47,213009818.1,97139385.31,115870432.79,23144826.37,1346234.28,1516528.04,10371849.8,106325197.27,792.4,23000120.96
NLD,BRA,2021,39,72404655.42,40195485.36,32209170.06,13468252.61,2870361.07,2893566.81,471614.56,55924150.55,449.7,1986862.38
NLD,BRB,2016,25,155435013.11,78404237.63,77030775.48,24521906.66,4751741.0,5923795.59,3759623.3,132045371.49,373.6,6813190.99
NLD,BRB,2017,18,160959352.81,119616843.94,41342508.87,12148848.85,1359002.62,1631237.72,4708548.22,36324358.67,448.5,8174453.56
NLD,BRB,2018,21,24184724.65,13130271.63,11054453.01,7991785.1,162276.93,196058.74,189431.72,26525964.15,146.4,488539.64
NLD,BRB,2019,22,388457498.03,369370761.68,19086736.36,103590637.5,14529101.19,16363632.71,5098781.82,503991808.38,225.9,15552659.97
NLD,BRB,2020,20,434393481.12,378491059.56,55902421.55,122677382.38,6563380.68,6926777.71,200649.58,297769601.99,417.3,993156.14
NLD,BRB,2021,17,8423940.61,2832555.95,5591384.66,3546798.22,0.0,0.0,1656842.89,11380862.44,90.0,3023484.72
NLD,CAN,2016,44,75809240.41,16418190.31,59391050.1,9126390.46,2672687.05,3464658.28,475732.82,36073926.4,783.8,1885897.92
NLD,CAN,2017,48,209025626.4,150463188.67,58562437.74,67696985.98,16253648.59,19629134.17,1516786.64,255791108.32,976.5,2571182.32
NLD,CAN,2018,48,866558760.78,27296105.72,839262655.06,108074562.98,48633553.34,54323336.58,612678.01,562645718.75,11725.2,1240278.75
NLD,CAN,2019,36,21953186.35,13235287.41,8717898.94,4643328.97,432022.55,547973.32,5351594.8,10413351.21,327.7,21199547.99
NLD,CAN,2020,39,45327766.01,20543118.68,24784647.33,10225835.46,2803322.73,3750133.77,4446190.83,47889348.48,755.5,9224101.79
NLD,CAN,2021,43,111636322.52,27294197.2,84342125.32,3472955.94,951281.28,1042280.96,2521365.75,15609272.68,1304.5,8366645.42
NLD,CHE,2016,24,159821614.62,132678285.85,27143328.77,14813338.31,1867098.3,2085115.29,9724388.01,37403467.26,235.0,24417012.68
NLD,CHE,2017,19,111882128.88,95945630.84,15936498.04,-1550587.44,0.0,0.0,3010089.12,-4374252.79,123.6,6400279.95
NLD,CHE,2018,21,23905611.58,10411851.42,13493760.16,8212846.52,184704.36,199634.0,4913866.31,41679823.22,275.5,21090702.98
NLD,CHE,2019,26,440580931.35,351073805.88,89507125.47,164830400.62,17470268.42,18690395.23,19641282.12,335082385.38,1292.3,84742063.53
NLD,CHE,2020,17,8120809.11,3126703.41,4994105.7,3564987.01,230443.16,286475.97,4937859.18,10281870.33,130.3,19736948.82
NLD,CHE,2021,26,371917795.18,302197714.31,69720080.88,174215420.83,17748709.9,22429757.03,1044880.62,1018233957.06,870.2,4969798.3
NLD,CHL,2016,31,295959642.69,69188059.81,226771582.88,49612613.9,19061849.46,20974277.97,710308.39,158738090.24,3957.7,1832710.0
NLD,CHL,2017,36,7756043.08,1881925.64,5874117.44,-726294.88,0.0,0.0,1565015.88,-4241601.65,66.3,4261045.65
NLD,CHL,2018,36,302675656.76,121097187.13,181578469.63,24150292.61,6115048.64,7105687.04,7669317.77,139801147.74,731.1,17189552.83
NLD,CHL,2019,50,14735789.0,1230061.47,13505727.53,954851.49,269078.22,343405.58,35039432.3,2635734.42,74.9,59471135.59
NLD,CHL,2020,36,95504154.2,23671081.49,71833072.71,19136275.89,4983065.37,5463453.4,232717.46,68895768.15,1589.2,452584.68
NLD,CHL,2021,42,25250124.08,1129791.42,24120332.66,3015425.02,670186.45,771462.33,1031955.49,6414691.48,647.0,2279090.55
NLD,CHN,2016,36,31687402.69,13041720.95,18645681.74,4171108.77,660911.11,805604.73,50441215.66,10967449.92,257.9,132764095.62
NLD,CHN,2017,35,59708962.47,30279675.61,29429286.86,26357259.83,6514698.07,7857196.35,4553656.75,130108567.59,574.8,39634498.38
NLD,CHN,2018,35,181787127.62,50288609.08,131498518.54,25513499.59,6486487.95,6607538.12,231193.82,94455925.6,1085.0,1253111.46
NLD,CHN,2019,36,155781716.78,51612330.0,104169386.77,9552050.51,2054427.33,2144180.87,381534.58,29884917.04,1379.4,954547.77
NLD,CHN,2020,29,936489.81,9364.9,927124.91,94954.74,8758.67,12204.69,8331116.91,464992.36,26.8,18241671.75
NLD,CHN,2021,32,240913365.66,179363818.51,61549547.15,57502346.7,13408631.23,18735577.38,1569410.32,141753599.19,994.4,5626100.08
NLD,CYM,2016,33,281674498.01,225434385.4,56240112.6,168563993.2,0.0,0.0,12166483.59,995027270.35,2438.1,34293750.35
NLD,CYM,2017,29,11361812.98,5599572.43,5762240.55,3798816.34,583913.67,787487.96,14308637.26,22303537.32,140.9,24075396.25
NLD,CYM,2018,24,9858568.18,2233525.75,7625042.43,1156509.02,116761.39,133721.89,11518105.37,5920808.32,109.2,29541772.4
NLD,CYM,2019,26,133254309.31,107629927.76,25624381.55,19699596.16,3992867.71,5330674.39,1078330.22,58337599.65,303.8,9662244.23
NLD,CYM,2020,21,292633638.36,130103162.73,162530475.63,160760873.9,12002307.15,13977053.26,18745974.52,719833511.98,2436.1,48768606.31
NLD,CYM,2021,31,14640221.55,9738644.12,4901577.43,4253799.01,983232.18,1119051.51,2151258.17,18052343.84,37.3,5346812.21
NLD,CYP,2016,29,119329800.89,87715800.99,31613999.89,13668149.24,1786722.94,2368080.24,1808232.74,60991182.88,441.7,8493572.7
NLD,CYP,2017,19,39801669.69,27510321.77,12291347.92,11117862.73,1270473.58,1359324.67,270932.67,35711134.12,226.3,1081066.3
NLD,CYP,2018,21,111484436.34,70445955.8,41038480.54,64295103.78,3456742.96,3812556.09,1260784.8,371109445.53,288.6,5452860.53
NLD,CYP,2019,31,14575718.79,9161075.17,5414643.62,4822595.41,729954.12,876961.73,98344477.27,13693183.71,71.4,277334838.22
NLD,CYP,2020,21,1549550632.29,1262346198.54,287204433.75,255787597.46,41698309.34,46028833.55,23170813.87,980537968.46,5432.0,38790333.44
NLD,CYP,2021,26,45914976.65,29552580.94,16362395.72,3179429.54,48416.12,52333.09,3733368.01,15735350.28,169.5,36192154.01
NLD,CZE,2016,42,5002275.79,2793168.07,2209107.73,742329.25,11950.72,14562.74,1015914.38,2508989.43,60.8,7600779.89
NLD,CZE,2017,36,35179792.24,6299819.03,28879973.2,6525459.33,978926.92,1135320.46,996954.9,36896615.35,513.6,2092851.79
NLD,CZE,2018,38,40446859.72,26206338.47,14240521.26,-5499843.75,0.0,0.0,633660.78,-26053035.79,214.4,4377518.19
NLD,CZE,2019,39,29956881.77,10804835.45,19152046.32,4619479.84,1638234.97,2220259.15,5279877.84,25501792.43,212.4,48001964.13
NLD,CZE,2020,37,17727529.94,5313891.76,12413638.19,1448535.25,380526.81,463710.52,1717077.25,6738301.27,200.9,7846857.32
NLD,CZE,2021,44,1424024.89,363812.57,1060212.32,165112.0,28740.65,29448.97,609735.18,724809.35,29.6,2345820.28
NLD,DEU,2016,36,67435439.28,31523333.56,35912105.72,5494899.54,1270145.04,1600944.72,7290551.52,23672188.89,613.0,12307599.85
NLD,DEU,2017,48,23449652.93,7496784.38,15952868.55,6056291.88,682504.63,794778.11,168264.1,33606994.82,620.8,386575.6
NLD,DEU,2018,37,41899804.19,11260276.11,30639528.07,6715973.81,2495880.61,3055212.76,16028532.07,21184328.78,331.6,29792095.19
NLD,DEU,2019,30,33828647.86,10133428.92,23695218.93,7649477.52,862467.59,1056202.17,2079164.26,28291247.43,630.6,8192758.04
NLD,DEU,2020,31,48759083.41,20165604.91,28593478.5,10289217.78,2721352.57,3643633.79,3047320.06,31785412.97,482.9,23894508.25
NLD,DEU,2021,34,25749053.53,3112613.42,22636440.11,3232463.22,504181.69,614710.05,1178509.48,17509947.49,256.4,4616562.62
NLD,DNK,2016,39,177855869.45,25941676.66,151914192.79,40689872.99,10970637.52,15212165.58,314581.08,105559772.31,2987.7,1438089.23
NLD,DNK,2017,49,36824372.63,1535256.26,35289116.37,6375910.41,1730701.45,2015738.12,14177424.88,29239366.31,1691.3,54787291.54
NLD,DNK,2018,36,36990919.92,6795690.68,30195229.25,7541112.94,1706694.58,2162055.01,439183.41,25479771.22,132.0,3140265.16
NLD,DNK,2019,44,44695538.36,24132822.12,20562716.25,8126912.48,1210262.38,1332225.62,1473575.0,34043254.24,564.0,6478652.47
NLD,DNK,2020,41,28482969.51,12998138.36,15484831.15,8949796.38,1952685.06,2470617.02,1882735.62,22265926.4,219.1,3791567.78
NLD,DNK,2021,41,50169846.44,25891595.91,24278250.53,33229929.17,7324072.69,9096332.69,11453307.4,195813564.38,343.3,30140063.6
NLD,ESP,2016,38,1885915.76,970894.45,915021.31,175206.09,21415.89,26847.8,1967405.51,521410.94,12.6,13012928.3
NLD,ESP,2017,43,247613018.23,111510932.37,136102085.85,48253796.4,7936227.88,10058109.44,3593659.7,165342433.24,2320.6,17147534.75
NLD,ESP,2018,32,687261184.71,126460748.53,560800436.18,92147405.87,19128605.0,24666358.96,7358228.86,192072820.36,1272.1,12550913.74
NLD,ESP,2019,36,105630128.82,55202068.9,50428059.92,14751496.56,3047712.5,4013205.84,13988229.62,86051079.35,1232.2,39353171.78
NLD,ESP,2020,38,20366884.61,5464823.16,14902061.45,5719818.05,679289.35,899625.36,4330774.99,14799350.29,176.7,12435712.15
NLD,ESP,2021,47,89345457.65,27045086.55,62300371.1,24891618.4,6057837.9,7801743.11,4274853.89,131507642.73,1756.0,12441553.41
NLD,FIN,2016,39,65505569.92,24158033.22,41347536.7,9649950.68,1392054.35,1410900.6,3370663.39,40182574.24,973.6,23057515.07
NLD,FIN,2017,36,150254001.52,73273083.06,76980918.46,40723070.98,10118033.73,13849764.08,11892325.45,125805881.92,559.7,42940591.25
NLD,FIN,2018,38,598646476.66,479974280.52,118672196.13,-32324928.98,0.0,0.0,410882.91,-89697128.7,3110.5,1875776.61
NLD,FIN,2019,45,39849088.67,3206597.02,36642491.64,3512788.68,492252.97,631887.59,6758486.74,19474417.15,1276.2,14975404.05
NLD,FIN,2020,38,10820529.78,5183765.56,5636764.22,2602415.27,585001.68,697862.29,7882306.86,10670188.77,133.3,34945324.12
NLD,FIN,2021,39,37502973.73,13630536.54,23872437.19,8766020.14,1088147.98,1204922.34,2092874.52,32996937.39,1412.8,6043975.34
NLD,FRA,2016,41,83847493.4,32260109.04,51587384.36,2187153.73,498005.27,662988.87,1078630.98,5271259.68,700.4,6726636.06
NLD,FRA,2017,36,4513403.36,45134.03,4468269.32,-79013.97,0.0,0.0,162275.94,-255300.16,47.9,564999.17
NLD,FRA,2018,46,42597113.74,32036369.59,10560744.15,5036985.92,626702.75,646313.8,3161545.07,28224661.25,321.0,8256857.71
NLD,FRA,2019,33,196427908.9,115422735.33,81005173.57,-15640514.5,0.0,0.0,202098.68,-57914894.72,586.3,887168.08
NLD,FRA,2020,31,246557956.21,218772621.57,27785334.63,21044080.94,6363949.74,6951172.26,3402391.39,93256365.42,358.1,15679807.83
NLD,FRA,2021,35,10850326.4,7343694.38,3506632.02,2664238.29,282664.47,320509.45,3215454.97,14792036.77,110.2,12484759.52
NLD,GBR,2016,46,102736725.09,18107849.73,84628875.35,23758352.84,2791940.63,3746240.42,23172256.95,131048165.65,2058.0,55271839.52
NLD,GBR,2017,35,142221263.4,105551311.05,36669952.34,9457834.98,2695586.62,2845559.24,486225.52,51048559.53,891.8,1026019.33
NLD,GBR,2018,44,15002631.47,3898243.33,11104388.14,3645474.8,834939.06,1093296.5,669783.1,20188778.16,231.5,3057298.48
NLD,GBR,2019,49,381286858.08,188114038.75,193172819.33,58207941.03,24498612.92,27839241.67,48921.79,309793284.67,2868.9,222214.97
NLD,GBR,2020,36,49675303.84,8976804.2,40698499.64,-1905152.36,0.0,0.0,32597961.59,-7984234.95,583.3,96869322.73
NLD,GBR,2021,36,439687289.99,208317082.96,231370207.03,18103696.25,3594068.69,4780342.08,8073401.32,77287259.19,680.2,51937841.37
NLD,GGY,2016,12,8673951.31,5017279.19,3656672.12,2062963.19,340275.89,345418.47,3189359.27,8266389.45,65.6,8045573.09
NLD,GGY,2017,19,134878694.26,93336579.92,41542114.34,90187491.35,0.0,0.0,347595.32,316554876.4,1628.2,1986032.46
NLD,GGY,2018,23,42620820.73,27338383.4,15282437.34,18617202.28,503051.53,570384.47,10294051.57,93741982.6,219.0,25027278.13
NLD,GGY,2019,23,76113849.18,60385918.38,15727930.8,24857979.73,5144437.2,5551535.15,1163801.46,79677233.44,236.0,8157689.26
NLD,GGY,2020,25,1346482969.15,725754286.78,620728682.37,604128453.58,0.0,0.0,4216753.21,1233514677.87,7735.5,8439826.19
NLD,GGY,2021,19,75441811.99,46876744.06,28565067.93,15908148.14,3059973.34,3249873.86,47809631.15,51281099.89,165.7,84577052.01
NLD,GRC,2016,46,12717306.67,3830587.18,8886719.5,136819.13,24851.65,30534.17,15256403.75,528716.96,131.9,31402045.6
NLD,GRC,2017,35,33125607.75,576665.39,32548942.36,8215730.81,3087592.67,3814771.15,611510.19,37721493.27,271.1,2830266.58
NLD,GRC,2018,30,159936089.16,75696497.02,84239592.15,52933434.45,6991253.55,8269643.99,4998303.52,294525992.12,1880.9,8416112.56
NLD,GRC,2019,45,58879748.84,18765728.6,40114020.24,5862208.42,931734.47,1016141.97,5897755.0,15906652.67,680.5,48469415.32
NLD,GRC,2020,26,18240216.9,4050646.83,14189570.07,561711.27,136673.95,151175.91,1816711.46,1711908.55,576.7,4901605.18
NLD,GRC,2021,41,342797289.47,194940566.45,147856723.02,-44164876.07,0.0,0.0,2217998.07,-89887583.52,1195.5,4623506.71
NLD,HKG,2016,21,197801850.57,110927679.71,86874170.87,105272433.14,14027696.54,16802499.04,297923.68,432597492.08,1892.3,576988.81
NLD,HKG,2017,23,18652111.78,15509012.93,3143098.85,2135947.79,132400.2,161122.27,236674.44,5648670.84,95.8,588792.69
NLD,HKG,2018,33,81672171.61,47269493.29,34402678.31,40963985.98,5252307.89,5821801.6,1115268.87,132420173.14,533.4,3258519.4
NLD,HKG,2019,30,465704785.02,337352969.57,128351815.46,137261533.03,13990869.13,19582317.23,1014698.96,627764518.95,642.3,2871276.82
NLD,HKG,2020,31,42181582.45,19468444.56,22713137.89,18003309.61,0.0,0.0,521376.84,47216684.23,813.3,1482643.74
NLD,HKG,2021,30,67149699.16,38570495.7,28579203.46,13579541.24,3280719.89,4315805.12,85569617.08,53041075.23,339.9,151506264.6
NLD,IMN,2016,31,1041778287.38,688320479.94,353457807.44,456881135.37,61551925.17,63405852.06,1495174.79,1796226514.81,1026.1,3365383.84
NLD,IMN,2017,25,33992109.1,13075646.4,20916462.7,-521349.16,0.0,0.0,2497442.79,-3066256.25,424.2,9609283.65
NLD,IMN,2018,21,300905488.75,265839815.75,35065673.0,222302634.34,54311840.94,58536596.94,750243.01,597788280.8,447.9,1309970.06
NLD,IMN,2019,41,112350289.33,37847610.44,74502678.89,33497051.52,5748859.68,7243704.04,3285624.38,87760377.43,546.2,6652951.57
NLD,IMN,2020,18,35465683.51,12715725.77,22749957.74,28641706.76,3923319.48,5221878.56,4145121.73,114162037.92,369.1,11724392.98
NLD,IMN,2021,26,414007103.58,368160183.37,45846920.21,241513582.86,27055241.97,29611959.21,6865389.03,827126673.6,645.0,28630245.65
NLD,IND,2016,48,13214520.23,2984583.72,10229936.51,-225804.82,0.0,0.0,4612075.5,-973497.84,120.1,18089060.75
NLD,IND,2017,35,23190657.43,5454510.6,17736146.83,739571.12,138000.63,163223.31,1169734.6,2339609.21,456.2,2000150.7
NLD,IND,2018,39,5698554.55,3341772.78,2356781.77,1603031.97,388225.02,522576.26,3184397.17,8965015.83,47.1,22222191.03
NLD,IND,2019,40,265639000.39,17364304.72,248274695.67,59140397.96,18645972.72,18816741.41,905318.28,218329180.35,3723.5,3417957.09
NLD,IND,2020,34,46458375.66,22768691.47,23689684.19,11706795.3,3331684.28,4051930.55,4890525.39,61192843.46,876.8,18331525.43
NLD,IND,2021,42,98628058.16,45146363.45,53481694.7,-7385851.55,0.0,0.0,72714.7,-32606269.77,772.8,683956.42
NLD,IRL,2016,21,48426788.81,15966484.76,32460304.05,36945490.17,2913707.92,3495457.67,7000943.96,153674518.05,801.3,18502678.04
NLD,IRL,2017,24,2314472.72,1054112.54,1260360.17,957048.44,81852.41,107346.85,663432.5,2156787.32,30.6,1194988.13
NLD,IRL,2018,28,100097706.54,66265849.97,33831856.56,45537123.4,7538677.25,9883681.01,6850551.86,220089897.12,517.3,11674604.7
NLD,IRL,2019,16,701701747.85,254711322.19,446990425.66,88593123.09,6828308.35,8269405.22,6236870.49,251450557.15,6268.6,10954413.88
NLD,IRL,2020,12,5800302721.23,5684296666.81,116006054.42,3231288260.4,906499566.85,1138421597.3,5270780.06,15677126759.95,2548.8,13681079.71
NLD,IRL,2021,35,208831960.6,128823173.38,80008787.22,118890808.85,9494290.28,11132259.85,728940.22,340150288.78,564.1,4201052.18
NLD,ITA,2016,39,56868742.15,28360460.07,28508282.08,6992878.73,1334932.26,1817107.45,5267682.02,40617603.25,220.6,14598361.56
NLD,ITA,2017,40,41219327.72,15177662.62,26041665.1,7411291.42,427771.7,437656.22,7994466.15,42998474.61,302.1,44412938.04
NLD,ITA,2018,52,7369020.43,5353161.72,2015858.71,1252012.77,406937.07,477018.45,18595552.65,5712869.06,44.8,56293197.01
NLD,ITA,2019,40,19234752.06,2751588.62,16483163.44,5244397.57,616159.03,732671.27,13294835.57,30852389.08,374.9,64513787.68
NLD,ITA,2020,41,51746440.33,517464.4,51228975.92,19107705.09,4318639.1,4994321.04,1494359.94,68211134.6,3335.7,3642837.86
NLD,ITA,2021,47,7484099.91,455550.28,7028549.62,1126461.51,115286.91,157423.82,18076603.83,5688122.9,235.3,33592674.24
NLD,JEY,2016,22,46346001.54,17426163.6,28919837.94,17701057.27,1512559.08,1899895.42,5197551.59,37750628.95,344.3,18241845.84
NLD,JEY,2017,23,18542366.77,2693326.67,15849040.1,13881565.76,0.0,0.0,6440596.76,74346338.41,125.5,15330419.53
NLD,JEY,2018,20,142417592.08,103313733.78,39103858.3,69646086.08,8516465.72,11868495.37,8851591.68,342885715.12,999.2,37766333.28
NLD,JEY,2019,12,133504977.03,86009802.76,47495174.27,32276897.23,0.0,0.0,98907.89,83299554.9,712.0,803578.98
NLD,JEY,2020,31,262011932.73,256771694.07,5240238.65,228527196.54,5924487.43,7275385.01,271298.03,1357523776.67,93.3,542938.9
NLD,JEY,2021,21,198131949.13,140904725.86,57227223.27,158384309.55,1236001.85,1400704.13,840210.71,515363792.96,405.1,4257313.9
NLD,JPN,2016,44,192517972.8,72631677.31,119886295.49,4537155.04,1091944.08,1197165.2,1333952.78,9977444.44,2582.9,10114979.11
NLD,JPN,2017,35,57708703.03,32053492.74,25655210.3,618001.68,187340.54,197282.41,5994325.47,1268107.41,327.0,14923311.99
NLD,JPN,2018,35,15985551.86,6869651.07,9115900.79,2044462.46,170049.6,193345.35,2826269.32,8329961.24,94.3,9465419.8
NLD,JPN,2019,31,26804732.11,16846244.24,9958487.87,2773927.72,863819.31,1103724.52,1652753.21,10909094.77,232.3,9156752.56
NLD,JPN,2020,45,41326023.71,24481703.18,16844320.53,7854897.73,2107910.66,2816830.69,4446797.39,16716497.18,284.5,8512477.21
NLD,JPN,2021,35,4028956.52,2443555.99,1585400.53,665020.16,89443.35,122953.85,10397698.8,2208366.14,45.3,17369445.39
NLD,KOR,2016,40,47914910.39,8468953.33,39445957.06,-7187236.56,0.0,0.0,356880.83,-29233650.44,1148.6,662217.84
NLD,KOR,2017,36,21409781.37,14041492.02,7368289.35,1567810.31,175822.94,203609.84,1894572.41,8130185.77,250.0,3924582.42
NLD,KOR,2018,44,8459324.56,1599192.62,6860131.94,1395729.64,198619.48,277292.13,4477516.3,6696216.69,109.5,13236220.28
NLD,KOR,2019,42,92237957.38,17959160.26,74278797.12,8618374.72,1417768.79,1602585.08,11471601.48,18366710.2,528.7,46594072.54
NLD,KOR,2020,45,956812795.19,652172848.75,304639946.44,277172759.45,58799150.06,65096650.77,1471256.82,1619295728.55,2954.6,6971083.56
NLD,KOR,2021,38,788239709.21,309287698.9,478952010.31,80999240.86,14783223.72,19775234.9,16403823.04,200401104.01,10684.5,27851614.94
NLD,LIE,2016,25,53417753.47,40106845.39,13310908.08,27465474.71,1941767.91,2537782.79,216043.05,83491827.65,490.9,1570453.97
NLD,LIE,2017,18,663830941.26,441659005.63,222171935.63,132789052.7,0.0,0.0,1569233.87,318482711.8,4361.8,9859996.8
NLD,LIE,2018,35,20349298.31,14064387.67,6284910.64,17201130.15,271163.06,346079.91,3421596.24,38498544.94,260.2,6584884.7
NLD,LIE,2019,20,56069145.09,26147660.38,29921484.71,7537448.45,1170324.21,1296910.74,5071745.94,39200573.67,757.0,11462080.4
NLD,LIE,2020,27,13888154.87,7607115.24,6281039.63,4072786.19,558551.76,722531.09,7505996.05,22829791.34,139.1,18156923.03
NLD,LIE,2021,25,35091050.91,13585260.28,21505790.63,5558872.99,1801979.91,2283549.0,260327.71,30857396.19,589.5,482447.99
NLD,LUX,2016,26,89911335.57,68826264.19,21085071.38,35236491.77,5404306.22,6283339.13,4482105.85,85782730.02,252.2,9257454.99
NLD,LUX,2017,27,105369563.53,94008304.16,11361259.37,25772317.33,23389.51,30014.46,485362.6,77893156.96,184.8,1987176.23
NLD,LUX,2018,34,25257578.31,6229835.57,19027742.75,15619252.74,824445.36,924987.53,1765967.89,91802185.13,516.2,3510862.54
NLD,LUX,2019,32,6807795.4,405045.13,6402750.27,-842015.73,0.0,0.0,4104048.55,-3547145.06,185.2,7363725.23
NLD,LUX,2020,30,1780873851.83,919457153.61,861416698.22,282459170.7,63634292.52,83693718.74,750097.79,1064127662.74,6964.4,1520357.03
NLD,LUX,2021,25,12379308.07,10541851.83,1837456.25,6070598.78,0.0,0.0,6906621.58,14530672.59,61.0,12381421.01
NLD,MAC,2016,21,3427736.95,1445574.33,1982162.62,836011.14,61950.98,75064.69,55294968.67,3845578.04,56.3,128674474.44
NLD,MAC,2017,21,5776790333.62,5661254526.95,115535806.67,2796552828.89,271386583.99,319050831.79,1751154.33,15814106966.01,1190.9,5368953.86
NLD,MAC,2018,24,51287733.99,25694469.97,25593264.01,21260243.75,2329319.4,2862598.61,7568863.43,63057738.3,133.7,41954966.21
NLD,MAC,2019,24,268492444.55,220082866.86,48409577.69,110681540.66,17510058.73,23888408.11,5018429.76,537556675.44,523.5,25667790.96
NLD,MAC,2020,32,1017312008.51,723248480.85,294063527.66,86892426.67,9207925.83,12543785.89,3503871.79,385127133.1,4820.2,7062110.06
NLD,MAC,2021,15,115319178.46,36425001.82,78894176.64,34437031.21,4802536.5,5794887.72,1948562.49,164361593.83,1359.6,18314320.81
NLD,MCO,2016,25,27331130.09,12984081.88,14347048.21,13162771.93,0.0,0.0,2196311.0,43158518.07,751.6,4558689.81
NLD,MCO,2017,22,2762167027.87,1651420211.21,1110746816.66,1212891466.4,69213981.07,83620706.6,250239.4,3619253037.75,7259.3,1483936.07
NLD,MCO,2018,26,51221469.78,20441453.63,30780016.15,12263097.14,1467930.16,2011156.81,31034109.88,51016877.16,432.4,92876787.22
NLD,MCO,2019,22,10385934.34,7974334.24,2411600.11,4544478.55,301746.53,356937.63,807852.67,18475321.27,129.1,2883375.94
NLD,MCO,2020,24,6353407.69,4359524.71,1993882.98,2518348.74,180865.77,207328.85,5112117.87,8274052.98,48.2,21175981.07
NLD,MCO,2021,22,24681945.12,17340795.13,7341149.98,14227918.43,317221.57,325636.91,6602157.29,78394501.33,58.6,12516625.21
NLD,MEX,2016,42,353061584.22,209533490.26,143528093.97,64455947.62,22909863.24,30944878.8,21984808.77,175092971.44,1797.7,75221634.2
NLD,MEX,2017,38,50769381.15,13355263.14,37414118.01,8775732.0,1066240.27,1443437.07,11950621.12,50357658.57,423.5,42745740.68
NLD,MEX,2018,41,27805775.28,8056040.86,19749734.42,5351076.98,713306.32,787234.76,4452414.34,15076427.46,221.0,16982181.85
NLD,MEX,2019,46,20567742.26,12114167.27,8453574.99,6183371.8,799989.59,862222.89,1864145.24,19698200.19,141.8,8678735.86
NLD,MEX,2020,48,111485389.14,33305761.85,78179627.29,20416444.51,4240177.63,5821328.6,5883405.52,82689299.66,903.0,10314514.6
NLD,MEX,2021,35,1532734.17,294594.52,1238139.65,221807.8,79083.3,95382.1,3217261.82,1062420.54,11.7,17600610.65
NLD,MLT,2016,30,104727244.64,45572130.89,59155113.76,54538638.59,7757505.57,8854253.76,466949.79,166261961.55,420.7,800661.08
NLD,MLT,2017,24,271771945.34,261321350.52,10450594.83,62937487.68,8537895.96,10888107.24,428456.71,320594199.91,159.2,2593518.48
NLD,MLT,2018,20,53517959.99,42630710.51,10887249.48,26656171.24,1126132.07,1198822.16,14580938.9,74054648.49,93.5,24764323.0
NLD,MLT,2019,22,36523817.3,22945717.58,13578099.72,3454027.44,147099.01,186522.57,26405340.8,13629133.32,248.3,59835754.81
NLD,MLT,2020,25,70113539.84,45426724.82,24686815.03,23946447.29,830755.89,835920.41,32026447.46,97408299.95,395.0,53510174.22
NLD,MLT,2021,33,51927085.28,39794323.71,12132761.57,21680425.7,1806513.15,2041274.69,13272607.22,115556084.77,73.2,23734143.77
NLD,NOR,2016,38,75038015.79,19265368.19,55772647.6,5120597.82,883270.42,989218.67,4903015.74,14190888.89,409.7,9187762.52
NLD,NOR,2017,38,449731547.57,400851962.98,48879584.59,46436046.31,0.0,0.0,3772497.91,227321007.73,377.4,9754071.6
NLD,NOR,2018,29,253432808.2,46636877.24,206795930.96,-18545020.52,0.0,0.0,10175493.18,-68934397.15,6445.6,39740044.36
NLD,NOR,2019,41,269257862.03,44101322.98,225156539.05,25415975.43,2904600.26,3332471.13,681048.09,102258872.83,905.8,1402184.88
NLD,NOR,2020,45,46514104.47,1220195.05,45293909.42,25087675.37,6604746.86,8906082.21,1406634.82,87151305.26,1178.0,5005652.7
NLD,NOR,2021,50,264308103.71,46746743.2,217561360.51,4380775.51,1329652.75,1342685.37,8826822.26,18248109.18,2165.4,48545839.8
NLD,NZL,2016,40,100843886.14,12913580.73,87930305.41,22079992.93,5983451.3,8051933.77,38051413.63,129426766.73,1360.9,82354738.62
NLD,NZL,2017,39,75308056.25,36297276.89,39010779.36,8001445.12,1621267.26,2137665.45,41555519.79,36366728.87,341.1,77205631.95
NLD,NZL,2018,45,55177562.56,17273707.06,37903855.51,6880851.2,1926820.45,2630785.76,126945.74,18363681.18,217.2,378551.38
NLD,NZL,2019,37,2267618052.23,1104896147.91,1162721904.32,465954114.88,86507375.85,108191818.12,389052.61,1663038960.91,16804.5,693896.4
NLD,NZL,2020,41,163820205.47,75786952.1,88033253.37,-19303943.36,0.0,0.0,4766726.54,-105195085.72,826.6,14110286.89
NLD,NZL,2021,48,20165378.43,12270003.35,7895375.07,2077516.53,359402.18,385392.67,3318662.74,9631516.81,206.1,5553247.06
NLD,PAN,2016,25,45359325.07,11647456.49,33711868.57,14801176.23,902659.0,1176216.66,4376027.57,57423618.81,422.6,7898356.53
NLD,PAN,2017,29,92758724.89,81733537.21,11025187.68,42295369.62,0.0,0.0,126216.22,216020966.56,201.6,219500.03
NLD,PAN,2018,23,235454734.07,161365443.79,74089290.28,56490734.75,0.0,0.0,8607578.3,194707054.95,814.5,24906963.9
NLD,PAN,2019,22,57304122.24,16508914.34,40795207.9,26254570.95,3255143.88,4144862.54,78895.91,135845553.85,268.4,317467.18
NLD,PAN,2020,22,95204318.86,76832875.95,18371442.92,21826879.26,5778329.29,6454303.27,339020.89,79995600.9,292.7,1167923.25
NLD,PAN,2021,21,5345793.32,2071234.76,3274558.55,1129529.79,18666.81,25089.69,13431499.71,6648207.7,40.6,29435040.0
NLD,POL,2016,40,129352705.96,93339156.22,36013549.74,29180582.02,3245929.68,3811548.2,14867047.18,144235252.59,742.6,31741683.59
NLD,POL,2017,43,51417604.72,24603340.49,26814264.23,5505738.8,950770.43,1224868.86,4618829.5,21253592.88,254.3,13629515.3
NLD,POL,2018,33,45459882.19,18643803.99,26816078.2,2214299.29,446052.88,487328.83,2420730.38,5943019.12,652.2,4956724.97
NLD,POL,2019,33,42682785.58,24447476.46,18235309.12,6061394.08,1502085.18,1576336.67,2045115.15,18394854.35,154.9,10822402.23
NLD,POL,2020,44,157474054.3,91970399.18,65503655.12,43993984.05,6083474.36,6357610.08,517154.51,238852501.33,479.3,1628068.16
NLD,POL,2021,38,30575499.69,5165308.66,25410191.03,6219709.92,1066558.91,1485444.01,3202100.57,33692244.52,367.6,5515713.02
NLD,PRT,2016,36,27983231.2,8547715.62,19435515.58,5426313.94,463368.54,628907.98,5402001.2,27979046.6,650.4,12581986.33
NLD,PRT,2017,37,73215085.29,43447456.35,29767628.94,18429399.61,4528983.51,6318961.48,3086592.17,88899236.18,845.3,12345288.88
NLD,PRT,2018,34,294967758.96,208948716.5,86019042.45,96082827.68,19071524.1,26688734.13,2272017.32,397008187.04,366.0,6886475.44
NLD,PRT,2019,58,33779268.64,14734301.91,19044966.73,9035912.9,0.0,0.0,13663809.8,33882143.1,530.5,34263984.16
NLD,PRT,2020,38,74153160.77,741531.61,73411629.17,-11122974.12,0.0,0.0,15222847.27,-30776943.41,1168.9,35410278.81
NLD,PRT,2021,42,130370802.39,70638168.03,59732634.36,25970239.58,7690976.75,10077757.51,1350572.44,117956111.92,1573.4,9614810.65
NLD,SGP,2016,21,50086147.68,29610527.03,20475620.65,17063800.61,1088864.63,1189411.05,8324914.67,47234203.41,123.3,23208100.52
NLD,SGP,2017,23,34572405.18,24365916.7,10206488.48,2795918.21,102506.66,127731.48,4975522.24,11745306.96,125.9,9983597.18
NLD,SGP,2018,23,13530031.8,9543032.19,3986999.61,4252306.67,482363.23,486636.84,12695440.96,15719178.14,49.0,38669973.23
NLD,SGP,2019,30,133945994.53,70475690.13,63470304.4,112705898.41,4005988.59,4383427.33,7893308.95,391003090.73,979.6,18376133.98
NLD,SGP,2020,23,28162006.18,8618606.85,19543399.33,6699394.69,860609.08,888228.8,9822065.35,36777551.84,420.9,34702163.81
NLD,SGP,2021,34,77533170.97,51997713.23,25535457.74,46059551.69,3566300.51,4179499.42,711468.38,152648286.61,563.9,5074061.11
NLD,SWE,2016,33,12231934.08,2367467.45,9864466.62,1497580.77,365917.5,453658.29,9567018.19,7040807.36,104.4,29484998.11
NLD,SWE,2017,48,25485806.71,6756262.61,18729544.1,2896967.04,297743.84,388938.06,6864571.04,8667900.72,290.8,13758180.82
NLD,SWE,2018,38,44072750.8,5921707.8,38151043.0,8108283.62,1585016.73,1593971.06,3019803.8,43315667.41,226.6,6290844.83
NLD,SWE,2019,39,91976739.63,71387827.45,20588912.18,30876275.98,9961291.29,13477498.19,3724748.58,179580828.61,168.4,17626030.98
NLD,SWE,2020,39,87546159.9,58083250.02,29462909.88,19211348.38,5150412.89,5152760.93,18614760.68,113296420.77,860.8,32641372.17
NLD,SWE,2021,47,417274013.36,166497722.62,250776290.73,-23693358.89,0.0,0.0,738100.96,-119372860.63,2351.6,2394410.04
NLD,TUR,2016,42,162482355.8,39856367.22,122625988.57,25694868.5,3876763.92,4795068.83,9685275.88,135749672.47,1110.0,18116489.66
NLD,TUR,2017,43,513426901.42,119062879.22,394364022.2,24792909.11,2570087.17,3591892.5,14372531.56,72783351.84,5230.8,33062884.79
NLD,TUR,2018,47,336792741.44,276720132.98,60072608.47,15354809.87,3217995.45,3702711.26,36386515.34,71184389.64,447.0,115414741.28
NLD,TUR,2019,31,17695163.94,6390960.87,11304203.07,6509226.76,0.0,0.0,2194767.0,28526141.6,712.7,4703005.77
NLD,TUR,2020,45,29821091.11,2148121.59,27672969.52,5404093.58,1328670.9,1768979.35,22347631.12,30621989.33,786.9,40962469.96
NLD,TUR,2021,36,19168800.42,1201826.52,17966973.89,2348055.57,214171.54,235463.52,43605748.26,13659744.46,244.2,105269161.39
NLD,USA,2016,43,1221124244.02,790712964.75,430411279.27,261613731.33,39047774.76,44591475.31,15753305.56,549287058.0,7345.9,101299962.43
NLD,USA,2017,40,75732854.42,33773138.9,41959715.53,7306482.85,1731632.14,2227526.83,5455185.35,41264803.09,395.5,11193443.04
NLD,USA,2018,51,267199686.52,141485675.46,125714011.05,-40079952.98,0.0,0.0,3895091.69,-157312978.95,1228.2,18164513.34
NLD,USA,2019,48,1401325.63,289760.13,1111565.5,267037.59,32629.0,34443.62,2135942.1,981500.15,53.0,4073074.89
NLD,USA,2020,39,29458945.45,11520036.33,17938909.11,9607012.73,1132411.58,1455967.19,5519402.2,29607278.11,157.2,20700024.98
NLD,USA,2021,39,1119960480.72,847942803.09,272017677.63,-21676052.59,0.0,0.0,9868409.55,-110929946.14,4308.6,77452507.79
NLD,VGB,2016,31,999457970.02,946905172.33,52552797.7,199064704.41,6626509.39,8937604.19,92472320.73,536494361.35,446.2,198373030.52
NLD,VGB,2017,20,93677346.23,28011650.86,65665695.37,2822045.18,272550.48,352483.5,701539.74,15608976.95,667.7,5085555.34
NLD,VGB,2018,28,28962890738.39,28383632923.62,579257814.77,-4344433610.76,0.0,0.0,8165285.18,-12134359982.11,10923.5,24824429.22
NLD,VGB,2019,19,162567143.31,80368986.34,82198156.98,52972940.03,4058320.59,4559631.62,5053419.31,127009181.14,1894.4,9214679.7
NLD,VGB,2020,27,235648983.08,127238510.52,108410472.57,36151334.81,0.0,0.0,1074422.32,74428150.94,1574.7,2771770.61
NLD,VGB,2021,24,32035113.67,23578658.63,8456455.04,2544387.25,199912.02,240804.52,3734453.82,12421568.5,83.2,13718945.66
NLD,ZAF,2016,46,41364266.97,16909107.83,24455159.14,1033720.51,313326.3,322492.8,13217943.27,4295907.55,125.7,29798254.64
NLD,ZAF,2017,34,116675044.31,44182636.95,72492407.36,15824748.88,4036107.04,4386667.12,494700.72,57132856.82,2752.9,1206235.82
NLD,ZAF,2018,44,103323989.74,29722524.1,73601465.64,27244149.97,3851760.56,4310217.61,15039194.0,77332888.22,704.8,35729706.1
NLD,ZAF,2019,43,115589447.32,58493667.51,57095779.81,11576593.78,2819040.19,3317310.28,1480424.39,50240481.75,1095.6,3862145.82
NLD,ZAF,2020,40,107495588.77,36916559.82,70579028.95,40999446.69,13456110.73,13537643.73,5091678.24,237379252.27,2687.6,9768948.4
NLD,ZAF,2021,41,18448733.64,2786646.98,15662086.66,2255058.87,581366.95,731093.01,999097.58,8317097.76,114.3,2587850.01
CHE,AUS,2016,51,19265327.91,8916144.11,10349183.79,-503757.99,0.0,0.0,913762.41,-2645561.26,196.1,1543619.05
CHE,AUS,2017,48,49400476.06,22277296.04,27123180.02,6565478.62,1142527.56,1235578.72,661115.02,31667523.3,145.8,3973471.14
CHE,AUS,2018,49,33578453.28,15707745.75,17870707.53,9378162.68,1571186.87,1637408.36,196193.72,40763117.27,142.2,612591.18
CHE,AUS,2019,39,409467526.87,147819923.69,261647603.18,-19061045.2,0.0,0.0,3958861.38,-41538234.04,9128.6,15682025.1
CHE,AUS,2020,53,30833579.11,22012026.67,8821552.45,-4625036.87,0.0,0.0,40074243.23,-13376774.64,225.4,160217714.69
CHE,AUS,2021,46,13527153.99,5986800.45,7540353.53,-141534.25,0.0,0.0,1291995.63,-436616.15,246.0,8007225.97
CHE,AUT,2016,40,7763704.25,77637.04,7686067.2,3712572.59,450979.24,631127.32,5658475.64,20720661.93,230.3,38691319.53
CHE,AUT,2017,31,97117901.53,28046883.13,69071018.4,28462528.66,4824976.99,6051679.59,9071263.42,126442540.27,1136.2,24956076.96
CHE,AUT,2018,31,3288788.17,2064498.73,1224289.43,319228.65,85609.15,90613.23,11302491.83,1575886.46,21.1,35421016.38
CHE,AUT,2019,35,5279828.75,2127483.53,3152345.21,826535.47,281507.9,298690.55,77897789.18,4324860.58,80.8,138009630.41
CHE,AUT,2020,46,470231150.9,82975217.26,387255933.64,84731487.73,27352629.96,33824070.6,13205320.06,412307949.05,1719.1,23566220.21
CHE,AUT,2021,40,29234048.32,7545722.77,21688325.55,4515989.65,698656.68,930417.2,1828068.56,17124468.51,308.9,5126803.37
CHE,BEL,2016,35,7422683.16,1322101.53,6100581.63,1641376.3,387440.63,454706.64,12665455.52,8681849.02,203.3,95760706.22
CHE,BEL,2017,34,135351486.44,39604649.74,95746836.7,17244327.1,3790189.88,4843069.72,1272425.02,62349254.92,4863.7,4957764.43
CHE,BEL,2018,41,18252465.08,182524.65,18069940.42,-2547297.02,0.0,0.0,14294659.84,-10574211.48,256.1,55266838.72
CHE,BEL,2019,43,14758853.42,9385290.27,5373563.15,1657057.31,412519.68,504973.97,473014.08,8169169.47,319.3,2269320.38
CHE,BEL,2020,35,4141225.56,2170166.91,1971058.64,290765.87,34441.24,39210.46,1371523.75,609690.1,29.2,2988744.56
CHE,BEL,2021,34,21474882.33,16478384.02,4996498.31,8491989.96,2256857.78,2749528.49,5630195.04,27507617.88,56.4,12474908.84
CHE,BHS,2016,30,302947486.97,130092521.14,172854965.83,-15147374.35,0.0,0.0,4403067.63,-62535255.3,794.8,28138382.64
CHE,BHS,2017,24,5861810.63,1072123.89,4789686.74,3015373.52,323186.84,395344.5,779868.66,10238665.99,134.2,1768067.72
CHE,BHS,2018,31,293399039.42,113146718.24,180252321.19,136431823.44,11040876.49,13792889.53,3560812.71,486099223.76,1100.6,15950789.01
CHE,BHS,2019,30,80790546.12,33351779.91,47438766.2,32849169.9,3315650.36,3920005.82,3936560.5,167617496.39,743.9,16014599.39
CHE,BHS,2020,22,27175609.55,13465031.01,13710578.54,4352168.58,561448.72,757562.97,543106.8,23882109.91,212.5,1047355.78
CHE,BHS,2021,35,50232765.56,24977696.99,25255068.57,18848138.67,3099197.87,4170110.54,3295063.88,90871183.53,496.5,14310149.41
CHE,BMU,2016,31,48353338.9,23561470.49,24791868.4,6083322.33,72789.71,96714.48,608066.35,32631299.39,506.0,5164209.02
CHE,BMU,2017,29,511484547.7,397503420.07,113981127.62,193249233.49,67637231.72,77259094.38,1018106.59,581474694.86,1500.1,3995287.48
CHE,BMU,2018,26,34424346.46,29161091.56,5263254.89,19208241.86,151847.94,206246.37,6210942.0,94001292.78,199.0,12293258.59
CHE,BMU,2019,19,1172046.09,398285.67,773760.42,41543.92,8428.22,8984.68,5191503.63,223818.22,24.6,24086334.46
CHE,BMU,2020,28,65804155.69,658041.56,65146114.13,24853220.79,4800746.92,6402406.99,1011179.36,108198526.26,1206.2,6153587.21
CHE,BMU,2021,22,34932321.31,20676530.8,14255790.5,17320877.9,2135733.65,2360506.73,371154.25,67066144.93,410.2,1000818.53
CHE,BRA,2016,49,21294968.47,212949.68,21082018.79,1629830.37,617723.83,826922.33,4365225.23,7203680.73,360.6,7970616.85
CHE,BRA,2017,47,99286794.97,53467824.26,45818970.71,21015131.83,5284788.61,6101648.46,9305771.58,95010425.5,1077.7,16296396.42
CHE,BRA,2018,34,3354899.44,619908.86,2734990.59,123451.73,29851.32,32648.13,6898711.1,514477.83,33.4,16669055.53
CHE,BRA,2019,37,47837858.33,9981762.03,37856096.3,14881207.76,4589503.63,5148395.24,5438052.39,54837211.66,344.1,9954047.56
CHE,BRA,2020,42,6407959.66,1155655.66,5252304.0,660584.83,110629.72,127294.19,1943719.85,3259453.37,106.6,5531798.65
CHE,BRA,2021,47,28733578.83,5752158.45,22981420.37,9423131.52,1004080.35,1122972.89,692122.73,38482967.05,730.0,2232043.79
CHE,BRB,2016,21,40563437.82,21105915.81,19457522.01,12405569.04,478697.49,574099.59,1752152.4,31102509.67,448.8,12333129.47
CHE,BRB,2017,19,38064073.91,18448912.22,19615161.69,7799801.92,349905.08,401592.93,3224680.28,26016914.82,216.1,6298117.42
CHE,BRB,2018,20,7485254.01,2730000.05,4755253.96,1597707.55,261267.68,290935.2,2987227.45,3795728.89,152.0,6208852.57
CHE,BRB,2019,35,28389126.79,19949946.69,8439180.1,17891155.74,1609480.36,1729254.26,5238298.57,82123030.03,127.4,27703309.13
CHE,BRB,2020,28,240933423.68,195767869.56,45165554.12,121505546.79,8037645.2,9604778.83,11360978.72,562076332.25,1451.9,19305038.03
CHE,BRB,2021,28,550914757.4,413910005.59,137004751.81,115981665.05,7038954.78,7762629.67,2907780.78,638427279.79,2581.5,6668439.36
CHE,CAN,2016,46,217153529.94,91988474.95,125165054.98,4845825.99,1562941.88,2097005.1,2277759.72,10859220.05,2502.1,5819128.37
CHE,CAN,2017,49,9647106.05,1489004.4,8158101.65,-224666.7,0.0,0.0,4451736.51,-754877.18,317.6,11610559.62
CHE,CAN,2018,44,24891070.69,10186637.02,14704433.67,4399761.04,878891.36,1013505.68,255865.25,10584841.7,274.2,2169541.88
CHE,CAN,2019,39,2377260.16,409177.73,1968082.44,198207.28,49025.28,66281.82,601397.36,1084572.09,48.2,2302073.84
CHE,CAN,2020,39,59704070.28,46081034.9,13623035.38,7289363.57,1758061.13,2415883.24,2167680.46,22467200.34,272.3,6090131.26
CHE,CAN,2021,52,106661627.26,25998095.63,80663531.63,11466356.79,3057475.38,4192859.24,5863400.22,55559672.0,437.7,16224122.28
CHE,CHL,2016,44,14236787.95,5174029.86,9062758.09,1528472.8,342643.88,379794.72,6268291.04,3459587.31,313.4,40135192.88
CHE,CHL,2017,49,796188393.9,392244935.09,403943458.81,114932697.83,25526542.64,27008023.15,9264040.9,383404065.72,904.7,19316442.35
CHE,CHL,2018,41,40891354.66,9226075.85,31665278.81,8609137.19,1257268.52,1519958.62,3735317.77,25788290.59,572.0,9860893.1
CHE,CHL,2019,38,6449736.84,1504721.31,4945015.52,-247408.38,0.0,0.0,379207.38,-946675.97,135.5,2383525.6
CHE,CHL,2020,35,580952583.76,470974165.61,109978418.15,-87142887.56,0.0,0.0,5627573.21,-316414576.78,603.5,9589761.29
CHE,CHL,2021,40,92620651.58,40656424.82,51964226.76,11648088.83,2627223.67,3670427.94,1608061.24,46947418.81,1112.8,2771571.51
CHE,CHN,2016,38,11962543.1,119625.43,11842917.67,-720230.66,0.0,0.0,2902774.61,-2518021.5,257.5,5322500.59
CHE,CHN,2017,35,10809904.27,2542603.87,8267300.4,512673.96,71392.86,86725.77,5358161.6,1660764.75,91.6,9119398.45
CHE,CHN,2018,35,5570799.18,1771475.42,3799323.76,687085.37,18475.97,19809.36,71607439.83,1540646.12,41.3,129571738.75
CHE,CHN,2019,41,5513959.73,1127279.69,4386680.04,1286633.7,408191.96,435300.5,1174640.35,2835816.66,206.5,2481512.63
CHE,CHN,2020,40,289978701.09,110908953.21,179069747.88,15344481.0,1003091.63,1351018.15,9157688.24,91857826.9,1294.0,15783937.62
CHE,CHN,2021,52,2385662.5,1699821.67,685840.83,261707.84,0.0,0.0,3363894.61,1123898.44,7.7,18746848.1
CHE,CYM,2016,16,864795263.88,573482997.5,291312266.38,357429105.07,48888953.83,54052185.2,1349683.24,2040906855.01,1871.1,2811181.73
CHE,CYM,2017,21,20777737.72,14999050.35,5778687.37,6665224.69,663904.42,902492.56,2228433.31,26987130.3,197.3,3827687.24
CHE,CYM,2018,21,58328027.65,28300807.82,30027219.82,14315819.74,686594.74,810478.72,3409070.55,34119849.49,192.1,7213901.63
CHE,CYM,2019,19,1528868902.08,1498291524.04,30577378.04,541049084.17,95795908.9,107517868.46,952296.84,1536311943.71,1342.5,3164325.92
CHE,CYM,2020,22,449910492.94,295265982.44,154644510.5,182128831.4,52253157.44,59213265.84,25919603.86,544530527.72,2770.8,59420277.44
CHE,CYM,2021,27,13267960.44,2998855.19,10269105.25,3487323.26,326236.67,387555.39,41217247.11,15125263.65,85.6,88424534.11
CHE,CYP,2016,26,161362559.37,104543505.4,56819053.97,65158501.97,0.0,0.0,3951504.48,157874955.18,793.1,10977286.11
CHE,CYP,2017,29,218714481.71,162789997.93,55924483.79,30749766.44,3657266.99,3893230.28,686828.66,172914221.71,730.9,1688136.6
CHE,CYP,2018,33,5166298.04,2453125.21,2713172.82,601425.71,0.0,0.0,4399851.34,3226153.65,79.1,14073411.07
CHE,CYP,2019,19,1654836998.68,610398635.94,1044438362.74,753961588.28,0.0,0.0,3756529.76,2991610684.51,14018.8,16874591.61
CHE,CYP,2020,35,46171661.71,29639365.18,16532296.53,18943585.59,2591968.26,2740381.24,503979.74,74682683.61,407.7,1925602.06
CHE,CYP,2021,23,382047896.81,286698910.18,95348986.63,212196875.7,31608744.86,39957181.28,31815339.13,857950876.92,1105.4,62391877.78
CHE,CZE,2016,35,14459498.61,5429387.34,9030111.27,2055844.52,422706.25,549189.69,224885.28,8712054.61,244.9,1705242.25
CHE,CZE,2017,36,14644040.44,5714527.6,8929512.84,2064608.86,157978.13,218548.44,264388.64,12331738.26,63.9,1357743.6
CHE,CZE,2018,37,14193485.11,6228757.43,7964727.68,1861539.29,392555.92,509713.12,173632.7,7014934.12,118.2,329727.06
CHE,CZE,2019,44,404891976.5,70625836.69,334266139.81,5328951.9,1369904.31,1464447.57,6326323.48,26709384.05,8688.5,37347290.54
CHE,CZE,2020,42,181462486.21,47060075.45,134402410.77,27160593.8,4374417.39,5144107.1,1928555.17,150500188.1,828.7,3514876.49
CHE,CZE,2021,39,65613913.5,17103756.14,48510157.36,-1197185.96,0.0,0.0,2312626.52,-5904103.13,453.2,7463328.15
CHE,DEU,2016,42,146284207.51,53805755.0,92478452.51,11256510.17,2212263.24,2558224.74,10139828.54,40875290.97,3393.8,30034967.25
CHE,DEU,2017,36,22396761.0,4839733.25,17557027.75,7581585.27,2374213.79,3270376.8,178830.77,20734605.51,316.5,336208.89
CHE,DEU,2018,51,5608943.59,1590284.76,4018658.83,68265.0,19664.72,25025.82,1964891.3,377007.41,146.4,4048723.76
CHE,DEU,2019,43,83102461.56,17018660.0,66083801.55,6843329.0,1142580.61,1337249.67,6164323.41,38027421.89,421.4,29557615.75
CHE,DEU,2020,39,31402959.08,9328167.96,22074791.12,5379568.43,513696.73,549256.93,5222673.04,23504571.2,434.4,11260049.86
CHE,DEU,2021,43,45479108.72,454791.09,45024317.64,-6821866.31,0.0,0.0,502008.88,-19510718.55,2830.5,3610468.14
CHE,DNK,2016,34,133977127.97,93786121.11,40191006.86,-16220661.25,0.0,0.0,853080.72,-40676739.47,414.9,5624654.8
CHE,DNK,2017,43,15230824.22,4555555.54,10675268.68,1682291.15,593759.15,779833.1,3098496.21,4880679.36,250.3,12587594.67
CHE,DNK,2018,29,48417584.64,35052035.35,13365549.29,7147326.05,923332.27,1132803.59,364759.47,27212196.89,707.5,2594930.79
CHE,DNK,2019,39,70882542.92,39952794.05,30929748.87,8324285.63,918193.68,1182528.52,1018260.56,48116672.33,354.2,8446481.27
CHE,DNK,2020,44,31973395.87,15217830.18,16755565.69,-1132413.24,0.0,0.0,597300.87,-4931932.39,92.6,1480118.83
CHE,DNK,2021,38,18159503.88,6525717.74,11633786.14,1180179.32,275096.19,325548.88,8216542.17,4531426.16,222.0,34931254.4
CHE,ESP,2016,40,128018979.24,66438899.77,61580079.46,27374163.94,5427130.13,5514678.83,892154.09,143252751.69,336.2,1762442.2
CHE,ESP,2017,45,6476583.85,2738173.08,3738410.77,-6870.05,0.0,0.0,3791809.19,-15437.61,53.6,6847797.07
CHE,ESP,2018,51,43860111.47,9503201.16,34356910.31,4008297.65,1176076.29,1352294.42,871529.17,23122306.65,431.3,1485761.76
CHE,ESP,2019,40,615736136.28,372701500.67,243034635.61,264558884.47,55126968.78,70482823.89,574693.6,709582561.38,6832.7,3616450.82
CHE,ESP,2020,41,5446656.81,2751204.24,2695452.57,2330404.21,636100.57,739988.67,262302.29,11084514.16,34.8,941992.62
CHE,ESP,2021,42,24473609.28,13035676.18,11437933.1,182230.79,46277.14,53375.88,7690932.5,698844.27,255.5,14507446.24
CHE,FIN,2016,44,5136283.3,1363671.92,3772611.38,928024.71,237814.07,289172.74,1361961.71,2616949.06,181.4,11274744.99
CHE,FIN,2017,21,214860192.46,95663680.68,119196511.78,992194.48,225740.93,245667.87,4215851.7,2952194.5,2873.3,9225296.46
CHE,FIN,2018,29,10199152.13,101991.52,10097160.61,-1079762.21,0.0,0.0,5960557.83,-4227644.61,170.1,13285656.81
CHE,FIN,2019,42,68626780.53,27731990.6,40894789.94,4163717.81,1090929.16,1103246.1,315558.19,14866702.58,451.5,2469837.07
CHE,FIN,2020,43,11057327.24,2095100.9,8962226.34,-1658599.09,0.0,0.0,2070432.29,-6152491.35,77.9,9034799.54
CHE,FIN,2021,35,6697879.97,2804606.32,3893273.65,1271514.14,260922.74,351324.69,864753.29,4202768.07,95.9,7729407.29
CHE,FRA,2016,31,56679598.96,41806968.57,14872630.39,9897018.6,1245774.36,1394506.75,2837473.91,45529910.72,342.4,8673243.26
CHE,FRA,2017,40,166251502.88,115822438.23,50429064.64,24676277.75,5893509.28,7975739.98,184740.2,108197334.71,1733.7,310677.86
CHE,FRA,2018,29,4785053.7,1432953.83,3352099.87,881637.76,212814.59,283742.89,8583877.37,3846911.76,33.3,20148313.52
CHE,FRA,2019,44,76766317.53,47820594.85,28945722.67,15091054.57,5408276.09,7298650.52,104384.16,37601014.43,475.6,551204.6
CHE,FRA,2020,32,77431136.03,6739880.08,70691255.95,2164571.41,286494.18,388763.53,3981016.14,4693117.67,485.0,22511942.75
CHE,FRA,2021,47,43820750.26,18502525.7,25318224.56,1112605.6,291326.81,386639.56,21426240.69,2490895.93,213.5,39458270.11
CHE,GBR,2016,32,20947916.08,7725147.16,13222768.92,2871783.66,659945.31,841605.16,1128883.47,11972065.16,624.0,8375353.67
CHE,GBR,2017,31,108477166.03,13686893.34,94790272.69,-12639264.77,0.0,0.0,4156874.95,-61505554.06,910.3,7529389.51
CHE,GBR,2018,40,114817602.16,65337587.82,49480014.34,12309622.17,2496979.3,2701608.19,126451825.0,41196799.39,407.6,425892261.12
CHE,GBR,2019,48,5570863.96,2741043.68,2829820.28,454788.75,45130.83,51011.77,2143206.02,2679427.32,27.6,6655037.65
CHE,GBR,2020,51,24703365.24,8443530.96,16259834.28,3449177.58,478115.35,479095.04,4825614.6,19371130.23,232.8,8502536.49
CHE,GBR,2021,34,25045753.14,18573130.61,6472622.53,1462234.74,473561.34,494736.06,458730.92,4553014.87,124.7,833023.81
CHE,GGY,2016,25,51860199.13,518601.99,51341597.14,23688218.26,2965527.28,3022027.67,3464537.98,117720513.59,1168.8,7925609.61
CHE,GGY,2017,28,198266575.57,153593176.8,44673398.76,75663703.76,10950481.98,13951122.81,1664527.2,180343859.19,1700.0,4033710.62
CHE,GGY,2018,28,68004586.7,27293652.92,40710933.78,34071014.32,1559750.59,1770691.21,6729048.45,182672132.43,349.2,23995980.91
CHE,GGY,2019,23,120759084.75,77890419.87,42868664.88,114721130.51,0.0,0.0,6079053.48,593501847.83,522.2,36776210.8
CHE,GGY,2020,34,22830650.14,17851881.53,4978768.61,-3204105.37,0.0,0.0,10713628.54,-10249411.6,157.9,22111224.49
CHE,GGY,2021,30,12284102.54,8460060.84,3824041.7,4610565.65,920448.12,1168847.75,13756780.66,22427804.98,199.9,35238385.83
CHE,GRC,2016,32,6197437.77,3182374.54,3015063.23,535040.88,133150.22,134482.31,92221.62,2361009.21,53.9,831010.09
CHE,GRC,2017,34,14028418.05,3461960.32,10566457.73,797056.89,226395.75,269685.14,3709344.83,2277174.17,160.8,7298340.9
CHE,GRC,2018,39,21178572.28,7412415.21,13766157.07,751149.63,65644.46,80054.97,1079297.74,1814590.8,146.8,2146756.53
CHE,GRC,2019,35,586355891.87,182146317.38,404209574.49,38491988.17,6785490.67,7289099.16,1637046.47,102889622.82,9466.3,5819685.26
CHE,GRC,2020,41,19076933.99,190769.34,18886164.65,4842633.82,1096303.46,1135107.1,18115684.18,18525317.99,220.4,43797834.84
CHE,GRC,2021,35,154041128.46,71529822.03,82511306.43,12040594.07,931863.25,1086443.01,6738548.54,45161213.74,405.4,12492858.15
CHE,HKG,2016,31,10444309.75,7946843.8,2497465.95,1975113.56,447779.6,488894.27,13463655.81,4297624.45,92.3,75212019.53
CHE,HKG,2017,25,21882463.27,15397806.83,6484656.43,2584962.15,418855.89,555315.39,2129326.37,9246024.72,103.3,11145509.69
CHE,HKG,2018,23,28521537.0,18521995.06,9999541.94,4199482.87,414430.43,490027.89,5624701.82,25122914.18,277.9,13582125.56
CHE,HKG,2019,24,66941378.94,40912571.92,26028807.02,25305283.21,1467691.85,1902129.53,409744.27,51440013.56,567.7,972353.68
CHE,HKG,2020,20,410880085.27,345441423.69,65438661.59,149823889.05,12293953.11,15408910.08,6528452.24,783333353.79,515.3,15031917.32
CHE,HKG,2021,24,2170394.69,1169910.02,1000484.66,1267471.3,284975.69,381706.71,42935250.3,6179705.72,65.1,80007496.07
CHE,IMN,2016,27,2395140605.52,2291000516.88,104140088.64,1480421639.93,129657679.72,137217509.01,239845.61,7598106808.54,734.6,623223.85
CHE,IMN,2017,24,31666376.07,21150517.62,10515858.45,8279358.97,1252790.32,1620353.35,2338177.45,44802722.71,162.0,18927465.86
CHE,IMN,2018,16,37756523.37,18185803.87,19570719.51,9106386.67,0.0,0.0,1292406.99,50044049.97,445.8,3202512.38
CHE,IMN,2019,27,25087224.91,7407795.1,17679429.82,4902735.25,492558.24,647932.93,15438680.02,23084832.67,891.7,25899407.3
CHE,IMN,2020,26,1384878378.67,1126976665.33,257901713.34,565377888.52,139040756.91,164927830.97,5465891.92,2075145107.44,2183.9,9480913.35
CHE,IMN,2021,25,6499132.58,64991.33,6434141.25,373292.49,0.0,0.0,941678.92,774971.47,326.8,1620540.82
CHE,IND,2016,36,63401660.13,12487118.02,50914542.11,-239738.96,0.0,0.0,1564880.07,-1316327.23,845.2,3475971.07
CHE,IND,2017,33,187961509.84,112844855.48,75116654.35,36220987.76,2790489.74,3104137.23,110686.27,183600968.14,1396.0,1103598.67
CHE,IND,2018,39,4875040075.31,4777539273.8,97500801.51,-731256011.3,0.0,0.0,17496716.59,-1753157657.82,2624.3,35505589.3
CHE,IND,2019,42,537393575.32,296802140.2,240591435.13,-48144162.85,0.0,0.0,3370689.79,-169879735.75,2472.0,9946451.75
CHE,IND,2020,37,8121053.32,4639935.33,3481117.99,-151577.15,0.0,0.0,24777056.63,-589550.88,92.5,52766896.9
CHE,IND,2021,45,33947402.2,12576930.39,21370471.81,11467048.97,1653066.19,2008415.65,7555151.52,62750575.0,545.5,17696015.67
CHE,IRL,2016,26,34159791.46,12011981.22,22147810.24,20927080.91,282395.45,299016.23,2175278.03,112438290.42,316.8,12565420.32
CHE,IRL,2017,26,100115567.32,69233534.71,30882032.61,48658769.11,5879391.65,7851709.18,2023852.69,165595335.86,464.6,5703904.38
CHE,IRL,2018,22,55063893.72,35100764.41,19963129.31,7921434.56,698971.65,812508.24,476854.62,28742467.17,120.2,2910795.0
CHE,IRL,2019,33,71043745.7,43755030.02,27288715.68,-3552187.29,0.0,0.0,810971.35,-12351742.46,238.1,3483017.63
CHE,IRL,2020,15,51109746.59,31406004.2,19703742.39,29600052.57,2472790.85,3426273.45,1259448.1,171468572.65,298.7,7675992.75
CHE,IRL,2021,18,433375336.9,220388623.47,212986713.43,213093483.47,3320377.5,4275963.21,7599405.71,1070788929.98,1884.7,24728414.44
CHE,ITA,2016,45,92655381.82,3405479.09,89249902.72,-13898307.27,0.0,0.0,7372500.0,-73038102.84,1077.3,15011753.58
CHE,ITA,2017,34,13702601.42,7786518.85,5916082.57,-753755.59,0.0,0.0,2123025.58,-2809289.29,92.8,5418600.4
CHE,ITA,2018,45,75221007.57,2831510.93,72389496.64,11670055.88,2803670.6,3527771.39,3988409.33,62053762.06,1024.6,23291822.23
CHE,ITA,2019,34,10480720.39,5568405.53,4912314.86,2736037.09,737056.5,976038.32,2429374.84,15767994.56,40.6,18475650.51
CHE,ITA,2020,36,101309528.91,49816142.96,51493385.95,13710792.44,1140997.87,1323523.59,7277232.83,48853555.25,741.9,15568661.17
CHE,ITA,2021,42,33053969.01,11307562.78,21746406.23,8880747.22,1226852.56,1383206.4,1945924.15,42970437.57,403.9,17871293.79
CHE,JEY,2016,28,25947142.8,5905672.64,20041470.16,7703611.31,720249.6,983016.1,787133.21,32310889.01,221.0,1772122.81
CHE,JEY,2017,24,3277208141.35,3029750559.97,247457581.38,946196229.6,0.0,0.0,9448554.45,4711303575.53,4335.6,21092467.19
CHE,JEY,2018,21,86658329.71,3014241.08,83644088.63,8306559.05,0.0,0.0,1221093.02,35284093.63,1020.5,6202549.77
CHE,JEY,2019,29,5862397.79,2218234.42,3644163.36,3372934.19,452199.3,598341.06,2637522.8,7326817.19,107.7,6840765.38
CHE,JEY,2020,33,3617100.36,1295060.26,2322040.1,1200699.9,253095.8,278361.7,244383.44,3403081.85,39.3,2292958.89
CHE,JEY,2021,28,192504387.96,174593427.61,17910960.35,94867604.48,4282352.25,5832486.88,1656381.3,330789701.95,186.2,4572528.5
CHE,JPN,2016,33,33996234.6,4912278.55,29083956.05,13364040.37,2125780.05,2464111.08,3578173.61,57334858.85,306.6,9946535.64
CHE,JPN,2017,39,31693475.42,29128240.66,2565234.76,-4754021.31,0.0,0.0,351833.22,-27866890.56,55.0,1309962.49
CHE,JPN,2018,30,59812235.1,10408185.63,49404049.47,-8971835.27,0.0,0.0,1016636.69,-48267734.15,1390.4,3031086.45
CHE,JPN,2019,40,11937084.67,8887866.14,3049218.53,3339175.67,0.0,0.0,18648900.02,16160122.03,44.5,40458235.57
CHE,JPN,2020,47,4134371.61,190362.41,3944009.19,2914985.01,0.0,0.0,3780659.2,12530123.42,19.4,7118341.56
CHE,JPN,2021,37,28519477.3,3897477.54,24621999.75,2484303.05,488021.97,546984.39,26409787.23,4985070.36,343.9,59448945.63
CHE,KOR,2016,34,55939276.57,41682305.72,14256970.85,8666580.17,1142004.79,1447220.57,5532926.02,27377258.56,236.9,29997304.88
CHE,KOR,2017,44,10501330.84,105013.31,10396317.53,7445843.12,1311807.16,1557753.69,7996004.84,18568754.77,122.2,26354847.42
CHE,KOR,2018,40,13958723.32,3736970.92,10221752.4,-901485.05,0.0,0.0,2375778.52,-3931789.41,170.4,14723521.31
CHE,KOR,2019,44,15371850.62,8362753.06,7009097.56,255890.5,70595.75,77849.72,16422503.74,1002541.84,83.9,30925577.51
CHE,KOR,2020,45,336497769.9,42248786.81,294248983.09,87246734.09,15342255.88,21171948.67,6524412.04,510157067.65,2755.2,19044022.71
CHE,KOR,2021,36,24962859.28,11051324.48,13911534.8,4598070.6,217466.98,218363.57,1679066.99,11895474.25,576.5,5044219.95
CHE,LIE,2016,22,82222753.51,46688096.54,35534656.97,24556949.7,2797825.98,3350631.56,7465006.08,68927796.61,680.2,44526317.6
CHE,LIE,2017,24,268446062.42,41408507.15,227037555.27,205058280.69,9457796.6,12992526.55,299436.15,1052209271.99,3219.7,655150.34
CHE,LIE,2018,26,83727988.73,63906286.38,19821702.35,7462130.35,259023.66,318837.3,4236284.65,33393315.53,735.5,16321544.64
CHE,LIE,2019,23,242945403.74,196351297.05,46594106.69,109789358.4,21833528.45,27260830.15,291160.88,487322765.86,688.7,923912.96
CHE,LIE,2020,23,184647365.92,112019571.07,72627794.85,-3818674.86,0.0,0.0,673846.78,-15301057.97,676.6,1959561.56
CHE,LIE,2021,21,193085537.36,146201427.28,46884110.08,-9654276.87,0.0,0.0,852033.18,-56774871.54,827.5,2510514.98
CHE,LUX,2016,25,2417287791.39,2245551551.08,171736240.31,1189457809.05,101225271.05,122309951.17,7210163.95,3998807005.22,6831.1,18920850.1
CHE,LUX,2017,25,28988297.96,17328531.54,11659766.42,9301308.89,2446386.4,2875379.64,8151044.96,26023301.05,188.2,14020718.18
CHE,LUX,2018,29,88676915.9,33964326.45,54712589.44,20521390.01,2929537.69,3087566.43,395297.96,66333396.22,1485.5,2454659.96
CHE,LUX,2019,29,32150389.09,15931684.77,16218704.32,16216618.36,3369133.95,4324660.32,4030378.84,60069246.38,326.1,11005684.96
CHE,LUX,2020,23,372804971.14,240491517.31,132313453.83,101626492.35,1305056.22,1407321.15,3605686.33,354122512.57,1969.6,7118160.96
CHE,LUX,2021,28,298636761.2,175489556.81,123147204.39,77932906.84,18831517.28,20926051.61,126823.02,288335749.97,1493.5,1186248.94
CHE,MAC,2016,25,44290304.24,39240528.69,5049775.54,2846784.16,274703.95,281191.4,2602856.04,8202413.16,237.7,4862915.55
CHE,MAC,2017,18,5640126.3,1096999.82,4543126.48,830311.77,99939.38,116118.92,40213115.98,4013042.56,85.2,87997096.45
CHE,MAC,2018,25,870987482.09,728780304.66,142207177.44,269849010.92,23189722.7,24456272.81,7633245.79,797945941.88,1822.6,52164518.3
CHE,MAC,2019,21,22414511.64,12086102.64,10328409.0,10620376.24,1297379.75,1622621.48,1363324.15,31404010.79,298.3,4068705.67
CHE,MAC,2020,27,212452014.58,100843419.28,111608595.3,104493902.46,6684937.02,8340535.24,786500.9,312808671.03,2493.2,3712969.29
CHE,MAC,2021,31,159529311.78,121128344.37,38400967.41,77539131.47,5770439.31,6911076.63,2956157.21,356871415.23,634.7,7254076.64
CHE,MCO,2016,21,988339664.84,727143920.14,261195744.7,438874771.22,47980794.49,61750161.02,272157.45,1344045163.89,6560.2,1177898.86
CHE,MCO,2017,29,11221062.63,3801163.23,7419899.4,7218723.18,742990.43,887446.85,1405032.26,23975157.89,121.6,4256751.01
CHE,MCO,2018,26,7947960.58,4508662.79,3439297.79,5433673.47,249700.4,319063.96,5166978.87,19279901.73,34.6,13999924.69
CHE,MCO,2019,31,21416889.2,12401112.5,9015776.7,7001353.4,625731.47,842820.83,13050516.92,19659785.25,97.8,24777947.65
CHE,MCO,2020,24,47680821.42,24445118.56,23235702.86,7821360.53,1121117.51,1350633.0,16851853.44,40753575.13,378.8,40049787.45
CHE,MCO,2021,25,41531254.13,11682808.16,29848445.98,19893161.32,884192.36,1136158.65,5203713.62,82505146.19,979.9,12578734.04
CHE,MEX,2016,39,38331222.44,13017675.27,25313547.17,8085549.01,1086755.73,1314495.63,8248270.15,23635502.78,508.2,35333229.78
CHE,MEX,2017,42,6036415.03,756205.87,5280209.16,-100555.99,0.0,0.0,2779207.77,-238020.88,347.5,10156241.92
CHE,MEX,2018,39,73064524.8,17155526.96,55908997.85,6330887.51,1811093.2,2198621.47,2940987.85,19957721.1,1126.1,6749932.63
CHE,MEX,2019,38,198753557.53,87638499.4,111115058.13,-6212893.74,0.0,0.0,3799929.75,-27966272.2,462.4,23916265.83
CHE,MEX,2020,46,27949061.64,5888062.58,22060999.05,4077773.57,470409.81,645028.67,87744.13,24133583.19,704.4,706790.38
CHE,MEX,2021,39,30428552.69,11131427.01,19297125.69,7278674.1,1029934.49,1375341.11,27947158.09,18405465.78,317.2,53951614.83
CHE,MLT,2016,23,38512930.02,20455958.55,18056971.47,5395357.27,1003386.65,1092791.65,120989289.92,11602683.99,319.3,252048316.97
CHE,MLT,2017,35,16172327.42,7664345.79,8507981.64,7526302.33,363912.27,380456.75,1026072.43,27467274.55,146.2,2156509.16
CHE,MLT,2018,17,145469214.19,63868097.62,81601116.57,-7273460.71,0.0,0.0,1243034.0,-24700095.49,1184.9,8188178.09
CHE,MLT,2019,23,16832265.28,7899896.92,8932368.36,-841613.26,0.0,0.0,584326.66,-4358607.01,259.2,3775844.7
CHE,MLT,2020,26,405903528.67,275690439.73,130213088.94,138500382.46,27447580.32,28572589.73,161886.73,348527512.37,1769.9,660533.59
CHE,MLT,2021,20,16051328.67,10579972.4,5471356.28,7913957.68,1495737.83,2046060.87,17449699.64,29199360.46,325.9,29360622.51
CHE,NLD,2016,34,133906434.83,65224013.43,68682421.41,43504096.8,9622599.29,10493282.32,6087744.7,200094192.69,1235.5,52341424.07
CHE,NLD,2017,25,343967743.97,187035346.73,156932397.24,76437092.46,10349696.64,10437241.57,15937099.27,295460017.62,2095.3,72916551.8
CHE,NLD,2018,18,26775625.17,11123771.84,15651853.33,10240627.49,354977.99,490285.04,6083934.19,55539860.23,515.6,15611171.92
CHE,NLD,2019,22,6184926.68,3147495.93,3037430.75,1228464.13,121673.36,168376.23,6769205.87,6151860.32,68.8,13304553.5
CHE,NLD,2020,28,129717490.88,22718640.42,106998850.46,9126270.66,186345.53,231142.88,527154.72,46719143.31,1087.5,1181913.75
CHE,NLD,2021,32,301238794.28,222920111.13,78318683.15,4192969.48,271277.91,341962.62,14350832.62,14321242.31,1221.9,30953978.7
CHE,NOR,2016,40,30666835.37,3339109.98,27327725.4,434775.76,75136.74,83127.36,1232210.63,1425772.8,334.1,5682168.08
CHE,NOR,2017,31,114469655.19,9766633.82,104703021.37,16649837.49,3650389.76,3944067.58,30774008.47,91441885.06,1336.4,96638968.44
CHE,NOR,2018,39,96735027.96,15434369.0,81300658.95,6289034.6,2830065.57,3143140.38,1660534.59,19820531.42,1067.3,3104747.97
CHE,NOR,2019,47,19209279.78,7169775.85,12039503.92,6627193.92,1219171.03,1573250.82,440247.66,39623413.94,260.1,3490833.12
CHE,NOR,2020,38,26371710.38,16911940.36,9459770.02,5681613.96,1024291.34,1252700.89,207649.11,28208122.22,277.3,619623.99
CHE,NOR,2021,36,45353917.34,11208207.67,34145709.67,1866511.81,175642.46,200372.72,1901486.72,7431803.2,221.9,9689663.35
CHE,NZL,2016,43,211235764.27,130532432.52,80703331.75,57054764.26,9467996.11,12034691.52,1724813.46,152520265.39,515.2,10977241.73
CHE,NZL,2017,27,16763858.6,5937366.16,10826492.43,1502490.89,454097.82,506536.87,1901293.81,4300141.03,223.1,5399482.58
CHE,NZL,2018,40,37228561.28,11261886.8,25966674.47,5134389.56,1420048.09,1844588.99,1873283.52,14642366.57,225.6,6398190.9
CHE,NZL,2019,39,9847075.18,1072389.25,8774685.93,1874817.49,325755.3,418326.13,22998661.14,9935377.37,281.2,47402199.95
CHE,NZL,2020,49,80911449.52,41341392.67,39570056.84,-990002.44,0.0,0.0,984323.04,-4595507.2,499.8,2042885.7
CHE,NZL,2021,51,45075876.84,450758.77,44625118.07,1436520.54,0.0,0.0,481479.26,7490743.93,326.1,4714565.75
CHE,PAN,2016,31,162191244.85,130741361.29,31449883.56,41181060.5,2434741.69,2635003.16,350484624.11,119097004.85,285.2,636371554.0
CHE,PAN,2017,24,122091087.53,47975570.6,74115516.94,26854758.43,4511110.09,5712829.27,98007.5,95756764.22,1331.6,726755.62
CHE,PAN,2018,25,333822531.4,265960931.9,67861599.49,27722180.28,2672774.78,3419049.72,369430.4,98235436.77,586.5,975872.35
CHE,PAN,2019,24,16380759.72,8994866.25,7385893.47,6652871.76,0.0,0.0,2045052.78,39493521.28,297.4,10702503.18
CHE,PAN,2020,27,66883869.79,29680058.58,37203811.21,27077536.13,3192958.95,3228173.81,6632184.91,118135709.17,517.8,19919285.32
CHE,PAN,2021,26,201183844.88,155096166.7,46087678.18,105545404.53,13484684.62,13574922.48,30518499.91,300544589.63,1163.5,53516249.06
CHE,POL,2016,38,1598665.68,862095.39,736570.29,136048.58,34171.89,35483.56,2099505.74,282343.18,54.5,19932381.11
CHE,POL,2017,41,69717751.58,28901512.34,40816239.24,2631036.19,563257.95,623192.88,6162708.31,14465281.85,493.9,32115297.0
CHE,POL,2018,44,37620213.42,9519533.65,28100679.78,13760037.38,2740369.57,3506732.49,3965775.75,78162967.35,458.9,8076502.2
CHE,POL,2019,41,41418369.0,8482579.88,32935789.12,-12152.63,0.0,0.0,1136914.81,-44445.5,170.1,3531718.47
CHE,POL,2020,42,235157298.5,23152307.42,212004991.08,90392972.14,21836844.34,27588319.9,2456192.55,384283579.23,3322.5,4813049.88
CHE,POL,2021,48,70625972.94,49587175.77,21038797.16,10871937.97,2165439.96,2388816.8,5521927.27,26333877.38,372.9,48021217.88
CHE,PRT,2016,39,540756450.77,323725772.15,217030678.63,-18960996.32,0.0,0.0,22025840.25,-86670041.97,1826.1,78703399.94
CHE,PRT,2017,40,36378022.16,12752352.72,23625669.45,-5064623.18,0.0,0.0,8467854.93,-16114069.56,358.3,26207484.28
CHE,PRT,2018,44,56969748.74,26986756.45,29982992.29,1634283.63,333147.13,412618.3,12501757.75,8462423.58,307.0,25321529.29
CHE,PRT,2019,32,19575392.35,11818932.85,7756459.49,5876537.85,1198071.28,1387445.02,2906815.72,12941022.17,245.5,6562096.26
CHE,PRT,2020,40,176802084.87,12107924.99,164694159.88,90815091.74,25788636.84,34140555.03,9415444.18,391306564.05,1917.2,33779642.38
CHE,PRT,2021,40,162045881.86,71077132.22,90968749.64,-8187147.91,0.0,0.0,18295244.45,-40629481.71,869.1,32459624.31
CHE,SGP,2016,27,7341226.33,2352654.98,4988571.36,1550764.36,92114.05,101032.05,2429764.62,4019635.38,114.8,18289202.12
CHE,SGP,2017,28,131182074.24,86692022.06,44490052.18,41242632.47,3978455.46,4304733.49,235156.06,87789662.79,554.3,1347092.5
CHE,SGP,2018,35,9882498.49,5458149.73,4424348.76,1402879.08,165355.19,179795.57,287991.92,7665148.52,185.1,1347973.5
CHE,SGP,2019,28,39118019.36,26778894.35,12339125.02,23052784.31,2395491.75,2806269.26,1771989.59,101246781.28,202.2,4391370.96
CHE,SGP,2020,25,144032095.82,123944399.07,20087696.75,62020657.81,3639410.73,3882839.91,1946026.92,155113171.64,443.4,3641302.14
CHE,SGP,2021,27,194920648.28,165214136.58,29706511.71,63392370.44,10677615.01,13366012.95,4634798.61,191000746.03,1175.8,19042643.69
CHE,SWE,2016,30,37575084.76,20013268.18,17561816.59,-123447.85,0.0,0.0,596196.32,-403879.94,142.5,2208559.61
CHE,SWE,2017,48,27802106.55,18677900.8,9124205.75,3306865.12,355967.8,457621.03,11775635.12,19202704.01,155.8,21261934.0
CHE,SWE,2018,36,8852922.66,3073175.46,5779747.19,1494002.65,179541.8,237302.7,1226768.61,8616648.83,270.5,7856563.79
CHE,SWE,2019,37,122003445.29,69976609.73,52026835.56,10489979.19,3306739.08,4205485.64,10508817.55,49191476.07,350.9,18428903.13
CHE,SWE,2020,47,305458462.24,114786986.06,190671476.18,34376028.95,1810370.71,2395617.77,8422945.57,148469309.81,2450.8,27977428.05
CHE,SWE,2021,40,11809034.76,3168090.19,8640944.57,4121720.33,704922.53,870693.52,1623344.8,23092829.38,271.1,5723541.27
CHE,TUR,2016,41,8475330.94,3768783.65,4706547.3,16460.58,7179.13,7636.19,289789.47,73681.69,134.1,1942401.32
CHE,TUR,2017,44,128609202.15,111770670.92,16838531.23,27215707.56,4931081.25,6728467.09,9731502.05,148070601.34,112.2,27297829.84
CHE,TUR,2018,32,76712599.46,39271654.24,37440945.22,3593733.37,1016675.02,1080090.85,556154.61,15034769.78,207.5,961417.19
CHE,TUR,2019,36,13090368.75,3537853.72,9552515.03,5926964.08,2513060.82,3503553.56,5170210.48,21686364.82,400.4,19410282.99
CHE,TUR,2020,37,3191329.28,993070.41,2198258.87,953293.26,305500.98,312665.21,4093053.93,2587061.52,38.5,8484017.41
CHE,TUR,2021,44,35480747.22,13597692.67,21883054.55,5178892.28,1234626.6,1259827.39,16123260.97,13936994.2,148.4,41335116.54
CHE,USA,2016,37,24910092.9,16181219.99,8728872.92,565865.23,64933.79,66703.16,621995.51,2210577.36,116.9,4390477.45
CHE,USA,2017,45,19262727.8,13253847.49,6008880.3,3055396.8,763170.29,909207.13,442306.16,14544552.8,105.7,870685.58
CHE,USA,2018,49,107924072.13,48616287.16,59307784.97,8581970.35,2118923.28,2302839.36,142908.85,27139369.51,1189.1,527668.97
CHE,USA,2019,31,13713620.73,2707463.85,11006156.87,979399.58,281676.34,333757.23,1081956.61,2803337.17,331.5,1835981.33
CHE,USA,2020,35,6480003.67,2430341.15,4049662.52,-972000.55,0.0,0.0,4846465.5,-2673650.57,46.6,22344748.88
CHE,USA,2021,37,9049594.57,1000746.03,8048848.53,-301124.52,0.0,0.0,5139056.18,-792784.58,142.3,24553382.92
CHE,VGB,2016,27,152301666.78,12984025.17,139317641.61,102337566.19,19322452.53,19396118.63,992964.91,206053297.24,2618.8,2479722.21
CHE,VGB,2017,33,26196290.8,13219364.49,12976926.31,13648739.3,2514543.08,3214556.18,6840901.98,51123807.16,158.8,16565109.04
CHE,VGB,2018,25,19635015.58,12149600.21,7485415.36,-746953.15,0.0,0.0,4023667.98,-2626943.29,285.3,10107749.96
CHE,VGB,2019,27,66877855.87,43203330.93,23674524.94,26850008.62,3727308.83,4978983.77,2838414.94,102867771.64,163.3,5710052.37
CHE,VGB,2020,28,90205652.02,61078581.2,29127070.82,43876646.83,7852082.76,10704064.2,223896.0,117211714.0,758.6,2119414.95
CHE,VGB,2021,28,69239746.03,41728637.52,27511108.52,20947003.18,0.0,0.0,955448.91,111509763.73,471.0,1971000.39
CHE,ZAF,2016,42,55185284.52,19495682.22,35689602.3,3568229.09,843525.61,868980.58,361987.06,20692830.92,189.9,2967589.65
CHE,ZAF,2017,36,17526348.1,6254448.37,11271899.73,4149259.83,542394.57,561336.04,2484692.66,19918513.22,615.1,5919244.86
CHE,ZAF,2018,38,43204126.48,29327703.15,13876423.32,14999293.63,2441060.1,3362017.55,1517719.73,60362637.95,258.4,10484266.23
CHE,ZAF,2019,43,171017952.25,13493007.79,157524944.45,62174883.07,27464839.47,38126159.05,6947907.49,276137562.81,2559.8,14360133.21
CHE,ZAF,2020,39,6134063.15,2508272.54,3625790.6,1445511.35,295324.68,331931.09,17977625.39,4207648.49,236.5,62359587.68
CHE,ZAF,2021,45,16694786.29,5218361.16,11476425.13,2410942.9,263715.76,300380.16,776611.2,9769121.08,290.1,4933267.72
CAN,AUS,2016,41,6434578.55,5209671.74,1224906.81,322578.21,22661.49,28479.07,1058884.0,1387948.38,42.3,4659395.15
CAN,AUS,2017,29,118799334.31,22479287.81,96320046.5,30003015.37,5249859.61,7064202.94,3710981.5,147286570.62,2255.4,14169332.68
CAN,AUS,2018,39,3206130.45,865560.4,2340570.05,34918.96,7925.4,11055.32,3093287.7,99683.55,39.8,25825096.87
CAN,AUS,2019,39,146501841.49,26263027.86,120238813.63,-21975276.22,0.0,0.0,3102176.01,-108854676.32,713.1,17170188.87
CAN,AUS,2020,40,87544701.06,42552950.23,44991750.83,8227205.24,2066700.74,2797022.28,35682365.93,38978779.43,570.4,158671818.17
CAN,AUS,2021,32,24948581.66,9443704.12,15504877.53,-670744.62,0.0,0.0,14569925.54,-3203947.09,142.8,24439232.41
CAN,AUT,2016,46,93101220.27,32674081.62,60427138.66,682083.32,213933.87,281645.49,2468464.69,3942023.92,1505.8,4942313.38
CAN,AUT,2017,43,89194757.54,46695837.62,42498919.92,18087910.19,3385059.59,3759822.52,16008205.66,54003421.77,1253.1,47343120.66
CAN,AUT,2018,25,89434645.79,67362198.11,22072447.68,4777684.11,756030.41,1044966.97,20782602.59,19852181.88,222.4,110736115.35
CAN,AUT,2019,39,11760046.63,6778635.86,4981410.77,3038346.27,727387.42,909847.32,71373.7,13390010.82,56.6,349209.71
CAN,AUT,2020,40,14771409.05,1247033.54,13524375.51,-394212.92,0.0,0.0,29094632.17,-994406.46,232.5,98442587.8
CAN,AUT,2021,44,54549641.17,27737276.79,26812364.38,6845712.73,1367948.82,1453825.0,2395236.06,28329906.67,392.9,14367029.2
CAN,BEL,2016,47,158918460.93,66791573.2,92126887.74,-582726.42,0.0,0.0,769805.28,-3395149.37,1147.5,2193304.48
CAN,BEL,2017,30,28381111.88,6267283.62,22113828.27,-4257166.78,0.0,0.0,7554701.68,-10053283.85,250.8,29874527.61
CAN,BEL,2018,40,25564821.28,2709159.2,22855662.08,330044.03,98987.25,109426.14,292662.1,1011540.55,287.3,554907.57
CAN,BEL,2019,40,30943579.19,10216379.8,20727199.4,416334.24,69464.73,80471.32,21909970.08,1874950.06,120.5,58002066.6
CAN,BEL,2020,43,23094341.02,1149767.34,21944573.68,5509511.83,879263.58,1218395.48,7816927.64,19591262.72,356.8,28856720.04
CAN,BEL,2021,33,9657628.35,4994649.57,4662978.78,4597589.31,2068915.19,2627739.4,5374886.09,18008085.35,60.1,17161122.32
CAN,BHS,2016,19,17785165.37,177851.65,17607313.71,-2667774.8,0.0,0.0,1034770.4,-7470298.02,381.4,2383511.92
CAN,BHS,2017,11,50253049.98,32520774.39,17732275.59,11291353.33,935072.51,1207129.3,37659090.96,26307820.16,539.3,65720767.85
CAN,BHS,2018,20,134870030.34,81219433.88,53650596.46,47900933.79,7660281.2,8404369.44,6578959.63,234978709.32,853.0,15798198.57
CAN,BHS,2019,28,52352494.03,34950813.91,17401680.13,16488221.42,2042336.78,2605105.59,4955810.18,96516563.12,273.3,9560173.98
CAN,BHS,2020,25,229377907.24,216010129.21,13367778.03,160014398.51,0.0,0.0,321217.06,352752942.63,88.0,2306080.9
CAN,BHS,2021,29,1104314587.48,798148612.57,306165974.91,280734223.89,9739306.3,11486592.42,7900580.36,1544026371.93,6763.6,19179414.32
CAN,BMU,2016,28,152464409.12,81450703.84,71013705.28,67051180.79,10009461.91,10524573.36,3582030.15,173732899.58,875.3,9027313.33
CAN,BMU,2017,26,523437579.15,448956537.06,74481042.09,199848275.44,0.0,0.0,731962.37,523091679.44,843.6,2887345.71
CAN,BMU,2018,23,31026817.27,21310731.41,9716085.86,13896687.25,605455.03,699049.29,16608575.72,70325030.2,276.6,28017064.19
CAN,BMU,2019,24,5931563.23,1270216.71,4661346.52,5634985.07,1273285.92,1315139.87,2580301.34,19257541.71,47.3,10786360.69
CAN,BMU,2020,20,17361386.02,10272576.28,7088809.74,6905238.33,246072.09,333626.6,4211425.11,33628141.68,63.9,11289543.57
CAN,BMU,2021,22,6188103.75,1956002.2,4232101.55,1319013.48,72002.04,73988.11,2333535.36,5809729.29,262.5,4874224.26
CAN,BRA,2016,50,242336208.67,53986310.1,188349898.57,3321392.61,831704.69,849922.78,2078347.74,12444119.51,2341.8,5148470.41
CAN,BRA,2017,41,32215362.1,9595180.41,22620181.69,1068772.56,193735.55,194908.4,20578500.19,5374574.49,288.3,49061985.23
CAN,BRA,2018,47,287718547.18,200956811.75,86761735.43,50503129.22,12074310.63,12437385.33,1145470.82,208436806.56,1370.4,7756208.89
CAN,BRA,2019,43,1620017.24,228696.47,1391320.77,226434.35,55903.65,73849.99,2249072.42,896588.59,32.7,10875001.0
CAN,BRA,2020,48,9978490.49,977260.42,9001230.07,778029.35,229588.18,240106.04,856251.85,4203093.61,79.6,1672272.02
CAN,BRA,2021,56,2715778.08,626385.94,2089392.14,-315088.45,0.0,0.0,622516.31,-1774771.36,63.2,2031701.47
CAN,BRB,2016,28,505146953.44,287025482.31,218121471.13,194467816.21,0.0,0.0,20895163.1,462912905.94,5965.1,98530483.98
CAN,BRB,2017,23,9779510.93,4438415.55,5341095.39,1526443.55,51776.71,70839.08,1925067.89,4194146.7,115.8,5278909.43
CAN,BRB,2018,27,642856636.0,622658562.51,20198073.48,57689177.45,0.0,0.0,715082.42,265563638.87,344.2,5786766.32
CAN,BRB,2019,20,95552314.98,27437724.33,68114590.65,35507937.3,5283374.88,7294577.43,5582012.26,93970793.61,1162.8,11578861.89
CAN,BRB,2020,25,17278261.74,12748577.65,4529684.08,4787283.63,1011263.03,1227549.47,1836040.52,28125351.3,91.1,8828815.46
CAN,BRB,2021,21,41985275.16,26713507.92,15271767.23,9512221.02,428097.19,443989.44,13860793.75,30780607.73,893.2,60344689.59
CAN,CHE,2016,30,876855749.48,547016497.11,329839252.37,510483815.48,22673274.74,28256167.41,17631730.19,2835352420.83,2327.0,34886068.53
CAN,CHE,2017,36,73696870.13,40998510.43,32698359.7,28347795.97,2470811.45,3221398.74,732216.69,63828387.41,529.2,4227868.97
CAN,CHE,2018,27,62923811.1,36966746.07,25957065.03,32547318.93,4435860.4,5349007.72,2330632.67,139976109.39,157.0,5256960.43
CAN,CHE,2019,22,69152099.63,22518932.33,46633167.3,35918280.94,2355496.13,2448893.78,1671173.14,94031120.88,642.1,4656642.68
CAN,CHE,2020,25,23250208.81,4626571.09,18623637.73,18446541.71,0.0,0.0,14333818.82,48023764.69,747.0,27660522.13
CAN,CHE,2021,33,84919352.39,53281831.03,31637521.36,69952423.37,0.0,0.0,6963968.45,250330794.91,374.7,39708980.98
CAN,CHL,2016,41,94524041.91,14115856.66,80408185.25,11530178.69,2278166.14,2544049.88,7168690.07,53972531.96,652.3,33043665.46
CAN,CHL,2017,42,107888702.48,12403930.38,95484772.1,26779383.85,5997954.56,7494508.64,118626834.54,91690434.95,4212.1,242444352.46
CAN,CHL,2018,48,173266049.19,66687166.62,106578882.57,34450351.88,1458067.65,1819705.49,4898860.81,160177138.92,1181.3,15524394.2
CAN,CHL,2019,42,111548559.39,57520607.47,54027951.92,-1680762.96,0.0,0.0,3608292.8,-6603381.39,286.1,8089035.99
CAN,CHL,2020,48,51278190.79,11461549.55,39816641.25,4788839.9,1190520.12,1360071.25,2156324.32,24865694.57,678.8,6142460.56
CAN,CHL,2021,39,65441485.35,21498031.88,43943453.47,1366653.22,247838.71,291167.8,50192083.86,6212909.67,643.3,183907389.8
CAN,CHN,2016,35,26157894.54,846582.8,25311311.75,-1232488.0,0.0,0.0,96025.32,-3695675.95,240.2,698358.32
CAN,CHN,2017,39,20836480.12,8853136.28,11983343.84,3714608.59,511568.08,707824.09,1735616.76,17314286.48,654.6,5475475.61
CAN,CHN,2018,40,23565524.47,12676636.56,10888887.91,1764958.97,409564.43,462780.49,584417.84,4439097.53,573.5,3766573.08
CAN,CHN,2019,43,7957683.13,2159560.8,5798122.33,827013.22,134594.54,158944.16,242949.79,2553795.71,191.3,556211.35
CAN,CHN,2020,49,671967736.32,170323063.06,501644673.26,220213978.37,54007725.82,71366779.41,2003324.24,1121119793.07,7019.2,4161375.54
CAN,CHN,2021,37,8163062.54,2482179.87,5680882.68,-920100.07,0.0,0.0,14956736.86,-2691581.21,122.3,75475251.18
CAN,CYM,2016,29,35176196.41,10299368.39,24876828.02,29343644.8,6206757.78,8640628.52,307914.63,125744037.74,667.9,778945.04
CAN,CYM,2017,21,378417794.63,263174815.07,115242979.56,206746141.5,13559452.65,14944816.04,781387.1,837898137.39,1617.2,4073700.43
CAN,CYM,2018,37,101154461.0,59916689.83,41237771.17,23634710.87,2766174.46,3233625.99,9686158.22,59778257.26,821.4,21095734.83
CAN,CYM,2019,17,1925995232.17,1668193504.04,257801728.13,1319714553.35,111384602.85,129495641.68,8552976.94,3468504466.72,5056.1,14323836.92
CAN,CYM,2020,18,12025860.3,2864084.18,9161776.12,7957073.82,0.0,0.0,3992301.21,15918986.47,78.9,31383689.08
CAN,CYM,2021,23,89258977.09,44667278.13,44591698.96,29166747.12,0.0,0.0,3902570.53,110847906.37,560.1,11271667.82
CAN,CYP,2016,28,45145873.26,7289106.67,37856766.59,17540942.78,2304873.8,2391853.58,50774626.58,99296828.31,808.2,97809570.39
CAN,CYP,2017,29,3570960.83,1587037.42,1983923.41,881161.3,82991.77,115837.62,1536916.69,3304251.58,24.7,12715859.43
CAN,CYP,2018,30,11832153.51,9357028.58,2475124.93,2251423.66,110541.59,115974.8,1427670.41,4656793.91,32.2,2817818.84
CAN,CYP,2019,19,24846887.22,11330442.75,13516444.47,2954463.06,223707.89,253172.71,560043.65,15785403.67,340.3,1458329.23
CAN,CYP,2020,31,30890201.36,23472115.02,7418086.35,5576269.8,0.0,0.0,4624838.51,14310779.32,161.9,10741752.19
CAN,CYP,2021,28,20375033.32,15620558.72,4754474.6,4164331.49,700561.37,703790.16,10873681.53,14222702.23,300.5,44326293.83
CAN,CZE,2016,43,4192081.48,851703.09,3340378.39,385288.67,113193.28,113465.86,49533172.22,2110286.38,83.4,85847085.41
CAN,CZE,2017,37,27519170.72,5822498.2,21696672.52,3509931.33,782264.99,923138.95,10223530.93,21056468.2,801.4,31066002.93
CAN,CZE,2018,40,70684035.61,38329866.4,32354169.21,7016657.65,593669.2,687966.41,1099444.16,34149829.03,526.7,2802460.33
CAN,CZE,2019,39,151209542.67,106821102.2,44388440.47,18458078.62,1613956.96,1664979.89,11030391.22,61009749.47,1289.2,61555028.24
CAN,CZE,2020,35,4359066.45,894595.79,3464470.66,486827.85,73967.82,100771.61,17788134.69,987484.39,45.2,34455103.13
CAN,CZE,2021,54,218507247.66,54954919.67,163552327.99,16313386.51,2527513.43,2938552.46,7736833.07,37996515.12,1588.4,58051366.38
CAN,DEU,2016,38,88300630.01,37732577.22,50568052.8,17618394.22,3117793.64,3445889.37,229561.97,68893466.11,432.2,682957.64
CAN,DEU,2017,42,26223531.98,8118372.72,18105159.26,5804492.08,1388680.07,1655602.27,2629027.85,17037758.16,95.2,5838391.83
CAN,DEU,2018,36,199065184.32,65198533.71,133866650.61,39022799.53,3693577.15,3778506.26,2090935.37,221388701.89,1195.2,11092294.37
CAN,DEU,2019,56,90448686.82,24618447.33,65830239.49,6481400.32,2027157.28,2465667.89,2678219.33,15994766.21,1720.1,4760685.15
CAN,DEU,2020,32,64597023.55,28584035.05,36012988.49,15346688.87,4825131.51,6323677.4,15953053.86,33790926.64,252.5,76671992.0
CAN,DEU,2021,37,4020647.25,1491383.3,2529263.96,840502.91,317553.99,415100.34,5898651.41,1744628.23,108.2,16379020.62
CAN,DNK,2016,43,24199549.86,4266629.79,19932920.07,5461303.75,842662.7,944585.13,435258.41,25936082.91,406.8,978473.04
CAN,DNK,2017,37,758820227.01,558528332.23,200291894.78,-1011248.29,0.0,0.0,10730817.32,-5366086.71,1279.8,21028027.14
CAN,DNK,2018,46,48452630.54,14348710.1,34103920.44,-5589387.33,0.0,0.0,31465473.46,-33158889.31,157.0,139418590.38
CAN,DNK,2019,44,38605191.19,8504334.19,30100856.99,3145731.81,492843.58,666822.12,1569526.17,6821383.12,514.0,13075168.28
CAN,DNK,2020,41,10137813.94,6427499.56,3710314.38,2471309.79,857093.24,1185013.73,36101311.07,14284590.96,55.0,60804704.83
CAN,DNK,2021,40,27647568.78,276475.69,27371093.09,8205147.32,1895334.24,2222467.46,617073.86,40168471.23,572.4,2365185.57
CAN,ESP,2016,41,126829403.24,67018859.49,59810543.74,6125545.89,948186.49,1189223.57,4977767.94,19616342.39,568.4,8838414.35
CAN,ESP,2017,49,24195380.05,3441096.53,20754283.52,7208603.78,1343529.06,1753372.18,2346655.94,35056091.43,152.5,22801979.2
CAN,ESP,2018,38,10706060.05,3958992.37,6747067.68,1704395.01,280690.45,313071.72,1272318.51,9407519.57,168.9,3634522.17
CAN,ESP,2019,54,3514633.87,317404.15,3197229.72,881145.43,119472.94,136682.48,3999983.38,3813118.16,138.0,16979574.93
CAN,ESP,2020,32,32818098.88,11875842.03,20942256.85,3122801.54,751872.87,788007.17,5050034.12,15872305.47,262.9,15407912.22
CAN,ESP,2021,42,72361957.21,49377234.97,22984722.25,-10854293.58,0.0,0.0,2586305.25,-39461069.94,310.7,5124885.21
CAN,FIN,2016,33,731603346.63,296587853.84,435015492.78,122444252.14,34527313.78,47621863.58,2400014.48,401996521.49,5246.7,12196630.67
CAN,FIN,2017,44,135518370.51,65118281.89,70400088.62,-568134.1,0.0,0.0,9655743.12,-2239213.82,1367.0,43840633.92
CAN,FIN,2018,41,173416533.55,29465333.35,143951200.2,11502004.51,2202029.66,2611530.07,6096053.99,49210504.32,4148.2,14057427.41
CAN,FIN,2019,34,530826187.88,339432321.78,191393866.1,72627364.11,19709603.93,20002862.25,38781852.32,254113910.95,580.5,78157217.0
CAN,FIN,2020,43,197394753.43,100697249.88,96697503.55,37342742.63,8146731.78,9793895.4,4994342.43,216554117.65,2092.0,24592866.48
CAN,FIN,2021,34,17865712.77,4219808.62,13645904.15,8034795.82,2276408.62,3013641.28,295354.43,16768897.45,350.8,1593717.08
CAN,FRA,2016,49,18079151.44,6956325.11,11122826.33,12189698.95,0.0,0.0,10554952.43,34143582.95,74.9,35780317.79
CAN,FRA,2017,53,110833834.51,56493662.18,54340172.33,9433870.89,1514751.34,1916810.06,470362.42,47830318.21,1375.7,1403587.76
CAN,FRA,2018,33,33136052.15,17867983.25,15268068.9,7824414.7,2167128.92,2984003.7,6742223.91,38965127.49,197.3,15791393.97
CAN,FRA,2019,31,77159158.5,38954871.26,38204287.25,10437044.63,2005679.08,2354270.58,604196.2,55962016.14,1140.6,4253360.4
CAN,FRA,2020,39,25154274.59,7638038.55,17516236.03,4481637.65,785170.8,812315.17,1309444.69,24213718.5,191.6,4084972.13
CAN,FRA,2021,32,13353468.78,133534.69,13219934.09,4912381.16,2210571.52,2431968.48,442817.83,14018792.8,206.0,1075549.27
CAN,GBR,2016,26,25424976.81,5597998.47,19826978.34,-938164.87,0.0,0.0,7548188.93,-5108066.6,874.6,19032506.97
CAN,GBR,2017,35,16378591.29,12769393.61,3609197.68,1975297.27,322673.79,378856.88,1294495.09,10104857.4,118.9,6774399.26
CAN,GBR,2018,33,2178149.45,439844.34,1738305.11,409558.39,26680.38,27923.25,1452725.37,1411988.92,57.1,2806156.33
CAN,GBR,2019,33,7324966.23,2627177.3,4697788.93,1257884.84,156432.64,171882.29,962592.71,4222560.04,84.8,1832856.65
CAN,GBR,2020,41,256524402.4,2565244.02,253959158.38,-5600654.99,0.0,0.0,2633733.29,-18855809.39,3672.0,4636536.36
CAN,GBR,2021,43,543627713.57,207457194.78,336170518.79,-8361043.13,0.0,0.0,1406777.2,-28741061.87,5094.2,2738796.89
CAN,GGY,2016,17,18599892.7,8569366.28,10030526.42,10825604.2,915637.88,1007083.72,3415787.01,52245367.98,680.6,16098451.41
CAN,GGY,2017,28,25986431.01,11352331.42,14634099.59,13525560.15,899164.98,1250620.29,551421.73,41563557.15,460.1,3466357.52
CAN,GGY,2018,25,8166489.85,6034325.54,2132164.31,4950045.9,749920.21,774847.37,1395001.77,16468726.57,60.2,9659157.1
CAN,GGY,2019,21,62057555.3,29121691.69,32935863.61,6140551.88,147359.92,151035.07,11310657.6,20524235.81,702.0,19441088.87
CAN,GGY,2020,27,323536569.8,262632454.28,60904115.52,122865615.92,18325682.83,22729647.13,922547.74,410856717.21,1736.5,2467606.29
CAN,GGY,2021,27,267525326.24,229210381.53,38314944.71,32325763.32,5421114.31,6455111.58,22514101.9,123687052.25,833.1,145192347.96
CAN,GRC,2016,42,107117582.78,68884489.1,38233093.68,27015953.9,8704778.55,9937862.87,97433.21,67042497.82,1358.7,809312.52
CAN,GRC,2017,52,36539226.6,4405062.94,32134163.66,-5480883.99,0.0,0.0,18337109.47,-11665916.29,202.7,40461877.07
CAN,GRC,2018,43,7388900.93,2016698.76,5372202.17,338684.63,76923.81,94956.14,2089036.49,1273539.93,112.3,11578501.52
CAN,GRC,2019,41,15065185.18,6092824.55,8972360.63,1947867.38,744980.47,896797.06,12873134.06,7683747.32,147.9,68845592.97
CAN,GRC,2020,45,29961711.9,6731890.62,23229821.29,9412517.49,2445605.39,3397280.71,1652293.56,34746859.22,267.1,6282286.79
CAN,GRC,2021,50,118705322.73,69114151.46,49591171.27,14165746.47,3453868.51,3613668.09,16638457.8,49980631.95,574.0,35383469.76
CAN,HKG,2016,28,43761506.5,30755730.94,13005775.56,25837136.95,2298181.81,2664836.08,1455051.89,123629917.88,99.4,10716406.76
CAN,HKG,2017,23,285391774.17,265205056.05,20186718.12,55159210.08,9693707.27,10562647.52,4548736.85,236377288.79,314.3,12365174.01
CAN,HKG,2018,22,19157596.4,9689499.84,9468096.56,-54978.19,0.0,0.0,6999631.37,-255699.48,145.1,22304677.9
CAN,HKG,2019,27,176057088.42,79468637.36,96588451.06,58818909.55,5753740.74,6415032.6,14651902.35,273881354.11,2107.1,27800476.12
CAN,HKG,2020,22,421096808.99,371673868.35,49422940.64,146771407.72,26212394.01,36359572.34,5182507.79,416167696.82,482.2,13709236.38
CAN,HKG,2021,24,64184529.7,23012984.12,41171545.58,15713093.67,3188658.95,4331921.84,783523.73,81896001.33,302.6,5856503.01
CAN,IMN,2016,25,184709768.03,166921682.77,17788085.26,39960591.33,4700220.98,5875416.64,13121733.4,164378665.07,225.2,25515783.3
CAN,IMN,2017,21,237193948.91,192831548.12,44362400.79,-3967078.02,0.0,0.0,8326318.88,-14825459.01,274.8,15001104.19
CAN,IMN,2018,25,298211677.09,171420795.32,126790881.77,117129296.92,5674747.49,5970376.7,2347868.98,293243060.3,3188.2,4176395.7
CAN,IMN,2019,25,41159673.89,31799331.41,9360342.47,11203476.56,0.0,0.0,114146.25,40181338.63,380.5,1063475.74
CAN,IMN,2020,26,454253861.96,329341983.93,124911878.04,147838144.59,14383481.65,16518269.17,3859820.8,605196012.45,1581.0,10818242.37
CAN,IMN,2021,22,52362669.5,47839036.15,4523633.35,7033244.75,548570.87,743659.78,121088100.53,34349504.79,205.9,726086245.63
CAN,IND,2016,37,1717889.28,1233136.64,484752.64,341031.15,60697.09,70111.33,7563827.57,2041266.32,11.3,22029596.5
CAN,IND,2017,40,9037185.93,1841945.28,7195240.65,1960706.29,576434.08,628337.8,3458975.74,11093053.43,220.6,6144259.52
CAN,IND,2018,56,531824489.87,287383614.44,244440875.43,46806741.65,6350087.87,7497768.7,6529697.51,134245171.13,5819.5,12309538.26
CAN,IND,2019,37,103360840.49,41111383.66,62249456.83,17684815.78,3741467.36,4460422.74,7128830.9,62730568.42,564.3,23358197.76
CAN,IND,2020,45,518264556.83,90523897.85,427740658.98,33134761.91,7798277.98,10727875.45,294615.15,163051102.5,767.0,1221023.39
CAN,IND,2021,46,247674451.31,227860495.2,19813956.1,28972587.43,5235829.51,6498676.25,2540149.64,151992863.38,330.7,7602159.0
CAN,IRL,2016,26,10354262.6,6663630.96,3690631.64,3506884.36,0.0,0.0,2763034.07,18756862.64,130.4,20653012.99
CAN,IRL,2017,22,39716652.46,32303546.7,7413105.76,7574067.92,953567.85,1249478.76,1105054.85,41606233.32,171.2,1856280.37
CAN,IRL,2018,31,96615371.51,72376518.67,24238852.84,38975264.94,8113257.89,10523412.25,1008109.98,176687246.79,292.0,3376671.65
CAN,IRL,2019,21,21064513.7,2500905.88,18563607.82,-3159677.06,0.0,0.0,4263327.08,-7580902.02,370.0,9110321.01
CAN,IRL,2020,22,16391039.68,7844115.04,8546924.64,1523971.62,297325.38,346985.61,3297298.99,7888017.92,571.9,13094230.3
CAN,IRL,2021,17,28310180.08,6952459.63,21357720.45,2815395.41,411712.52,459960.39,125835567.28,15941382.45,256.7,236385740.16
CAN,ITA,2016,37,40369091.89,13802118.18,26566973.7,18554357.38,6203756.42,7319503.98,2819723.41,108725514.3,420.2,8521769.88
CAN,ITA,2017,41,26329851.92,11190865.88,15138986.03,6848655.97,2034375.87,2140102.44,867764.04,35325420.97,121.6,1916505.72
CAN,ITA,2018,49,85185686.16,44753963.59,40431722.57,20369498.48,5659707.49,5994817.12,295394.5,84517967.15,1275.9,1384978.19
CAN,ITA,2019,30,5689536.83,1917110.27,3772426.56,1468073.45,398635.42,403580.18,21275249.32,6245012.27,75.7,46680332.61
CAN,ITA,2020,45,6869664.34,1557307.76,5312356.58,1669031.16,335081.56,443666.14,10173857.72,9855649.91,114.6,19644663.29
CAN,ITA,2021,45,51332136.2,7839190.05,43492946.15,1120615.9,238834.4,291919.55,20155476.76,3170098.01,631.9,44741285.15
CAN,JEY,2016,27,229658049.25,176061768.66,53596280.59,80173149.46,8812520.67,9329125.65,7620809.85,359725658.95,1118.7,16186296.57
CAN,JEY,2017,28,44637518.05,26248802.36,18388715.69,12422581.84,0.0,0.0,230581.28,58073863.89,400.1,1301655.39
CAN,JEY,2018,21,115424535.76,74852744.05,40571791.71,9545688.98,1159341.97,1527973.67,1966681.23,51991866.99,809.4,3930304.83
CAN,JEY,2019,31,182979753.77,107876126.42,75103627.35,68554079.91,0.0,0.0,20246050.94,177929556.06,389.8,45537568.39
CAN,JEY,2020,27,108107217.66,31214130.74,76893086.91,24568644.0,0.0,0.0,2202624.38,59074854.28,2309.6,6543441.88
CAN,JEY,2021,24,28577296.28,14229533.88,14347762.4,20054262.26,877459.36,1188684.73,7306736.06,109646021.61,205.5,13016284.02
CAN,JPN,2016,53,8173927.7,1395627.63,6778300.07,462432.14,115561.16,131754.8,3981933.94,2407720.83,127.0,7995898.69
CAN,JPN,2017,44,322696252.22,156521256.03,166174996.2,26780939.29,4760322.72,6655058.02,10134452.53,134726234.04,1007.0,20369427.56
CAN,JPN,2018,36,115777716.71,72861703.75,42916012.96,22887759.39,4310579.43,5265344.32,7206097.93,77173378.58,756.7,17275775.53
CAN,JPN,2019,42,390939118.04,170522610.79,220416507.26,28585665.07,8629816.94,9070220.69,2391861.83,161156902.98,2967.2,6731422.9
CAN,JPN,2020,46,108749706.9,36540536.58,72209170.33,-12129621.92,0.0,0.0,142211.62,-30887754.6,578.9,988266.37
CAN,JPN,2021,39,56059048.11,17404091.23,38654956.88,7479410.23,1218807.23,1375039.12,5339591.53,26684966.08,893.0,15885529.33
CAN,KOR,2016,40,31176974.38,17844324.62,13332649.76,3914282.39,1065258.6,1075851.97,2692573.41,19749130.75,95.0,4637887.57
CAN,KOR,2017,32,9053845.88,3062633.71,5991212.17,530883.19,125293.28,131558.69,17910115.25,2164906.15,86.4,82177248.87
CAN,KOR,2018,42,3085266.45,30852.66,3054413.78,2184081.31,240074.83,281117.43,27849000.05,8024113.61,211.9,56639864.2
CAN,KOR,2019,35,87864201.23,35523628.06,52340573.17,17920853.84,4370708.7,4607403.13,1143535.42,54040125.06,757.9,3275077.47
CAN,KOR,2020,41,3871053.5,38710.53,3832342.96,-580658.02,0.0,0.0,964137.63,-2272719.62,54.4,1997089.73
CAN,KOR,2021,38,27230142.73,22151381.77,5078760.95,1617773.68,170133.07,192553.07,1638466.56,3367992.11,139.7,3127970.45
CAN,LIE,2016,24,122144903.92,97319240.17,24825663.75,5916706.68,532275.45,642323.28,299670.44,33208311.43,356.6,1187344.31
CAN,LIE,2017,25,15324649.38,2542431.7,12782217.68,10663187.13,3599541.18,4056910.77,21593407.0,23646430.14,303.3,103452377.05
CAN,LIE,2018,26,47383180.12,37734668.71,9648511.41,29690847.09,1623725.33,2007647.31,1680929.74,153757872.35,191.0,5235435.94
CAN,LIE,2019,28,24111045.44,16598391.46,7512653.98,9299361.34,823975.92,873948.35,4157595.69,29705542.21,225.6,10723162.74
CAN,LIE,2020,25,65421802.98,54523100.92,10898702.06,3788404.05,399329.37,548173.66,533302.83,15426732.38,113.2,1085371.2
CAN,LIE,2021,27,41896830.58,15632333.92,26264496.66,10439237.11,1171367.13,1211409.58,4951593.87,47376700.67,365.6,10298048.05
CAN,LUX,2016,27,12445370414.85,11966070846.61,479299568.23,3956819778.19,251794804.6,307656327.78,1363479.1,12469074958.02,4994.7,3316753.1
CAN,LUX,2017,20,3728306.77,2269863.77,1458443.0,1180034.42,224089.51,301631.9,4707757.05,2718374.82,23.9,8006036.59
CAN,LUX,2018,25,192338037.64,144673362.6,47664675.04,31642106.86,4441526.9,4800018.44,12978393.99,149167990.36,659.6,23762161.41
CAN,LUX,2019,35,191648501.52,148884304.61,42764196.91,41280412.4,7808049.47,10366844.28,88875.31,230504204.28,571.9,604000.57
CAN,LUX,2020,23,28431216.07,24849141.39,3582074.69,16281184.41,1424488.51,1682659.76,1650463.7,38923792.35,97.2,4872299.44
CAN,LUX,2021,29,148702420.12,59825816.26,88876603.86,96012845.0,5122369.12,6315927.1,906186.76,217619578.98,820.7,6738079.87
CAN,MAC,2016,26,45934562.89,40178639.32,5755923.57,11133613.99,1385221.25,1930393.82,498377.21,42122992.65,132.2,2081001.5
CAN,MAC,2017,21,10426618.99,3716933.79,6709685.2,1080511.56,114284.25,152654.44,35781851.42,2904602.65,187.2,110762223.56
CAN,MAC,2018,33,646902652.48,480106874.26,166795778.23,165370558.39,16287399.7,22320895.18,1757208.36,465679145.06,3736.8,4348421.3
CAN,MAC,2019,26,87527352.7,28324584.07,59202768.63,50223216.14,0.0,0.0,1191910.91,244226828.77,1070.8,2188707.12
CAN,MAC,2020,19,94834124.42,53193730.98,41640393.44,28211629.61,6069577.06,6735903.62,93200.16,71974741.35,845.9,387299.48
CAN,MAC,2021,32,658685142.52,645511439.67,13173702.85,181696663.55,17770455.82,21860197.33,3776069.26,924893004.25,520.9,7696532.37
CAN,MCO,2016,30,23956341.57,13574668.67,10381672.91,17765518.83,4067453.56,5540191.29,2226117.76,61403695.64,47.4,10444655.43
CAN,MCO,2017,16,236663177.77,145782256.3,90880921.47,190014370.01,0.0,0.0,5243455.67,437559792.69,359.6,37269535.45
CAN,MCO,2018,24,51213276.2,28387018.33,22826257.87,24677632.44,2331809.44,3049654.6,5173436.76,120722942.71,395.9,12139548.53
CAN,MCO,2019,19,288794282.12,131995395.71,156798886.41,84523466.74,11882058.13,13373982.39,531641.89,279823278.99,2574.9,1276401.0
CAN,MCO,2020,26,7940130.67,353433.13,7586697.53,1042236.94,115912.87,146260.09,2710876.93,2356153.96,98.8,5208588.37
CAN,MCO,2021,17,43227968.84,18579225.58,24648743.26,19816080.87,4023898.13,4275996.68,6960421.2,45854417.63,412.7,11640965.27
CAN,MEX,2016,40,22233925.82,6558002.77,15675923.05,2047737.52,353097.0,465948.53,2998578.85,9005396.95,832.7,15384140.06
CAN,MEX,2017,41,507581462.93,116791637.64,390789825.29,106871541.01,21462619.29,23315324.62,557327.81,400939702.65,7339.0,1246474.0
CAN,MEX,2018,37,50341664.05,12895581.21,37446082.84,-22120.38,0.0,0.0,765558.12,-100492.5,576.3,1540770.75
CAN,MEX,2019,46,124199045.08,35139153.47,89059891.6,29882155.76,5823781.46,7570726.7,603431.68,169600412.84,1100.0,4362379.26
CAN,MEX,2020,31,51470644.93,35655608.52,15815036.4,28147638.22,12666437.2,16373521.19,2570806.81,142821127.55,380.0,4847439.62
CAN,MEX,2021,36,16315697.08,6186373.3,10129323.77,1697227.15,386046.74,400708.72,1031230.68,7545957.91,96.6,10184083.24
CAN,MLT,2016,34,111042379.37,63270986.44,47771392.93,32300291.33,2759500.79,2808207.04,5132506.71,171975350.48,303.8,16890264.55
CAN,MLT,2017,26,121647780.32,50541241.3,71106539.01,-6082389.02,0.0,0.0,3331602.58,-14005300.4,1200.4,15334122.93
CAN,MLT,2018,15,28446686.95,14751165.9,13695521.05,17148934.22,0.0,0.0,4478331.37,64484782.87,165.6,8576164.9
CAN,MLT,2019,33,32425761.82,8429044.87,23996716.94,13775660.72,81617.13,91655.86,1175367.15,71183556.58,416.5,2648673.76
CAN,MLT,2020,21,6812457.83,2544856.28,4267601.55,3145938.01,23659.71,23988.92,8430353.87,7750071.99,37.2,18540401.89
CAN,MLT,2021,32,19308053.33,6297725.17,13010328.16,8876674.26,1417258.89,1557017.85,1847981.83,50585073.37,162.1,6200661.24
CAN,NLD,2016,21,186680918.42,135918575.5,50762342.92,77869451.79,12334066.62,17186595.89,2475593.24,203363263.85,1746.8,5203471.33
CAN,NLD,2017,36,2773022.17,938339.64,1834682.54,871355.57,83423.33,101297.2,2789043.04,3506069.24,52.8,12014768.29
CAN,NLD,2018,21,27406886.44,11869303.93,15537582.51,8998164.8,1776387.94,1824991.71,1728402.9,43946555.16,317.2,5621565.93
CAN,NLD,2019,23,36755741.25,25611617.18,11144124.08,13973338.1,819919.89,1093674.33,11787448.64,80516054.97,135.4,20459747.78
CAN,NLD,2020,26,7951208.4,4147149.9,3804058.49,3182937.87,717600.12,831971.78,1123304.03,12194994.9,168.9,8235987.87
CAN,NLD,2021,28,248478415.94,204852506.04,43625909.89,101421405.59,5134070.18,5974334.14,3703539.0,321708210.7,620.7,31017990.3
CAN,NOR,2016,42,92204200.81,30806109.59,61398091.22,4980082.08,1140889.69,1291811.08,1415826.89,21898894.09,547.4,5355534.58
CAN,NOR,2017,44,4274438.83,1375405.78,2899033.05,551579.98,120092.03,160382.49,946065.36,2599655.4,185.8,3266903.49
CAN,NOR,2018,28,21853927.64,825750.86,21028176.78,-3278089.15,0.0,0.0,9661778.47,-10786928.3,484.0,20351259.58
CAN,NOR,2019,38,2538615037.72,2487842736.97,50772300.75,536274761.95,241323642.88,307055901.49,721262.59,1431134610.8,1094.9,1726864.61
CAN,NOR,2020,46,11609012.05,2167902.14,9441109.91,475681.85,98607.52,121376.05,14220514.23,2458445.98,379.7,40425198.83
CAN,NOR,2021,62,72382593.03,42148209.42,30234383.62,7880361.74,2129230.71,2546253.88,1929330.55,17027117.18,563.2,9637057.64
CAN,NZL,2016,41,1303332275.81,948687074.98,354645200.82,447792144.71,7507061.95,10376566.83,8990379.23,2485589107.82,4632.2,25598331.52
CAN,NZL,2017,40,319472259.78,191468552.72,128003707.06,87636362.79,15423823.09,18164506.97,22207534.53,459392354.48,2405.6,45488063.56
CAN,NZL,2018,31,2053992774.05,779770928.17,1274221845.88,393143272.66,82665291.09,100827595.1,26376882.52,2060321582.39,13990.0,91129124.35
CAN,NZL,2019,39,104816135.44,20945190.51,83870944.93,6115366.81,1058548.07,1091010.54,4023864.06,17762013.05,730.4,24744848.56
CAN,NZL,2020,46,332750533.39,130605730.56,202144802.83,25878932.24,7345499.17,8673118.78,457590.23,90721760.97,2516.1,2722285.44
CAN,NZL,2021,49,97375440.81,10253481.68,87121959.13,14629056.87,1007005.58,1264564.03,13969916.18,75349923.27,876.0,49311024.62
CAN,PAN,2016,35,117220487.91,106523407.78,10697080.13,31255284.05,3401660.07,4223887.99,890452.13,161735292.39,193.1,5951439.39
CAN,PAN,2017,25,26893070.18,9414870.39,17478199.79,5707341.41,0.0,0.0,449782.38,22822462.6,486.6,1095545.96
CAN,PAN,2018,20,15872739.64,8795855.24,7076884.41,3806813.79,581168.15,788064.16,2994598.02,18741012.65,165.6,6305678.2
CAN,PAN,2019,23,318250440.75,136501665.87,181748774.88,200798231.2,17445762.89,20861098.79,815056.51,979157744.88,2332.3,1887300.32
CAN,PAN,2020,24,771924339.39,293438752.09,478485587.3,167446964.81,19578557.88,24202365.79,844109.74,677582182.59,1264.1,3474461.58
CAN,PAN,2021,21,5123661.97,2513568.67,2610093.29,648384.23,16692.51,19060.64,12113542.53,1392568.19,65.3,22768609.31
CAN,POL,2016,36,893849682.13,464712322.57,429137359.56,181274700.55,45443811.21,49452111.06,13206006.99,857076998.05,5814.0,43645599.04
CAN,POL,2017,42,115871362.97,36291295.75,79580067.21,26927821.02,7062660.79,8953866.11,2168290.33,108154299.34,6035.2,5908778.37
CAN,POL,2018,34,68420446.99,28288214.88,40132232.11,13268320.82,951748.87,1273941.53,1626180.31,74770176.38,860.6,3034142.1
CAN,POL,2019,60,11354427.4,5219658.1,6134769.3,1540144.26,217338.54,269598.96,1048055.37,3648827.55,209.0,2595346.78
CAN,POL,2020,39,24864776.43,13493597.42,11371179.01,2692544.43,602019.06,825872.06,4842478.73,15536701.15,176.9,10332306.46
CAN,POL,2021,29,13577072.46,5187478.2,8389594.26,2277197.0,573428.22,618952.0,1499770.08,13018699.86,261.6,4282461.69
CAN,PRT,2016,45,51467591.92,31951183.09,19516408.83,6370463.98,1126192.94,1272494.04,3717891.71,38062919.67,129.3,11645005.02
CAN,PRT,2017,38,13185886.64,8314179.03,4871707.61,2162807.21,376537.18,513143.72,513643.0,10869099.35,171.1,1833406.19
CAN,PRT,2018,42,2434752.31,1288016.25,1146736.06,734569.44,235102.74,265658.5,493855.11,4172527.51,17.7,3235101.06
CAN,PRT,2019,37,85835581.11,30421286.35,55414294.76,14605475.24,4283490.95,5163802.13,882554.2,39171292.8,574.4,1587300.25
CAN,PRT,2020,36,31107225.07,24023909.76,7083315.31,12360666.26,0.0,0.0,9666278.02,41316271.63,133.4,48918891.87
CAN,PRT,2021,44,54121859.6,13256896.14,40864963.45,4203179.2,1226686.73,1646947.7,26007894.89,11689610.06,2166.4,117396878.05
CAN,SGP,2016,32,41090545.84,17056397.12,24034148.72,10135603.49,0.0,0.0,5464468.22,34377714.38,76.9,28566241.94
CAN,SGP,2017,29,15129221.52,12443868.51,2685353.01,3043098.34,266382.57,363380.17,2986874.56,15622597.13,140.4,18120814.94
CAN,SGP,2018,29,81547457.83,53131244.11,28416213.72,66804133.26,6859125.17,7453262.85,331701.45,208507830.58,341.2,880300.15
CAN,SGP,2019,31,927081.74,149069.11,778012.63,102765.17,19242.66,22069.64,2759988.51,576065.79,19.6,5167748.41
CAN,SGP,2020,24,190780866.04,160572220.44,30208645.6,27237670.41,2136573.84,2634419.7,18078456.86,94585561.09,289.3,32275248.63
CAN,SGP,2021,24,209773465.34,81200493.78,128572971.56,-19288056.39,0.0,0.0,1436030.88,-45513997.74,2824.5,4341413.75
CAN,SWE,2016,38,29743931.93,3423824.3,26320107.63,-571983.42,0.0,0.0,2624859.98,-2279250.06,291.5,6816190.87
CAN,SWE,2017,43,760871212.08,536010356.18,224860855.9,-17830079.65,0.0,0.0,834483.02,-75267123.49,10718.6,1397910.2
CAN,SWE,2018,37,55927296.11,24487207.95,31440088.15,2146706.51,214134.68,289223.99,572015.95,9622302.08,853.3,4212770.36
CAN,SWE,2019,40,365685110.28,91349454.95,274335655.33,72285175.04,19560356.0,23612974.25,7332855.99,313282772.34,1725.3,32775469.67
CAN,SWE,2020,43,380712261.53,181002167.85,199710093.68,91803318.81,20105260.2,26849030.39,3324561.45,381364681.27,2990.6,16806966.16
CAN,SWE,2021,39,21738763.58,11696887.02,10041876.56,2517195.75,830536.16,921662.05,1467565.84,10221571.07,117.7,6479385.37
CAN,TUR,2016,44,77377581.84,43334007.74,34043574.1,12135106.71,2058112.17,2264892.47,5294917.78,50252367.46,509.0,9585947.84
CAN,TUR,2017,47,15871360.4,12022983.29,3848377.11,4005356.06,1193533.6,1373726.14,1755112.09,19136108.95,68.6,15576044.98
CAN,TUR,2018,43,36993322.13,16262023.41,20731298.72,-5548998.32,0.0,0.0,198965.08,-20986588.44,623.2,905255.89
CAN,TUR,2019,34,21659663.33,9557471.07,12102192.26,1273257.87,186937.41,252834.11,978569.0,7049784.45,298.9,1632466.2
CAN,TUR,2020,37,3118315.17,679862.94,2438452.23,1677925.86,372550.02,451666.15,2254025.35,4062941.69,34.8,4064020.18
CAN,TUR,2021,39,1683777723.59,1112767852.05,571009871.54,346314240.8,108649209.84,120072333.82,14388736.17,1951410717.21,6047.2,25125191.87
CAN,USA,2016,31,110363168.35,63789662.85,46573505.5,-9892635.65,0.0,0.0,955411.38,-48852571.77,2163.4,2726910.44
CAN,USA,2017,41,22540105.33,3209348.51,19330756.82,1665316.33,0.0,0.0,3086905.86,9197051.23,272.4,5445331.88
CAN,USA,2018,49,139556708.36,39329921.44,100226786.92,37163117.61,13148559.47,16209181.48,5307021.49,99296685.95,727.0,9307977.53
CAN,USA,2019,33,630986444.35,235196164.53,395790279.82,161430374.99,45769514.41,59559568.08,2845591.88,665752991.86,6515.8,12069004.98
CAN,USA,2020,32,24355852.52,14681566.73,9674285.78,116176.78,32033.27,35979.64,8567046.7,296859.62,48.8,16936679.25
CAN,USA,2021,40,80871110.51,45373218.87,35497891.64,-2370881.84,0.0,0.0,1537253.67,-6851769.52,607.3,4897543.03
CAN,VGB,2016,23,49841843.61,9455316.79,40386526.82,26423501.7,0.0,0.0,509586.97,68434176.13,479.5,1134075.33
CAN,VGB,2017,24,44648549.45,24789446.52,19859102.93,27043630.86,2672646.1,3010677.21,1404757.65,159583032.93,170.1,2961841.91
CAN,VGB,2018,29,238118084.51,78218900.7,159899183.81,154566757.02,11851479.59,14482626.12,1236991.95,322690134.04,3510.0,5790570.77
CAN,VGB,2019,23,177512737.3,77934384.44,99578352.86,16319232.16,815901.76,1117257.62,40563809.58,88319084.53,2493.5,78939045.51
CAN,VGB,2020,15,30888908.18,21085388.29,9803519.89,27725343.4,2560257.75,3176804.3,27127648.43,95195611.44,222.6,50704991.4
CAN,VGB,2021,19,62810324.81,45247979.01,17562345.8,11050506.62,1100009.21,1273801.52,169267.04,45174999.07,316.6,1458370.06
CAN,ZAF,2016,35,2744501.95,1065914.37,1678587.58,603889.45,173278.06,193226.95,5489017.07,2175114.45,61.3,9755815.67
CAN,ZAF,2017,47,149633545.07,28569181.57,121064363.5,30292256.23,9216434.67,10196286.02,8585709.27,82606048.35,2473.4,27626967.2
CAN,ZAF,2018,41,151255242.29,61321549.32,89933692.97,13492476.3,2725239.7,3449264.49,2257385.94,48676148.43,1447.8,4812832.27
CAN,ZAF,2019,51,15501539.83,5544799.9,9956739.93,3196408.49,625356.67,826540.53,354123.47,17906826.65,420.7,2779647.6
CAN,ZAF,2020,29,121851985.95,104842414.9,17009571.05,-287897.64,0.0,0.0,18073562.29,-660424.19,173.7,39009849.86
CAN,ZAF,2021,43,18308315.64,11076431.59,7231884.05,1692461.45,409481.89,488719.28,4949926.9,5823980.77,239.0,22606814.0
AUS,AUT,2016,40,6966771.2,2172986.37,4793784.84,-255772.19,0.0,0.0,1959451.36,-830890.21,219.4,15760517.58
AUS,AUT,2017,41,11805538.44,2760528.31,9045010.13,2841579.93,698300.56,969150.51,1619707.54,14806998.28,190.9,4683640.07
AUS,AUT,2018,38,58838053.71,22480104.42,36357949.29,10064946.68,1269803.05,1353664.18,517730.63,31211181.98,1110.2,1084260.39
AUS,AUT,2019,44,21386562.26,4765983.15,16620579.11,1658154.21,342866.49,399360.1,1890482.59,3391022.03,1310.1,3279209.26
AUS,AUT,2020,37,819403893.03,373040868.64,446363024.39,359076048.78,128195944.08,151681015.68,135261.11,1932818450.24,5292.8,312475.53
AUS,AUT,2021,27,63593653.9,14055420.99,49538232.91,5927772.63,1253024.86,1363878.73,52241392.02,20766684.34,820.3,127539279.3
AUS,BEL,2016,39,17305957.44,10036246.91,7269710.52,671630.94,130038.91,148515.6,398541.37,2109515.0,144.7,690359.15
AUS,BEL,2017,44,146520694.83,41142436.85,105378257.98,48499678.62,6844345.77,7988834.4,37278024.69,250412002.99,783.3,62947398.73
AUS,BEL,2018,32,326318094.99,252492457.5,73825637.5,66520902.64,17408961.55,23225600.86,42949718.8,384340775.65,330.8,75249956.33
AUS,BEL,2019,49,48462181.17,28854362.38,19607818.79,445944.93,85240.12,100092.46,670086.93,1366844.32,255.7,5497796.2
AUS,BEL,2020,48,109734107.14,76808961.9,32925145.25,-4887017.09,0.0,0.0,15493584.38,-20070075.94,231.4,29217476.03
AUS,BEL,2021,45,86892367.8,5498747.32,81393620.48,9652121.79,1811176.86,2290140.34,190725519.05,28314397.33,1116.5,912120854.6
AUS,BHS,2016,24,265955150.26,232391440.55,33563709.71,146122005.86,0.0,0.0,1661181.46,600561233.35,393.0,5726550.45
AUS,BHS,2017,21,21974432.42,17233595.48,4740836.94,5279036.91,0.0,0.0,10095140.54,13472877.97,186.9,94273671.22
AUS,BHS,2018,17,10322507.15,6012950.09,4309557.06,1682249.15,194421.32,211472.62,12120945.83,9166379.76,38.0,27373457.46
AUS,BHS,2019,24,7484940.14,700739.93,6784200.21,2208952.97,457502.21,459289.15,21309187.22,10097791.87,270.5,45175264.71
AUS,BHS,2020,20,12098367.39,1583649.36,10514718.03,8154984.5,1482267.86,1725430.15,262432.89,20013702.65,193.8,833033.46
AUS,BHS,2021,17,20553828.68,205538.29,20348290.39,15287872.3,4571955.75,6267507.84,272027.13,57943837.5,343.0,604133.2
AUS,BMU,2016,33,39371779.32,22747541.54,16624237.77,16928740.8,1969937.58,2560461.48,2493249.55,100457245.51,182.6,4695261.16
AUS,BMU,2017,32,18777841.88,11759062.81,7018779.07,11827483.9,1406487.22,1888295.39,1558418.91,37259521.72,82.4,9192736.66
AUS,BMU,2018,34,190607257.05,108751164.63,81856092.42,68981679.41,7293563.76,8493434.7,452534.55,186723671.78,901.9,970094.41
AUS,BMU,2019,20,4716989.84,2096891.14,2620098.7,2156539.18,68380.94,84082.64,4843662.8,7566547.05,106.6,44463483.8
AUS,BMU,2020,31,267399040.39,229467453.49,37931586.9,152172145.48,14073466.46,19500183.45,7024284.94,440624456.42,249.8,16764074.76
AUS,BMU,2021,19,63584499.42,42596932.72,20987566.7,50198208.37,11373569.49,15422387.24,4239918.99,269972957.41,483.3,7210520.88
AUS,BRA,2016,49,62000494.69,26300985.83,35699508.86,8718402.58,1748980.77,2393247.11,6165432.78,22890734.86,285.2,13801438.66
AUS,BRA,2017,41,231969168.73,169226514.55,62742654.18,3256602.74,722378.8,967323.49,717003.44,12267878.34,837.6,2315955.87
AUS,BRA,2018,54,43102002.28,8242254.2,34859748.08,12040055.38,1445291.04,1962403.62,12694722.48,47505948.85,235.7,23355503.52
AUS,BRA,2019,39,11150706.35,8552380.65,2598325.7,1185717.44,170556.43,207592.18,6773605.63,2417787.88,117.4,49002162.29
AUS,BRA,2020,40,85360400.78,20625127.2,64735273.59,10141292.86,1845822.92,2266051.71,11689541.19,52767922.87,542.7,26284351.98
AUS,BRA,2021,36,647925005.84,298788203.13,349136802.71,202036135.96,55772539.33,60551316.11,52147.52,570065028.37,1995.9,479352.99
AUS,BRB,2016,20,277203339.11,216771675.18,60431663.93,-13860166.96,0.0,0.0,10384647.77,-66152859.92,741.5,35263452.23
AUS,BRB,2017,22,32617024.49,20377317.86,12239706.63,25184317.96,4636126.04,5736482.45,3772364.78,76321777.05,143.6,25498832.13
AUS,BRB,2018,30,52785423.84,46788923.48,5996500.36,22027761.98,1593796.34,1958586.9,37645471.86,109694493.37,117.5,76765830.12
AUS,BRB,2019,27,274593126.22,218578708.29,56014417.93,114428417.41,25758778.7,34723741.33,2478746.99,349229377.02,2762.6,14256586.82
AUS,BRB,2020,22,52297957.13,39102590.07,13195367.06,16737667.37,2502549.25,2796506.65,1770336.62,33580802.6,544.3,9230828.74
AUS,BRB,2021,31,182306394.25,74387998.93,107918395.32,68036694.18,17127989.28,23849860.09,4461990.56,193185913.56,1521.2,7995413.83
AUS,CAN,2016,25,39021648.95,10454447.87,28567201.08,12343074.88,2054172.57,2103770.34,2319380.59,46258431.82,792.2,5364542.02
AUS,CAN,2017,45,55851613.98,12996979.2,42854634.78,17043781.81,4646110.97,5067223.08,5263262.99,54411612.65,782.2,22892624.37
AUS,CAN,2018,44,330291237.76,234044776.99,96246460.77,146970380.19,34789254.98,46227639.0,1048157.13,459104511.89,1555.1,2596249.98
AUS,CAN,2019,39,331040214.53,254136319.41,76903895.12,199269834.92,3758149.88,3809319.01,2272820.55,458138637.39,917.1,20391498.79
AUS,CAN,2020,39,125147497.04,46341733.38,78805763.66,16931052.01,4812764.0,6000909.91,119784421.45,67824616.1,1055.9,348800570.92
AUS,CAN,2021,37,305161393.63,185611992.62,119549401.01,58086313.85,13540216.78,18393023.42,10504970.52,323669791.85,1577.3,21213258.42
AUS,CHE,2016,19,3462084.39,2495825.25,966259.14,113507.95,15368.77,19637.58,6635671.9,551298.99,19.1,14075255.64
AUS,CHE,2017,25,77590849.14,40815632.59,36775216.54,24449868.49,2188174.02,2387171.07,2833350.98,134035003.19,177.0,16686079.0
AUS,CHE,2018,26,240255407.81,183736549.37,56518858.44,119813469.23,13309755.98,15392197.11,11754739.1,559661269.3,459.6,41315342.44
AUS,CHE,2019,27,2521266902.4,2102545397.8,418721504.61,-126063345.12,0.0,0.0,909659.63,-263460208.34,5156.7,4566776.63
AUS,CHE,2020,28,31082754.21,15803974.05,15278780.15,9413987.25,876849.34,913455.5,5428183.82,25146756.83,428.0,34479290.28
AUS,CHE,2021,31,62617479.44,39659751.53,22957727.91,25885682.77,4881333.48,6171412.36,829047.1,81188788.72,833.2,5232989.42
AUS,CHL,2016,54,14710067.87,3849607.35,10860460.52,-63597.44,0.0,0.0,8847172.47,-248733.69,150.8,15135454.15
AUS,CHL,2017,49,172134530.38,93764122.85,78370407.53,42510490.18,8878902.61,11539582.68,8684985.27,186719564.32,764.3,21937555.06
AUS,CHL,2018,44,7103354.28,873954.94,6229399.34,1053824.44,361959.03,411674.68,931937.58,5899332.13,154.2,2219468.96
AUS,CHL,2019,36,29830905.44,3467820.0,26363085.43,-2285584.3,0.0,0.0,52186066.24,-8846236.36,459.2,130930853.31
AUS,CHL,2020,37,3686413.36,1891388.18,1795025.18,848289.29,319188.28,372432.59,12398431.96,4009194.64,131.1,43729286.48
AUS,CHL,2021,50,85812557.76,28601128.1,57211429.67,-2563522.06,0.0,0.0,8895484.86,-6180535.15,1185.0,22312045.71
AUS,CHN,2016,37,19828605.71,5190422.82,14638182.9,2524015.65,343557.43,463786.69,2123576.26,8346747.63,86.6,3660276.49
AUS,CHN,2017,43,55713696.85,18704878.03,37008818.83,3109512.03,580672.1,733505.53,7471080.54,10700687.12,567.7,17902297.24
AUS,CHN,2018,33,2634874.46,1708434.68,926439.78,804318.33,242790.52,290060.63,7634031.21,4055164.34,21.6,47481219.65
AUS,CHN,2019,57,32181190.23,5128303.06,27052887.17,-921710.91,0.0,0.0,2558140.22,-2901331.28,499.2,4978406.32
AUS,CHN,2020,38,13026385.77,5188654.35,7837731.42,4323759.46,841255.85,1014260.32,196313.99,10629625.3,170.9,1137586.59
AUS,CHN,2021,40,5772566.28,2004587.93,3767978.35,197684.2,24901.05,28225.94,3122046.13,829081.38,77.0,5945046.47
AUS,CYM,2016,14,111151433.11,37918137.69,73233295.41,26499552.88,2380702.73,2382846.82,3700215.33,99378118.71,912.9,9510657.18
AUS,CYM,2017,23,4380105.38,2331331.8,2048773.58,1040945.8,0.0,0.0,3259410.84,4432702.6,35.6,10338766.26
AUS,CYM,2018,30,17204134.02,7582214.84,9621919.18,3536478.98,6381.55,7105.78,2247583.08,10948856.97,198.9,10732875.88
AUS,CYM,2019,33,26095681.12,23024652.81,3071028.31,3656944.21,54159.93,54444.97,1338869.49,17430835.41,45.3,2664022.65
AUS,CYM,2020,23,144724100.9,81347417.66,63376683.24,-21708615.13,0.0,0.0,1375386.64,-123860519.06,894.3,2954770.01
AUS,CYM,2021,21,112595161.9,65523783.43,47071378.47,-4793664.33,0.0,0.0,14205853.98,-13562017.18,862.4,52016140.96
AUS,CYP,2016,19,606158740.27,444505976.93,161652763.34,473708693.14,0.0,0.0,52217493.38,2257707159.37,4194.2,149890518.73
AUS,CYP,2017,35,27810670.38,3938041.48,23872628.9,-4171600.56,0.0,0.0,7454065.48,-21590784.69,519.7,24039964.55
AUS,CYP,2018,19,153948489.48,150869519.69,3078969.79,37638526.73,4350171.83,4386287.85,3062756.37,177110253.76,40.7,12215313.91
AUS,CYP,2019,24,34091469.77,21190640.38,12900829.4,6016681.92,488729.46,670749.53,1707996.91,26646116.7,541.6,3460206.44
AUS,CYP,2020,28,88097390.75,52567968.38,35529422.37,11858773.69,1016718.41,1179109.83,10543800.87,28650384.58,325.0,19690612.78
AUS,CYP,2021,30,47952644.4,27293083.29,20659561.11,31396727.3,3341202.44,3962206.51,735217.52,152879863.83,446.2,1836452.68
AUS,CZE,2016,42,12053946.58,1893516.09,10160430.49,3091850.87,0.0,0.0,14426963.82,6368799.72,71.6,35891807.32
AUS,CZE,2017,37,24736201.77,7636334.31,17099867.46,4923819.28,1348612.07,1660487.12,3421039.87,11362826.2,223.0,9428363.88
AUS,CZE,2018,37,26874077.86,8973373.8,17900704.06,2832938.8,166979.01,207581.75,520394.91,14473383.92,406.7,5052320.66
AUS,CZE,2019,46,31449588.61,8812910.73,22636677.88,-4717438.29,0.0,0.0,2853215.1,-22108823.19,168.9,6274935.57
AUS,CZE,2020,40,18917138.22,8711060.03,10206078.18,4125214.23,100854.45,129496.62,26331536.87,13795090.12,294.4,67213081.8
AUS,CZE,2021,47,82198856.18,6231588.92,75967267.26,5391365.65,620777.11,862516.35,5261837.52,28635337.05,1701.4,9972490.16
AUS,DEU,2016,35,219158713.04,22214489.29,196944223.75,47258918.83,6474413.99,6514625.71,1480144.5,269473535.51,1519.1,9418016.52
AUS,DEU,2017,43,106491277.02,64348336.46,42142940.56,36693589.75,0.0,0.0,54856370.89,82583999.98,561.9,102076708.32
AUS,DEU,2018,29,208579143.57,108073110.48,100506033.09,38405908.11,10568520.46,14465016.08,863278.45,184205292.7,837.9,3386822.87
AUS,DEU,2019,32,83927504.89,20234921.6,63692583.29,-1121946.31,0.0,0.0,51988170.93,-4045231.8,621.3,87045654.25
AUS,DEU,2020,48,77679873.37,47759845.39,29920027.99,19017249.67,4316875.33,5296762.12,1648166.02,78869282.35,439.5,10439188.22
AUS,DEU,2021,49,115642924.06,21502914.91,94140009.15,2069503.99,564986.93,579448.32,894761.6,6264009.65,2198.5,3750523.59
AUS,DNK,2016,45,101992404.99,60380954.93,41611450.06,28846177.47,6239308.18,8293548.94,7969027.44,70691056.38,1401.9,36121171.88
AUS,DNK,2017,35,25144323.47,16523933.03,8620390.44,1202953.18,0.0,0.0,2658416.25,5961617.24,137.3,10258532.14
AUS,DNK,2018,38,122064222.99,76843675.18,45220547.81,85706110.96,531843.92,680791.37,1458668.48,487554056.07,560.3,11371322.73
AUS,DNK,2019,33,12112828.28,1853104.14,10259724.15,4496426.69,263871.82,269652.68,5488422.39,15487743.24,435.1,11286488.02
AUS,DNK,2020,41,54624386.85,28832738.98,25791647.87,3326827.94,1056937.32,1471265.48,8237023.42,7659394.6,391.7,54252031.83
AUS,DNK,2021,51,94458432.4,55026350.93,39432081.48,-8392896.83,0.0,0.0,261364.13,-22988974.87,456.4,1060654.86
AUS,ESP,2016,50,19312750.06,16099724.25,3213025.81,3952846.52,747554.08,863650.32,10355793.57,9283080.01,220.4,29308250.02
AUS,ESP,2017,39,92817577.19,37156008.15,55661569.04,27215192.97,3481831.98,3989539.97,1282803.62,110712190.65,463.4,8084814.81
AUS,ESP,2018,42,110748361.11,29997094.17,80751266.93,9121496.31,1857408.4,2384209.45,3091409.07,38447992.38,2484.6,7495120.28
AUS,ESP,2019,43,132417450.41,67796449.43,64621000.99,21716238.94,5477585.02,6044701.32,792078.24,91007370.63,1827.2,1773685.3
AUS,ESP,2020,46,17900035.86,2343183.4,15556852.46,7443231.84,1568417.09,2054599.1,6134629.23,28262896.56,272.3,14842458.88
AUS,ESP,2021,32,180495907.09,62230819.49,118265087.6,48714634.43,12375540.59,14755816.05,3201448.74,118547556.7,811.1,8876255.3
AUS,FIN,2016,43,18061572.61,6060236.33,12001336.28,434933.98,109213.82,137698.07,468005.02,1584869.77,417.5,2526048.05
AUS,FIN,2017,40,277031213.86,158721717.48,118309496.38,-41554682.08,0.0,0.0,1842358.64,-133295223.76,1363.7,5305223.17
AUS,FIN,2018,38,71796810.76,50397461.47,21399349.29,10558015.09,659506.72,758733.17,708286.18,35343832.2,194.8,1698135.93
AUS,FIN,2019,49,84797269.75,55050917.39,29746352.36,32423995.91,5468484.75,5826242.74,3717549.01,181524612.63,913.3,30840297.39
AUS,FIN,2020,36,38744845.04,15833315.05,22911529.98,-5287693.65,0.0,0.0,60606069.51,-13533498.81,372.2,136630384.42
AUS,FIN,2021,37,9807916.29,3173311.51,6634604.78,1163924.97,334980.86,439964.55,2676705.19,5271983.62,103.7,10633773.77
AUS,FRA,2016,41,175494793.13,78951836.77,96542956.35,54833023.95,12493166.9,13942279.88,872097.2,271971918.79,1059.1,1631896.55
AUS,FRA,2017,36,77163016.49,13888817.17,63274199.32,-729948.3,0.0,0.0,6120413.61,-4187539.31,2113.6,35822357.17
AUS,FRA,2018,40,41867606.4,38518197.89,3349408.51,9929134.82,1341060.29,1621685.41,1378580.77,44325885.08,118.8,3401806.85
AUS,FRA,2019,42,13885490.09,2068733.53,11816756.57,1588554.84,220971.95,223415.79,2357228.57,3610174.29,179.1,5875241.72
AUS,FRA,2020,46,69331447.33,37634804.42,31696642.91,8580439.94,2131574.16,2611443.21,17994789.02,34053880.17,291.9,46728945.68
AUS,FRA,2021,33,213796118.22,66617762.99,147178355.23,88455501.48,19409702.17,25552665.15,1514229.48,436468962.51,2022.0,5771486.76
AUS,GBR,2016,40,760557704.95,255789136.02,504768568.93,96113743.39,25702059.24,29460375.91,2520585.88,349169154.18,7552.4,9109337.74
AUS,GBR,2017,36,36431734.6,20218034.79,16213699.81,3123643.98,413977.52,559718.66,5477931.72,18442579.58,345.1,9485176.45
AUS,GBR,2018,41,12964398.87,6599220.05,6365178.82,1185009.34,212170.2,255045.67,4598367.94,4893314.65,115.2,8523083.47
AUS,GBR,2019,42,4551090.1,638687.37,3912402.73,870839.48,140511.91,141405.97,1312542.68,3615211.66,98.1,2556192.27
AUS,GBR,2020,38,135065451.29,1350654.51,133714796.78,32788767.89,1660235.63,2064124.95,165135.06,107169646.65,2764.7,1531678.18
AUS,GBR,2021,38,5661050.01,1183427.13,4477622.88,2053141.37,655476.55,858084.44,10538806.47,10721025.51,63.0,25062043.43
AUS,GGY,2016,16,19032062.62,11714344.46,7317718.15,5868748.94,596574.25,813680.03,11709865.13,27491943.29,69.8,21853916.63
AUS,GGY,2017,25,45293118.24,24108530.46,21184587.78,4419443.14,291302.41,305230.09,740565.2,19932758.03,373.1,1556655.69
AUS,GGY,2018,26,90079428.47,69561508.69,20517919.78,29746208.25,4684295.86,4903747.26,3584888.68,79673850.71,723.8,13208751.5
AUS,GGY,2019,23,18545717.55,10053214.48,8492503.06,7953884.99,1708208.38,2029893.12,1571516.56,22868846.14,288.7,8536572.62
AUS,GGY,2020,20,8063464.34,1257352.43,6806111.91,-986805.82,0.0,0.0,5257986.12,-3630912.97,142.3,40478319.09
AUS,GGY,2021,26,72602467.31,57558937.67,15043529.65,8891245.92,1411551.65,1612901.71,1087473.34,41635965.58,218.9,2225668.38
AUS,GRC,2016,53,56884229.98,14155570.41,42728659.57,21920280.58,3278668.52,3730494.21,659769.27,57191413.95,271.0,3477029.29
AUS,GRC,2017,45,843672542.74,283935251.26,559737291.49,130005072.15,30245425.48,31727001.28,55696.64,710915416.21,7456.6,413274.02
AUS,GRC,2018,31,552682080.58,160041147.45,392640933.13,160995068.13,12441827.69,16181898.16,16673240.89,388684829.78,2398.7,32150756.31
AUS,GRC,2019,47,24004495.3,13783422.46,10221072.84,-1281766.75,0.0,0.0,265786303.54,-3849083.88,237.8,495335289.74
AUS,GRC,2020,36,32375245.85,10926341.14,21448904.71,5301112.1,0.0,0.0,343222.67,21643493.7,508.8,598373.3
AUS,GRC,2021,43,59585717.26,2294111.41,57291605.85,15366998.89,3722004.81,4591428.59,1636128.12,80454663.11,2012.2,5883669.91
AUS,HKG,2016,22,63888961.22,29722320.94,34166640.28,38929522.82,3837764.42,4540425.86,6105744.1,150815519.18,433.1,19867381.42
AUS,HKG,2017,30,200138263.48,135435358.54,64702904.93,-30020739.52,0.0,0.0,1556219.37,-157220619.85,791.1,3354838.01
AUS,HKG,2018,24,147642198.18,88695961.71,58946236.47,18894377.24,2896900.09,3809340.55,3034775.13,57578440.65,3165.3,5283704.22
AUS,HKG,2019,24,124428273.87,69377427.8,55050846.07,49954029.12,8538206.35,11437731.78,4543866.86,174356828.71,414.1,34398947.43
AUS,HKG,2020,20,76515426.07,30369510.41,46145915.66,25622496.49,0.0,0.0,2514280.35,112272308.69,2637.4,16903071.67
AUS,HKG,2021,15,152421018.37,91942284.62,60478733.75,32052923.89,1718165.66,2217491.57,3307299.57,161360315.64,579.1,6191754.97
AUS,IMN,2016,18,15395599.36,8988480.02,6407119.34,12791168.8,1811748.97,2381414.44,952558.25,75908639.35,145.4,3998745.89
AUS,IMN,2017,29,95589003.27,78630056.78,16958946.49,42633301.73,5018423.72,6371297.54,6760662.5,255475460.75,205.2,39095259.01
AUS,IMN,2018,22,100456868.52,91733445.85,8723422.68,-5022843.43,0.0,0.0,3527080.66,-13217178.81,102.7,11404285.25
AUS,IMN,2019,33,271404820.26,214841301.87,56563518.39,68345482.24,11552841.99,15010662.99,14271104.25,386556230.83,512.4,29633304.37
AUS,IMN,2020,19,44649594.32,29348532.07,15301062.24,8737570.86,923883.0,1056382.55,535424.45,51086733.09,141.2,983939.52
AUS,IMN,2021,18,10905774.24,6389829.71,4515944.53,3283811.36,0.0,0.0,811388.71,18346161.06,76.0,6553226.14
AUS,IND,2016,46,2067048.17,448621.29,1618426.89,1058336.74,230845.46,309132.34,34705446.87,4559411.54,24.7,67178982.33
AUS,IND,2017,37,41376161.05,24572260.95,16803900.1,2386512.78,534561.38,638820.3,1520262.63,14299975.82,440.6,7770021.3
AUS,IND,2018,42,39771771.06,30091748.31,9680022.75,-341680.78,0.0,0.0,1165748.53,-1441528.75,95.1,4475242.8
AUS,IND,2019,39,5192510.32,2475860.06,2716650.26,386845.86,44036.98,58982.63,2876831.46,2133424.76,40.6,27309359.57
AUS,IND,2020,38,90146624.72,6463824.17,83682800.55,-12316760.12,0.0,0.0,1432832.92,-43881044.6,2442.9,4954296.65
AUS,IND,2021,54,47348178.5,13743659.21,33604519.29,128387.79,20324.93,20996.97,3124901.45,660313.35,264.2,5417384.03
AUS,IRL,2016,23,285989846.86,219716529.03,66273317.83,54958571.7,4761667.42,6242769.33,2374878.97,306454139.58,327.0,15152266.01
AUS,IRL,2017,33,161734174.77,131682048.16,30052126.61,59220768.47,12251885.13,16082680.68,5744060.47,284965137.2,245.5,42622026.12
AUS,IRL,2018,33,40479467.57,26194933.3,14284534.27,-2023973.38,0.0,0.0,35130870.01,-5446394.64,344.0,144550428.15
AUS,IRL,2019,28,13184437.74,10358903.18,2825534.56,3432810.78,674011.13,837307.16,3418336.04,12962319.85,77.1,14168118.86
AUS,IRL,2020,34,24056930.81,6198748.59,17858182.23,7293647.35,1320146.24,1563800.32,1544561.01,18199449.97,183.6,6987515.88
AUS,IRL,2021,22,4808521.63,3144518.06,1664003.57,719731.17,129390.69,134989.01,3906827.95,3039327.88,53.1,6592530.9
AUS,ITA,2016,40,27044197.94,17821463.02,9222734.92,274099.22,40141.15,45119.86,1319028.47,835793.42,162.7,3515754.76
AUS,ITA,2017,43,143615550.18,48163770.91,95451779.26,2924416.94,409143.55,522641.15,2318256.59,13136699.89,4159.4,8544577.87
AUS,ITA,2018,56,13519489.24,9333535.83,4185953.41,1874750.63,532344.85,543274.89,1050551.41,10767259.83,92.2,2936476.42
AUS,ITA,2019,37,11051815.71,2188702.38,8863113.34,1184323.99,325025.28,340535.38,9265859.09,5751863.53,107.3,18462433.18
AUS,ITA,2020,49,49550885.34,38617330.3,10933555.04,11044181.34,4253629.66,4395328.14,16132743.04,52917324.73,231.2,52663794.63
AUS,ITA,2021,47,24333423.67,841661.96,23491761.71,5261441.33,544155.24,558408.78,14806686.86,29985352.63,394.0,42437052.64
AUS,JEY,2016,24,2797616.47,1351198.99,1446417.48,1272147.58,31174.08,40373.45,1232380.93,4094344.91,38.5,2665029.43
AUS,JEY,2017,16,21927699.34,19416930.35,2510769.0,1391560.88,337192.57,447644.61,11809426.32,3298629.67,38.7,26461412.87
AUS,JEY,2018,28,112709083.66,69497378.03,43211705.63,70157020.58,4867269.76,4923020.54,664962.49,378582752.31,1657.1,1288014.71
AUS,JEY,2019,26,21836696.39,16723929.33,5112767.06,6549381.78,1015538.17,1278040.44,472984.54,38013300.02,64.5,862786.65
AUS,JEY,2020,23,43845406.56,30816789.45,13028617.11,34080753.27,4338132.83,5519343.6,8332199.9,113959413.77,253.0,15840164.34
AUS,JEY,2021,32,209780800.24,184105513.11,25675287.13,81999910.02,8762601.81,9000650.86,11534217.48,178671395.15,893.4,20793202.19
AUS,JPN,2016,35,11919724.58,7327122.78,4592601.8,920116.51,263177.34,267698.48,3762577.6,2726010.48,153.5,8030922.37
AUS,JPN,2017,40,75282049.61,17356883.55,57925166.06,13127169.51,2473551.76,3279021.43,3142658.67,75596658.99,1412.1,5338072.1
AUS,JPN,2018,42,61572783.12,10002685.07,51570098.05,6191691.37,0.0,0.0,2411867.93,30019058.07,911.4,5999201.17
AUS,JPN,2019,37,21707755.82,14766318.89,6941436.93,-10616.29,0.0,0.0,1523149.77,-24979.47,208.6,3334891.36
AUS,JPN,2020,49,767066730.83,582708476.31,184358254.52,74659400.47,25604090.79,27623869.74,5666795.43,391218469.67,607.1,16578295.9
AUS,JPN,2021,36,243452029.05,122837190.8,120614838.24,76543589.88,23620289.61,32354528.06,130983665.76,355720963.78,920.9,397905538.32
AUS,KOR,2016,42,121155913.0,29015200.58,92140712.43,9600485.39,1355944.65,1455246.85,38360791.16,32281962.02,2555.6,84744198.84
AUS,KOR,2017,51,99554703.83,995547.04,98559156.79,-7416422.74,0.0,0.0,916530.34,-17363891.94,493.7,2124513.09
AUS,KOR,2018,44,7666979.36,3766999.1,3899980.25,-676430.04,0.0,0.0,91418.19,-3506772.62,223.6,760327.25
AUS,KOR,2019,35,123449381.05,80977895.13,42471485.92,7786936.52,1215994.43,1481044.23,2528760.8,38835764.57,707.3,5578653.0
AUS,KOR,2020,38,28635625.59,7565226.35,21070399.24,9148997.3,1892583.53,1976845.41,808061.99,21840472.15,364.8,1504865.35
AUS,KOR,2021,35,964188393.75,626117342.04,338071051.71,23941016.37,3729362.54,5196794.65,215643.43,68255983.99,2543.3,615583.24
AUS,LIE,2016,14,568402494.04,470297008.05,98105485.99,70293907.36,13364278.42,16043964.09,220584.2,179016587.4,1938.3,796499.26
AUS,LIE,2017,18,421453164.07,380262290.87,41190873.19,172168500.71,31291578.6,42454631.48,3075835.89,452272901.1,598.4,6488829.77
AUS,LIE,2018,25,7444832.5,2609240.29,4835592.21,1673272.03,336704.61,358279.08,1608450.7,6643668.61,174.0,3321300.66
AUS,LIE,2019,37,19693414.55,5947124.99,13746289.56,-632424.83,0.0,0.0,5214761.11,-3030570.18,248.0,9303804.87
AUS,LIE,2020,32,18956082.14,5697657.48,13258424.66,1031507.33,73631.3,97605.29,391488.96,5385457.52,362.8,762198.62
AUS,LIE,2021,23,134356768.84,65642464.47,68714304.37,69275723.9,4868563.3,5413592.96,8518846.8,282416291.9,2697.6,84189699.52
AUS,LUX,2016,33,1014102610.91,504952342.68,509150268.23,-152115391.64,0.0,0.0,4337751.36,-456137701.34,7724.2,7870496.45
AUS,LUX,2017,20,1126889739.86,1033622725.35,93267014.5,528253772.12,41824134.99,45372393.8,5796062.2,2207047802.59,917.8,9784944.17
AUS,LUX,2018,29,14844230.43,11571136.2,3273094.23,3882049.37,13603.07,15358.68,192414.22,23255380.32,37.1,327771.18
AUS,LUX,2019,8,12763513.8,1928906.48,10834607.32,3484656.74,810430.92,1061910.22,2345061.31,10505697.83,148.2,18600684.17
AUS,LUX,2020,32,280250876.67,102694409.81,177556466.86,224379487.23,21938720.54,26484950.75,16107674.42,812586592.77,3101.5,27528178.31
AUS,LUX,2021,30,2101473.36,1170313.03,931160.33,824034.83,157348.08,199153.28,1647863.33,3577201.07,25.5,3836946.68
AUS,MAC,2016,16,319518677.29,313128303.74,6390373.55,71041465.9,3118994.0,4196415.8,2163540.6,233199418.01,132.4,4001227.01
AUS,MAC,2017,17,29271086.0,11268867.79,18002218.21,12829827.1,834234.57,840407.36,1091046.03,37313695.98,269.6,3603672.14
AUS,MAC,2018,23,186362800.92,178017330.91,8345470.0,58828864.24,4516384.06,4862727.38,20100682.02,241768439.49,102.5,57461943.11
AUS,MAC,2019,40,1764056.3,172524.72,1591531.57,-201113.71,0.0,0.0,213864.01,-817456.31,25.3,869323.47
AUS,MAC,2020,23,849876725.62,832879191.11,16997534.51,626270569.67,70950188.38,98382369.02,1373472.11,2174391560.07,292.3,11201664.77
AUS,MAC,2021,27,131811120.15,61926459.17,69884660.98,34526036.92,5609299.34,5797893.73,12714759.4,180627148.25,1695.5,49045550.87
AUS,MCO,2016,24,36467358.28,7207279.36,29260078.93,8582581.69,3396009.74,3549403.96,564946.77,40082972.22,254.3,1792023.64
AUS,MCO,2017,26,2189787.61,1151691.03,1038096.58,153314.48,27761.9,36488.47,2519854.22,911742.32,23.2,5902991.61
AUS,MCO,2018,29,407853612.21,325288091.5,82565520.71,13528595.69,1499012.89,2060269.27,215787.65,44682850.01,1051.0,364375.47
AUS,MCO,2019,36,54493796.34,40000099.79,14493696.55,6558835.54,813632.88,906410.72,5193745.24,29512145.53,268.9,9750243.34
AUS,MCO,2020,32,341924663.05,301828965.51,40095697.54,75266231.82,5826166.16,7210245.22,9919649.86,380457433.14,771.4,17304231.67
AUS,MCO,2021,17,28281625.2,16711445.09,11570180.11,-1414081.26,0.0,0.0,701766.11,-3692586.16,160.3,2360840.93
AUS,MEX,2016,57,83685804.46,29714227.29,53971577.18,10371719.49,3459107.77,4612330.86,9860397.6,38187201.68,1069.2,33159642.51
AUS,MEX,2017,27,9612026.35,3930638.81,5681387.53,3408736.41,605785.14,608223.86,3826200.48,19734788.1,339.6,7072803.89
AUS,MEX,2018,39,75261035.09,25277136.05,49983899.04,13028318.75,3283350.05,3488837.16,8168834.45,46360974.71,813.5,15639409.99
AUS,MEX,2019,31,10520251.51,2567567.39,7952684.12,2623976.8,487609.52,578834.47,4431020.59,13746108.65,157.7,15028643.26
AUS,MEX,2020,39,1832653527.19,672730418.86,1159923108.32,540946366.73,78242322.34,80374982.48,181208.77,3032248251.78,6388.9,901087.9
AUS,MEX,2021,51,7148200.45,1974264.43,5173936.03,3012448.79,373433.63,454426.79,23724352.1,16726681.85,94.7,82832211.04
AUS,MLT,2016,23,1105721857.86,1028805926.42,76915931.44,125853068.81,13765716.4,15216909.68,22842224.99,577374494.14,1738.1,44886181.73
AUS,MLT,2017,27,205053244.08,193760631.65,11292612.42,111929482.32,6438963.1,7932764.72,1999885.08,319397837.91,231.9,7674654.2
AUS,MLT,2018,32,255621304.71,59200124.95,196421179.76,61999174.57,3568120.35,3763813.19,2169786.67,346613907.03,2518.4,5495279.38
AUS,MLT,2019,28,13937280.5,9996965.1,3940315.4,3658541.64,278780.11,372245.96,22318644.18,15041357.38,96.8,74991100.6
AUS,MLT,2020,28,729620740.51,607568340.15,122052400.36,136336136.59,16102361.31,22198048.1,639074.56,621215192.32,2654.9,1137071.02
AUS,MLT,2021,18,119955286.37,56429509.66,63525776.71,8265131.0,785875.6,995204.58,114559.14,17986468.57,722.9,196770.57
AUS,NLD,2016,16,217479053.38,179687414.76,37791638.61,37509081.88,5215169.71,7249208.8,3025255.08,195501699.12,815.9,6415237.89
AUS,NLD,2017,32,1016547.87,318977.1,697570.76,36913.9,4911.44,6781.3,898043.07,135896.04,25.6,2765888.36
AUS,NLD,2018,22,797736820.05,385387381.96,412349438.09,223503536.93,19904823.96,21888325.74,2766306.59,617071347.49,6724.1,13777400.77
AUS,NLD,2019,20,10033340.13,5690968.86,4342371.27,3804968.85,0.0,0.0,4693872.52,17032166.06,75.3,12049804.82
AUS,NLD,2020,22,19136032.86,4120421.33,15015611.53,2812952.55,0.0,0.0,9577177.71,6523304.83,242.5,28996591.66
AUS,NLD,2021,25,14343213.16,1771967.45,12571245.71,6533132.75,1097414.34,1510752.61,11538996.24,20962826.85,229.5,97911176.38
AUS,NOR,2016,39,926244735.14,268853151.1,657391584.03,250579408.32,45939933.52,54258587.42,660854.17,1098404749.58,5243.5,1913035.38
AUS,NOR,2017,43,51314539.57,513145.4,50801394.17,-2261758.9,0.0,0.0,1021494.1,-6730844.59,475.6,5421712.26
AUS,NOR,2018,33,43548259.74,10444468.38,33103791.36,4087323.01,688432.84,879046.11,16489185.74,14013962.14,375.7,106093736.92
AUS,NOR,2019,33,65322357.73,26472947.78,38849409.96,10392966.2,890787.37,907752.73,1506957.8,23117426.4,656.2,7669754.02
AUS,NOR,2020,37,22989065.62,2517165.52,20471900.1,6739601.14,842746.3,987603.06,716360.72,33738815.48,91.0,5915263.93
AUS,NOR,2021,48,1020954110.22,406709153.43,614244956.8,51717767.54,12851585.16,13986374.54,1399792.77,217276865.63,5069.2,4851981.69
AUS,NZL,2016,45,94666246.04,25986753.17,68679492.87,24687795.73,2301618.65,2637693.04,1557893.09,71273847.83,1160.3,3678161.63
AUS,NZL,2017,40,6808250.85,3865885.41,2942365.44,1079521.38,167855.13,188793.68,1161133.89,3898293.76,149.5,8382127.72
AUS,NZL,2018,43,16000598.25,5409350.68,10591247.57,1399932.86,166031.44,195744.04,808044.99,6012122.0,107.4,1811817.84
AUS,NZL,2019,36,74965386.28,22576614.64,52388771.64,-11244807.94,0.0,0.0,2172722.27,-33024284.14,929.7,6941758.91
AUS,NZL,2020,40,812253391.07,111779156.35,700474234.72,98077935.38,15947740.27,16294899.41,2096642.93,339801561.14,5195.1,4007118.59
AUS,NZL,2021,33,268363695.31,166105068.62,102258626.69,55202380.14,8041637.72,10702299.37,541769.05,117706483.64,1790.1,1250706.6
AUS,PAN,2016,29,210322934.99,102924072.53,107398862.46,19884476.49,2808479.37,3670587.36,9466395.44,113479118.07,4129.8,22518262.78
AUS,PAN,2017,28,48460858.15,7491003.48,40969854.67,19477305.68,3906407.12,4067075.15,7054220.93,116379793.4,833.9,12716830.45
AUS,PAN,2018,33,102887777.47,83819045.55,19068731.92,97743388.6,28020472.65,29167414.49,7603298.14,349803481.75,325.4,17948456.74
AUS,PAN,2019,21,2408612063.72,1565584732.16,843027331.57,-120430603.19,0.0,0.0,7726732.28,-602601317.57,13692.3,26812250.94
AUS,PAN,2020,19,94548505.22,60410992.06,34137513.17,55209454.53,5812747.41,7652669.08,7491297.55,272792476.8,661.9,27085900.5
AUS,PAN,2021,16,8636673.1,5238669.71,3398003.4,3321395.18,458316.48,473022.8,1083055.38,10290540.65,28.1,2115832.89
AUS,POL,2016,38,11428830.63,8591696.64,2837133.98,-1714324.59,0.0,0.0,2884058.88,-4851021.28,12.0,4861244.5
AUS,POL,2017,37,61183556.31,3425207.65,57758348.66,12946576.84,3125637.35,3559550.96,1526788.21,58035553.68,691.5,3229295.23
AUS,POL,2018,38,8471207.14,3461148.25,5010058.89,504491.75,157724.7,183874.05,237645.26,1235158.18,100.3,1241141.56
AUS,POL,2019,41,44120621.68,25121155.73,18999465.95,4259156.81,808394.08,1100549.9,665382.14,22997815.73,320.2,1919494.29
AUS,POL,2020,38,7226287.67,2894746.92,4331540.75,1958255.24,374820.47,479061.28,325980.57,4552208.48,51.7,1276788.54
AUS,POL,2021,37,3479548.48,1240509.85,2239038.63,649714.82,80280.72,99823.05,7439729.91,1971710.15,52.0,12996537.91
AUS,PRT,2016,41,259215760.59,125775355.0,133440405.59,36782847.74,7687783.56,8470127.72,385541.33,80267579.48,2208.5,1584804.8
AUS,PRT,2017,42,7427696.92,1151844.16,6275852.76,307997.24,78395.6,81343.47,5156376.98,1110526.37,130.5,9037794.11
AUS,PRT,2018,44,19953283.17,3834537.34,16118745.83,-313448.78,0.0,0.0,8456929.26,-1161738.76,259.4,25153763.91
AUS,PRT,2019,45,211340878.82,96881975.22,114458903.6,28394036.08,6539653.74,8560378.47,1072139.45,84830053.31,1090.5,2419726.44
AUS,PRT,2020,47,15993644.8,4469306.66,11524338.15,2339316.89,402491.66,489248.43,23766200.43,11305966.25,117.2,52678316.05
AUS,PRT,2021,43,22387504.96,21161310.33,1226194.63,-2685432.82,0.0,0.0,939943.16,-10530641.3,73.8,2181249.09
AUS,SGP,2016,21,497452072.89,487503031.43,9949041.46,164421864.45,73989839.0,87817055.99,1936751.01,690081996.71,182.5,4608533.69
AUS,SGP,2017,34,266423646.55,112039572.79,154384073.75,-6572829.94,0.0,0.0,5084127.05,-38145077.12,815.4,12214165.27
AUS,SGP,2018,23,23817536.32,20878836.08,2938700.23,4120752.96,86737.99,113010.81,928671.19,11198481.83,55.3,2662021.67
AUS,SGP,2019,16,23797484.16,20135809.2,3661674.96,10324831.21,1095594.87,1413788.02,939559.66,42076270.55,207.5,8447818.01
AUS,SGP,2020,30,480606776.95,369282534.66,111324242.29,116899948.95,10231099.63,13577625.32,2211245.76,239201255.54,897.2,4205281.53
AUS,SGP,2021,28,170202727.68,147277903.08,22924824.6,-7778470.98,0.0,0.0,29220178.49,-28807907.88,503.0,84031496.23
AUS,SWE,2016,33,109759721.97,1097597.22,108662124.75,43115146.02,0.0,0.0,12589646.66,178633458.72,691.0,48610489.66
AUS,SWE,2017,37,32639906.64,9713015.42,22926891.22,-1297107.03,0.0,0.0,3857443.74,-6233266.89,230.3,7137083.21
AUS,SWE,2018,35,77362150.27,22278445.62,55083704.65,2886968.98,380480.46,445970.31,1952466.54,16891799.36,598.4,5846678.02
AUS,SWE,2019,44,11557543.76,6785165.88,4772377.88,-534406.64,0.0,0.0,4980022.34,-1837575.58,106.9,10769426.01
AUS,SWE,2020,40,220790347.49,144094073.0,76696274.49,7531141.51,2627704.87,3044245.03,11106257.6,24541643.66,823.7,26402986.17
AUS,SWE,2021,35,5924940.14,3485024.64,2439915.5,636412.34,62816.2,68078.13,148167836.27,2126666.58,43.1,302480678.36
AUS,TUR,2016,27,10583854.68,1440537.75,9143316.92,654466.22,166025.85,182102.21,44523.78,2217815.36,294.9,284739.12
AUS,TUR,2017,43,23882762.96,10889449.39,12993313.57,4725486.04,691303.0,774933.48,1521412.4,26869562.25,189.3,4063642.13
AUS,TUR,2018,45,137830198.28,74660141.63,63170056.66,24808795.76,4240818.16,4943179.93,4920115.2,50869161.55,481.5,22297861.29
AUS,TUR,2019,34,16257311.63,5074684.64,11182627.0,4891815.53,1215190.32,1467785.36,9102749.29,28461800.11,161.8,29356613.03
AUS,TUR,2020,31,14935865.87,4188051.45,10747814.42,3274431.0,394462.27,477993.85,1432346.72,14559256.2,288.3,2830612.37
AUS,TUR,2021,46,12826684.37,4832866.58,7993817.78,2378981.06,375495.97,398056.0,1231021.07,7949757.76,248.1,12190785.73
AUS,USA,2016,45,45259344.0,15851225.88,29408118.12,-6788901.6,0.0,0.0,9456981.08,-15090506.4,514.1,18088052.48
AUS,USA,2017,38,30810278.42,14201023.56,16609254.86,3767876.09,997257.23,1318916.11,3652934.66,10331201.14,514.3,22964619.28
AUS,USA,2018,46,32188254.74,14355397.13,17832857.62,4576645.79,1354079.59,1549541.89,3822959.36,20712319.3,297.1,7428918.73
AUS,USA,2019,37,68751563.48,36561080.26,32190483.22,8245162.6,1581256.14,2040339.86,2598334.0,31709213.58,372.8,4336631.1
AUS,USA,2020,39,10244907.88,3366791.62,6878116.26,3480954.53,365410.21,498586.53,1413095.31,12531475.99,244.4,2521399.23
AUS,USA,2021,43,2604536.64,814808.03,1789728.62,-268828.04,0.0,0.0,172388.44,-1362306.75,39.8,498831.08
AUS,VGB,2016,28,45549876.58,32611301.26,12938575.31,186307.38,27064.66,37706.85,1055264.95,658637.39,291.2,8269922.43
AUS,VGB,2017,18,688378788.02,224735233.24,463643554.79,248020979.02,30485765.86,34965123.76,1361508.12,1091118538.32,1306.6,2539983.89
AUS,VGB,2018,28,5466598816.77,5357266840.44,109331976.34,3579755137.96,0.0,0.0,1186988.11,16976837487.54,472.1,4276001.23
AUS,VGB,2019,27,85801740.18,72831995.25,12969744.93,25488990.16,1431493.38,1911642.37,156066.7,92967219.88,93.8,318448.87
AUS,VGB,2020,25,308537548.46,267945320.37,40592228.09,-2355225.75,0.0,0.0,2169493.67,-4841548.29,501.0,5401795.53
AUS,VGB,2021,29,199128922.85,163438746.74,35690176.11,87318960.04,3931558.39,4065486.08,159158.32,268456144.44,350.7,422798.8
AUS,ZAF,2016,31,11492876.96,5728028.61,5764848.35,2106919.69,165154.96,211567.83,177990.24,11497090.85,157.6,832967.65
AUS,ZAF,2017,40,775585916.25,645231139.39,130354776.86,244742761.62,50561591.72,70443546.61,2529702.16,809926040.26,1276.4,6722610.15
AUS,ZAF,2018,45,6370048.81,2630376.67,3739672.14,1316779.74,182499.93,205134.49,21177625.99,6381017.44,63.7,55989424.6
AUS,ZAF,2019,40,78527557.97,52436300.21,26091257.76,13471707.39,3453416.77,3539760.52,14213221.23,61991644.8,416.3,24879667.52
AUS,ZAF,2020,31,2209309.38,562810.96,1646498.42,-331396.41,0.0,0.0,136351.62,-1531046.21,19.6,732855.43
AUS,ZAF,2021,29,196693321.81,80139733.5,116553588.32,-13977600.77,0.0,0.0,201013.57,-34915996.2,1532.9,956844.6
ITA,AUS,2016,47,13600248.87,4802789.46,8797459.41,3588062.64,1208518.82,1215943.08,4469069.14,16607308.11,123.8,11696962.38
ITA,AUS,2017,34,9849344.01,3796312.91,6053031.1,759033.4,176838.73,236079.4,1488484.94,2823624.59,183.6,11765202.56
ITA,AUS,2018,35,95602399.18,24948370.32,70654028.86,12754688.05,4012884.78,5141118.58,1030249.83,60238314.7,1472.3,2540002.33
ITA,AUS,2019,35,54977080.37,33015484.45,21961595.91,6500925.95,1690763.78,1978650.26,4431412.18,21540653.33,835.1,22916724.67
ITA,AUS,2020,34,78108208.34,9863193.87,68245014.47,11190357.71,3136001.42,3509171.59,3145531.26,27860962.6,1124.2,12381015.91
ITA,AUS,2021,32,13110510.28,4405751.59,8704758.69,2261192.62,879882.89,1174986.54,309412.23,5443323.31,290.2,1223302.59
ITA,AUT,2016,36,99843863.67,45036590.56,54807273.11,7305897.27,1211825.78,1275822.08,195035.98,31837690.2,837.7,343321.54
ITA,AUT,2017,40,12549647.09,1871027.94,10678619.15,3590210.63,548627.95,691937.2,1778907.1,18760182.0,425.6,4048614.81
ITA,AUT,2018,42,34721420.51,3310579.8,31410840.71,29559873.76,3895182.4,5389447.8,4058716.65,152034526.53,646.6,8863914.39
ITA,AUT,2019,34,609115589.19,257726306.94,351389282.25,93589766.5,3164022.14,3217020.58,22340571.74,545620560.55,2326.7,38109013.2
ITA,AUT,2020,51,25434315.01,15149600.76,10284714.25,499368.08,79980.44,83779.94,1581991.89,2837738.67,180.0,11336958.55
ITA,AUT,2021,38,37289582.17,2915485.92,34374096.25,1631583.06,274513.33,301929.78,2722662.21,4519815.42,531.1,7546468.91
ITA,BEL,2016,36,5171207.15,1585602.28,3585604.87,370119.29,58878.87,61467.29,8859972.23,960562.8,52.5,16817304.96
ITA,BEL,2017,43,16091303.24,7648778.92,8442524.32,-93491.32,0.0,0.0,932885.99,-338399.79,72.0,7158851.89
ITA,BEL,2018,42,135566443.67,18963358.82,116603084.86,26432378.93,7671795.85,9406259.92,500194.29,105073845.49,1238.6,1018750.77
ITA,BEL,2019,28,72764361.56,37850219.65,34914141.91,14147393.92,3730923.7,4393692.37,4916923.1,31100801.53,251.6,32604996.18
ITA,BEL,2020,33,183987447.97,117484830.96,66502617.0,59420125.24,9299011.39,10574224.15,14224723.82,225041631.53,2311.3,58751023.04
ITA,BEL,2021,27,113221449.42,39435637.13,73785812.29,15373720.98,4440354.89,5662315.72,1480080.17,69494766.24,1325.3,2966238.9
ITA,BHS,2016,23,3909258.16,1391079.07,2518179.09,1046475.82,46537.66,61538.68,17043332.87,6082356.33,51.3,46986429.13
ITA,BHS,2017,30,15980399.09,4264624.4,11715774.69,5000838.2,647212.46,672229.01,826008.78,13250670.57,95.3,1542318.5
ITA,BHS,2018,23,1731189534.62,790296770.34,940892764.28,573147396.75,109875225.39,137584206.27,1688354.24,2235540015.87,6272.1,3077412.78
ITA,BHS,2019,29,17902054.34,12149841.12,5752213.22,6032030.17,822449.33,891879.24,38674262.25,21117024.07,91.5,113919777.13
ITA,BHS,2020,23,348550663.5,220187783.47,128362880.03,114972415.85,8572066.86,11052923.43,872933.84,322147999.52,2948.2,7099053.67
ITA,BHS,2021,35,391607932.68,316080680.49,75527252.19,282722119.93,31747501.05,36878200.13,14213045.96,1186446086.82,755.0,32691401.89
ITA,BMU,2016,16,58400388.31,37526657.98,20873730.33,4585206.71,906111.13,1144959.63,873625.48,16283679.01,283.8,3471486.19
ITA,BMU,2017,28,112192279.2,75879718.87,36312560.33,60796084.21,6285343.11,7763810.22,11034910.88,133759641.37,191.4,25256179.3
ITA,BMU,2018,31,19705479.07,6094805.61,13610673.46,-2955821.86,0.0,0.0,931608.76,-10009966.54,273.8,4233062.71
ITA,BMU,2019,21,125152838.57,38737475.22,86415363.35,56774832.19,14684684.09,16544093.37,11716530.41,325809810.7,1722.9,29213000.06
ITA,BMU,2020,31,66381224.48,45907184.51,20474039.97,19814872.35,1535505.44,1625149.98,5105256.93,104417365.66,207.3,30544930.96
ITA,BMU,2021,29,2083930327.26,1427616043.19,656314284.07,556741972.99,37493859.88,40358789.01,3302957.62,1896037592.88,5898.2,11593808.67
ITA,BRA,2016,40,68711565.31,18251621.02,50459944.29,5632403.04,794390.94,811316.18,5364821.23,20399914.64,1427.2,10344519.51
ITA,BRA,2017,53,110563090.84,14271195.09,96291895.75,10484610.23,2709945.23,3087983.29,15333774.64,52079511.82,766.4,41823678.43
ITA,BRA,2018,37,613973030.3,21058341.27,592914689.03,41053226.68,8428926.14,10326156.62,20461130.47,138448816.22,5563.2,187714378.19
ITA,BRA,2019,33,9073644.2,1735666.73,7337977.47,369387.74,54611.19,72622.46,1002259.68,866324.78,176.2,2560012.48
ITA,BRA,2020,45,558216008.86,262300116.18,295915892.68,70531879.41,10274838.32,12657286.62,1871141.36,329865599.77,1494.8,6430028.48
ITA,BRA,2021,35,251862492.12,114439214.09,137423278.03,366981.5,48051.86,48340.57,4631356.24,1081425.69,2521.8,16288069.48
ITA,BRB,2016,22,475315358.55,221061815.03,254253543.52,271590436.86,37646664.2,38718330.34,16199966.69,1369923084.21,3679.8,30626815.45
ITA,BRB,2017,20,173997151.45,135011465.6,38985685.85,-3338415.42,0.0,0.0,4224876.11,-8557044.31,353.0,14586218.62
ITA,BRB,2018,27,127886217.66,104434067.76,23452149.9,102646552.28,3361594.49,3607996.7,1315953.47,403202541.53,310.5,2244190.28
ITA,BRB,2019,24,5476490.59,2452276.1,3024214.49,1532270.47,205253.61,263405.84,18608615.1,4693951.05,194.9,63884988.09
ITA,BRB,2020,23,55231086.05,30981524.51,24249561.55,-1562792.5,0.0,0.0,4431379.89,-8946397.15,565.1,20023899.56
ITA,BRB,2021,14,12325086.08,7558824.68,4766261.4,5361693.02,663155.44,838744.65,15124257.57,19289082.39,102.3,51156225.4
ITA,CAN,2016,42,16761607.4,10762949.9,5998657.49,3313033.37,1177393.58,1516798.55,2446874.21,11271293.05,122.6,6078885.78
ITA,CAN,2017,51,32775956.83,14488010.02,18287946.81,7201680.45,1727158.39,2021542.88,3764906.73,17236092.95,483.1,16690266.79
ITA,CAN,2018,42,25089600.76,3748339.36,21341261.41,2021367.6,486036.39,665837.73,6541360.16,5384210.13,371.0,16695530.66
ITA,CAN,2019,43,128981064.97,69823580.75,59157484.21,-13987228.18,0.0,0.0,249264.57,-80811486.6,299.1,2105668.73
ITA,CAN,2020,35,725611849.78,395276967.35,330334882.43,126404606.88,26244397.56,35660096.05,2513092.05,483493362.6,1517.4,5596516.55
ITA,CAN,2021,36,528028692.04,434307149.09,93721542.95,147240655.07,22807874.5,30358882.16,3597324.07,693750211.58,5982.4,7347163.7
ITA,CHE,2016,27,641749338.41,486233903.79,155515434.61,262376122.68,23789389.99,27277953.67,516958.8,544604833.02,1347.6,1161844.09
ITA,CHE,2017,26,48747582.48,40577242.27,8170340.22,19792922.72,3514081.66,4117842.87,2457607.11,90373521.7,40.4,4207687.09
ITA,CHE,2018,29,1327058592.96,1055335029.65,271723563.31,302775817.72,66381178.03,73705169.17,886905.27,1740957592.88,4431.0,2280526.66
ITA,CHE,2019,30,72144732.7,37890280.22,34254452.48,11072988.71,629554.77,704677.57,1109230.65,48281044.34,499.0,2632631.7
ITA,CHE,2020,33,86320812.39,43668801.38,42652011.01,49735714.62,6600407.78,9146107.97,565268.84,120067424.37,416.1,4445834.23
ITA,CHE,2021,21,27052842.52,23101364.29,3951478.23,17273719.44,2256262.68,2440275.19,1120641.97,41414159.23,73.9,1950675.32
ITA,CHL,2016,42,6876694.9,2781362.85,4095332.04,1522450.32,183899.61,207366.3,5754529.86,6389924.54,82.6,12617077.05
ITA,CHL,2017,51,19084625.74,6205491.15,12879134.59,226152.21,21072.36,27098.41,3117137.23,1315483.3,238.3,29946225.41
ITA,CHL,2018,39,7887452.49,4129690.45,3757762.04,2239126.96,11805.48,13888.9,9932785.11,4828634.43,120.2,18368927.86
ITA,CHL,2019,48,144936505.05,62094808.76,82841696.29,46824958.53,13126350.83,15640344.19,53890776.75,263711692.11,892.0,153896847.16
ITA,CHL,2020,54,54495245.11,8311956.17,46183288.94,11043864.08,660532.28,778604.39,6492210.59,65937629.53,1924.6,11351706.96
ITA,CHL,2021,33,368450950.97,220994987.13,147455963.84,129621856.08,27399450.92,30506797.26,2518853.39,697300665.95,1084.9,4794759.43
ITA,CHN,2016,50,4205269.82,2174416.52,2030853.3,1327966.04,507105.64,661973.98,145975.72,5521774.55,54.2,288526.3
ITA,CHN,2017,43,6321808.02,994951.56,5326856.47,478496.74,65438.69,66760.8,537370.36,2842305.93,360.5,2376189.79
ITA,CHN,2018,42,269205609.92,146476138.03,122729471.89,28860304.58,6032857.42,7031267.56,1105112.43,145386507.1,1822.2,9828696.24
ITA,CHN,2019,47,31044370.25,18962243.77,12082126.48,3644116.14,1091084.58,1258093.87,4516386.78,14767208.29,355.2,9930781.38
ITA,CHN,2020,34,4380213.35,1276164.2,3104049.15,387177.88,102110.88,113920.55,23118.77,2172351.25,34.1,64627.95
ITA,CHN,2021,50,189563376.83,45760575.05,143802801.79,32253818.64,2550261.63,3532234.56,468357.25,75060057.29,516.0,1101530.13
ITA,CYM,2016,15,469856582.37,460459450.72,9397131.65,214973363.73,29153300.28,31979879.01,1188832.34,951947404.67,83.6,2049379.52
ITA,CYM,2017,17,82284065.82,53971803.48,28312262.35,-1139725.09,0.0,0.0,7166635.08,-6125006.18,1018.5,14932944.58
ITA,CYM,2018,27,87497023.48,49315917.97,38181105.51,35364101.86,4084969.06,5597372.94,4871774.23,162790142.32,354.9,8891247.42
ITA,CYM,2019,24,336861300.82,280546537.5,56314763.32,180702481.43,0.0,0.0,752325.06,685296312.58,1670.3,4233127.94
ITA,CYM,2020,28,50870006.63,32918388.43,17951618.19,27256221.94,1842176.56,2505846.71,648443.1,72776976.05,296.8,1804098.75
ITA,CYM,2021,21,60262683.68,44692112.59,15570571.09,1575309.61,187409.09,187898.75,1288089.64,7100878.34,184.5,2392484.14
ITA,CYP,2016,24,1075915177.7,665160049.6,410755128.11,371734309.02,53433540.3,54131650.79,9749960.82,1580286487.69,4890.0,17852040.04
ITA,CYP,2017,24,12403399.71,5088891.92,7314507.79,3386065.82,325718.0,394320.67,8060996.11,12792761.32,89.9,16961268.47
ITA,CYP,2018,23,125098637.01,75436055.05,49662581.96,49115543.04,4537727.96,6285303.38,404894.49,238743003.51,912.7,768910.8
ITA,CYP,2019,33,6842045.85,248423.27,6593622.59,3210695.97,102507.33,139713.51,246013.64,10091342.26,83.7,1335394.52
ITA,CYP,2020,23,60579239.13,56458577.26,4120661.87,19354588.25,0.0,0.0,38017240.61,100286721.34,146.5,227563245.91
ITA,CYP,2021,25,5195281.99,3472410.48,1722871.51,762377.47,66076.8,67887.76,1934858.95,4097431.62,46.5,5701056.71
ITA,CZE,2016,37,77921050.61,14841259.8,63079790.81,13726516.78,2896285.88,3841304.8,606479.82,64733391.86,1254.8,1484456.06
ITA,CZE,2017,34,33842053.48,338420.53,33503632.94,10986744.0,3975821.87,4749351.21,36691539.08,41444555.38,688.6,75454026.38
ITA,CZE,2018,55,249413309.95,209415296.5,39998013.44,-17324306.74,0.0,0.0,8445507.05,-99456915.21,404.9,16192165.82
ITA,CZE,2019,45,461399786.64,95586530.51,365813256.14,67559325.04,4600427.61,6054955.86,5453690.41,327433492.35,5508.3,20433759.56
ITA,CZE,2020,39,10478194.2,5273206.05,5204988.15,990207.33,115508.29,143134.35,651406.87,2900378.21,96.5,1798008.31
ITA,CZE,2021,31,111106073.9,13918551.58,97187522.33,-16356117.22,0.0,0.0,900591.84,-76793069.86,2597.5,8376122.86
ITA,DEU,2016,52,28718009.46,287180.09,28430829.37,-4307701.42,0.0,0.0,170853.4,-11590855.19,342.4,352396.58
ITA,DEU,2017,44,9558675.42,5331646.53,4227028.89,2649075.68,805214.98,971310.56,6038174.38,5451238.58,121.9,23587255.13
ITA,DEU,2018,23,13927443.69,8233992.66,5693451.02,1565116.68,123696.57,127624.97,1283183.92,4615163.4,152.5,10977877.91
ITA,DEU,2019,53,68492979.42,12522306.73,55970672.69,6042989.77,1018300.37,1249823.79,8710752.73,26561802.43,666.4,15717547.99
ITA,DEU,2020,42,18281622.55,5673448.3,12608174.25,-1143942.46,0.0,0.0,2383039.34,-5399316.24,588.4,4511722.84
ITA,DEU,2021,47,36595427.11,12749105.1,23846322.01,6408170.09,1026526.93,1363235.76,2110002.09,22573854.06,578.2,5962189.22
ITA,DNK,2016,43,172461810.32,1724618.1,170737192.22,9694934.6,3495957.74,4617893.84,702962.7,43473816.35,831.4,2739746.82
ITA,DNK,2017,41,275376447.81,133661737.44,141714710.37,22470058.25,3686759.51,4759886.92,238902.15,93313288.54,1520.3,749547.78
ITA,DNK,2018,38,5628488.69,1559534.89,4068953.8,375049.86,56287.46,56885.95,109701.01,1375284.56,55.4,760630.18
ITA,DNK,2019,35,3966973.32,407293.61,3559679.71,407072.23,78964.89,107498.31,8246840.95,1316047.67,71.2,15096091.27
ITA,DNK,2020,45,2087242.24,1067967.19,1019275.06,887879.16,0.0,0.0,18435991.13,3515358.8,24.6,54807281.07
ITA,DNK,2021,31,159494952.45,68146232.09,91348720.36,8046842.16,2292027.68,2742493.41,1354861.13,44194277.34,816.4,2404596.99
ITA,ESP,2016,41,7472157.78,2180162.44,5291995.35,1426570.74,216127.19,302053.07,2350973.62,6399119.04,63.8,8989745.79
ITA,ESP,2017,50,54501674.18,14185459.98,40316214.2,2469711.53,640864.36,879056.42,2053322.82,7748270.37,730.5,4991371.86
ITA,ESP,2018,42,270361865.15,76001313.08,194360552.07,63438138.81,18621761.29,19490613.5,1263716.97,378771605.41,4032.1,12052364.5
ITA,ESP,2019,44,529847096.24,118488624.84,411358471.39,60331425.27,9357943.37,12392184.24,7040278.38,259504783.8,1572.6,22087865.83
ITA,ESP,2020,34,10113098.21,2065924.11,8047174.1,1122979.84,182250.86,240569.68,1334623.43,5378395.24,87.8,8295204.84
ITA,ESP,2021,48,48489808.25,19704724.22,28785084.03,7366536.48,976928.95,1130833.14,19941195.83,30361063.0,494.7,39052075.29
ITA,FIN,2016,38,51844374.87,18720277.1,33124097.76,12955475.14,2675189.46,3282125.65,1925266.13,68149325.15,763.0,4932648.21
ITA,FIN,2017,41,8297053.03,3771443.0,4525610.02,742115.03,203212.85,261804.91,18466135.46,3764446.28,142.3,32916505.22
ITA,FIN,2018,37,30165414.6,8871241.94,21294172.66,10334120.15,0.0,0.0,1387635.61,34956553.63,282.1,7104882.66
ITA,FIN,2019,40,64637873.51,47434542.98,17203330.53,1204616.47,0.0,0.0,1320668.22,5109086.36,285.7,3887351.36
ITA,FIN,2020,36,1435979432.73,592203139.91,843776292.82,7247719.98,1577306.01,1637144.05,18496926.55,31270378.49,9375.5,40028872.7
ITA,FIN,2021,42,14743309.23,6330519.46,8412789.77,869153.25,213567.01,292168.71,15120350.99,3769129.91,168.1,31470601.66
ITA,FRA,2016,41,298204850.03,207656190.27,90548659.76,-6254014.47,0.0,0.0,12106598.05,-12784424.65,836.2,25812710.03
ITA,FRA,2017,35,13384194.8,2785254.1,10598940.7,-2007629.22,0.0,0.0,9890991.43,-10476445.54,282.7,16572295.31
ITA,FRA,2018,41,272651005.21,162198744.24,110452260.96,9483722.27,590895.49,643886.45,968487.0,42851656.62,2453.1,3210360.59
ITA,FRA,2019,43,56051872.82,24521839.39,31530033.43,5073656.55,1709509.45,1996567.03,1320796.96,14176833.67,324.2,3058501.24
ITA,FRA,2020,35,139020511.41,79383057.55,59637453.87,-20853076.71,0.0,0.0,2356486.07,-109103944.33,1045.1,20499109.35
ITA,FRA,2021,36,8523425.51,3347128.38,5176297.13,1618916.01,199822.25,239601.31,1684311.32,7183362.33,133.7,12239263.67
ITA,GBR,2016,41,6085056.27,2825080.15,3259976.11,694597.42,157742.28,219579.13,3784870.04,1566646.71,82.8,35889644.64
ITA,GBR,2017,42,193598277.22,42075622.04,151522655.18,10487610.28,3065215.23,3368772.23,2993016.05,56206459.26,1983.3,6918569.34
ITA,GBR,2018,36,41610400.64,24104703.17,17505697.47,10644912.07,2823187.92,3159292.96,1042680.48,55500512.08,220.3,2663348.44
ITA,GBR,2019,48,81919021.89,42819689.05,39099332.84,14069436.38,3420297.43,3663405.22,1904124.07,69132320.65,1080.3,4917709.01
ITA,GBR,2020,40,46416897.98,18784118.55,27632779.43,10191532.77,1169680.73,1433013.69,3263075.71,45413289.63,242.5,13013864.8
ITA,GBR,2021,38,42308750.79,35689870.36,6618880.44,14689690.65,3809384.04,4639098.8,696691.47,32042570.25,161.3,1723746.36
ITA,GGY,2016,22,9150818.14,4503797.71,4647020.44,718568.35,73039.97,75810.42,744676.24,3851304.94,159.9,2426542.65
ITA,GGY,2017,26,42384227.14,23581256.63,18802970.51,21062251.57,0.0,0.0,15860918.45,74302980.83,377.0,31844247.56
ITA,GGY,2018,21,330586506.25,223718150.58,106868355.67,102175641.47,11072569.09,15120435.52,147383.82,391012021.94,1839.5,1211355.63
ITA,GGY,2019,25,945167235.23,722025381.11,223141854.12,362741126.61,11640777.38,12693104.03,1130304.85,1953623958.05,2698.0,2164891.21
ITA,GGY,2020,25,105174498.66,52405083.77,52769414.89,29435275.78,0.0,0.0,1152851.63,65199468.74,1018.8,7667320.43
ITA,GGY,2021,24,8888371.9,2431119.18,6457252.72,1455854.94,8238.89,9034.35,126364.91,4944643.19,168.7,544407.73
ITA,GRC,2016,49,224058818.18,66441785.16,157617033.02,30246345.82,5701671.03,7428935.42,990741.76,153894261.81,1408.7,2785702.89
ITA,GRC,2017,43,20800375.66,6001232.8,14799142.85,1077642.08,87831.06,115596.23,145028.8,4247692.09,192.8,949639.14
ITA,GRC,2018,28,2106284.29,180294.47,1925989.82,107675.89,22637.61,25863.8,658827.26,402365.41,39.1,1910390.46
ITA,GRC,2019,32,5719076.21,1472978.88,4246097.33,1739296.67,287255.92,333376.0,1373483.92,7908743.89,170.3,8908552.21
ITA,GRC,2020,28,11857426.57,7350459.1,4506967.46,2230554.86,274300.25,307162.05,1068265.7,10995640.41,104.3,1975196.85
ITA,GRC,2021,41,3481197.76,1177080.67,2304117.09,1414808.25,360588.69,490408.04,5355014.98,6568223.56,57.1,11196323.66
ITA,HKG,2016,28,27185059.32,16371715.21,10813344.11,7710880.08,463938.04,638622.76,556312.46,27936984.62,435.8,1423113.94
ITA,HKG,2017,27,15936697.69,9386900.44,6549797.25,5009902.74,427435.27,493717.55,3512231.79,26473567.79,182.1,6729949.03
ITA,HKG,2018,27,26916176.05,11034096.63,15882079.41,17110795.26,2328586.13,3212066.44,5198870.53,83101143.07,176.8,9228173.64
ITA,HKG,2019,28,149561347.57,109309912.68,40251434.9,2403452.4,290093.32,380964.22,3538868.07,9822621.05,885.7,6515413.51
ITA,HKG,2020,24,14706103.66,12712543.76,1993559.9,1439798.85,236990.68,240217.35,45730236.96,5913838.76,93.4,111017085.94
ITA,HKG,2021,22,53332366.23,36317021.63,17015344.6,21697762.29,857836.34,1176744.53,9621412.25,84397160.0,201.7,29280166.31
ITA,IMN,2016,34,15033259.73,8172089.77,6861169.95,3991748.52,588968.32,644500.16,707189.13,21070782.32,252.1,1185484.75
ITA,IMN,2017,26,71752813.27,31115123.38,40637689.89,17913632.43,2286912.27,2458189.87,3872746.14,107378825.55,1032.5,6716784.85
ITA,IMN,2018,22,701150881.42,542806560.34,158344321.08,152305021.04,20787596.91,22832037.05,692207.05,338602542.82,5245.6,2300073.05
ITA,IMN,2019,24,27957677.39,13170342.13,14787335.26,-4193651.61,0.0,0.0,1888229.05,-8619756.79,196.4,4978066.09
ITA,IMN,2020,27,2976582232.88,2831740990.23,144841242.66,2110625413.74,368533261.61,406997641.54,98087475.17,6210676898.06,2746.8,175436036.41
ITA,IMN,2021,17,48813630.1,43553070.96,5260559.14,11318744.0,712938.06,868563.63,2951561.47,30836635.23,96.1,20614538.56
ITA,IND,2016,41,24618794.14,2356778.02,22262016.12,-654629.87,0.0,0.0,33858693.27,-1602249.04,237.2,102204221.59
ITA,IND,2017,38,44282666.83,9778597.28,34504069.55,-3688962.25,0.0,0.0,1321249.31,-18380692.95,197.0,5318639.33
ITA,IND,2018,32,24385393.81,13789431.26,10595962.55,2923118.74,486043.47,591871.51,8355557.12,12563520.84,178.7,19442879.51
ITA,IND,2019,38,638567.83,120633.93,517933.89,37175.67,10217.1,11749.06,3782276.78,93468.81,4.3,8310652.66
ITA,IND,2020,35,114925529.9,17753713.02,97171816.88,25955494.05,5586232.72,6649860.88,2762744.17,58366044.15,795.7,4654686.64
ITA,IND,2021,45,53528216.14,17543888.09,35984328.05,4704912.88,560021.97,596090.55,15192701.45,27427441.61,571.2,150969775.22
ITA,IRL,2016,17,29782127.67,16342163.61,13439964.06,14083468.77,3222247.17,4497696.56,113114.35,42695546.65,432.0,1077392.07
ITA,IRL,2017,24,93444730.45,49974756.42,43469974.02,39454878.79,6755224.69,8364109.56,5394167.54,207100099.29,286.9,13200280.11
ITA,IRL,2018,25,137340888.93,120771038.26,16569850.66,10157656.32,1783237.06,2028325.31,1421058.93,29694463.27,209.5,3215179.95
ITA,IRL,2019,30,7697324.43,3030067.58,4667256.85,835300.59,29077.81,36176.54,7109693.85,3422670.65,88.6,12448407.62
ITA,IRL,2020,26,252197638.71,166243556.05,85954082.66,89177211.88,0.0,0.0,270918.24,311575388.23,824.0,470272.59
ITA,IRL,2021,21,30364757.65,303647.58,30061110.07,-4554713.65,0.0,0.0,9157806.77,-13734082.49,291.6,15534994.58
ITA,JEY,2016,26,254818091.8,149375035.6,105443056.2,-12740904.59,0.0,0.0,8199444.16,-68786653.7,1006.1,37590150.38
ITA,JEY,2017,23,20586218.17,13095082.48,7491135.69,2319140.11,211816.79,256129.14,1348367.19,6585371.29,267.1,12899756.53
ITA,JEY,2018,27,59958952.05,19789408.34,40169543.71,-726456.81,0.0,0.0,3749494.96,-2327664.46,795.6,16217501.42
ITA,JEY,2019,23,278679524.71,226293603.41,52385921.3,38473316.87,2669089.41,3717341.44,267016.6,89412144.14,1929.6,2383875.95
ITA,JEY,2020,33,160378850.28,1603788.5,158775061.78,9921862.93,160647.09,185625.12,543490.9,40500572.14,1300.5,4347402.85
ITA,JEY,2021,26,278028162.21,199916679.69,78111482.53,102342604.46,14961675.34,16675879.64,4590635.22,546170636.27,800.6,11940290.83
ITA,JPN,2016,51,10728635.18,3607720.71,7120914.47,-1609295.28,0.0,0.0,12859184.87,-5285703.57,178.1,82522255.7
ITA,JPN,2017,50,16759676.78,1983451.17,14776225.61,1891138.97,350278.26,378601.3,16592108.42,5718473.54,205.8,91368765.08
ITA,JPN,2018,45,46399862.67,5766021.25,40633841.42,15242526.03,1750623.86,2174302.01,5308681.21,54008257.41,1282.7,14341466.77
ITA,JPN,2019,48,41890022.99,22233650.29,19656372.7,4679697.06,416233.39,500754.59,29417836.26,18379775.23,236.6,49571453.95
ITA,JPN,2020,32,72427931.75,31559627.57,40868304.18,18497111.4,4731709.92,5036798.81,12258390.2,60401853.29,288.0,34702344.54
ITA,JPN,2021,33,12788603.16,3019339.15,9769264.01,6536125.69,1280045.55,1397619.9,3171688.15,26425438.04,328.0,5418411.81
ITA,KOR,2016,32,32111834.09,16885107.16,15226726.93,4029329.39,765611.58,882592.69,11106339.74,8385132.03,369.1,32234867.42
ITA,KOR,2017,36,27328942.65,5148069.62,22180873.02,1640641.82,312455.96,343077.11,16203272.53,5918268.3,156.1,34059944.13
ITA,KOR,2018,36,2674891.91,1433020.34,1241871.57,689432.66,220787.29,268929.46,1291203.69,2861424.88,63.4,3498237.9
ITA,KOR,2019,38,182037128.11,35859277.3,146177850.8,138185372.75,0.0,0.0,825271.2,311687159.87,1412.6,3369616.48
ITA,KOR,2020,41,19018711.22,8333517.29,10685193.93,-101068.15,0.0,0.0,30243081.17,-210938.17,165.6,74888083.49
ITA,KOR,2021,38,69044536.64,28605826.29,40438710.36,7778338.2,1389713.78,1642758.07,995580.59,24201818.95,951.0,8838024.31
ITA,LIE,2016,30,38667018.46,19639956.9,19027061.56,2090208.4,385294.39,472537.34,2385147.86,5422492.43,332.2,4250235.54
ITA,LIE,2017,31,210794552.65,120417075.53,90377477.12,68443682.86,9642781.44,12437995.04,52932165.11,362090632.35,912.1,152282213.08
ITA,LIE,2018,33,373630183.98,332735022.23,40895161.75,149905650.28,33045608.83,45884353.9,293487.29,697599931.15,631.6,857486.12
ITA,LIE,2019,37,16082219.09,9028284.26,7053934.83,9202153.83,478707.32,559972.27,18200250.85,41114482.21,114.9,105178284.11
ITA,LIE,2020,24,19145665.01,12239649.43,6906015.58,324095.71,0.0,0.0,11818130.37,1407617.65,110.9,27238917.14
ITA,LIE,2021,32,6871448.04,1551345.06,5320102.98,1955254.72,229272.62,310042.81,4341228.07,5373833.46,287.7,15966342.89
ITA,LUX,2016,36,175769433.07,78045194.36,97724238.71,38741096.32,0.0,0.0,751001.09,109984824.6,1104.5,3283882.94
ITA,LUX,2017,19,497516387.71,271698832.19,225817555.52,5707794.64,400379.82,505047.68,32523017.42,23757781.3,1694.1,66141513.15
ITA,LUX,2018,25,21780456.82,13868909.67,7911547.15,355302.89,48214.1,48577.82,1632869.39,1851315.23,319.2,3210070.81
ITA,LUX,2019,28,42518750.77,13614810.53,28903940.24,11669808.47,0.0,0.0,202536.07,35787894.06,820.7,1899673.65
ITA,LUX,2020,29,533358956.92,522691777.78,10667179.14,324503036.52,78985074.36,99448090.92,415665.47,887384528.84,204.1,3976690.96
ITA,LUX,2021,25,2311288.11,315417.98,1995870.14,2177444.42,0.0,0.0,328706.24,10878576.52,77.2,3251703.88
ITA,MAC,2016,24,98882391.33,53136345.86,45746045.47,33595477.15,1616082.53,1991844.71,384020.53,83326698.14,1138.7,985909.05
ITA,MAC,2017,22,55558752.89,16360413.37,39198339.53,3892767.74,382575.07,467706.96,330050.22,12957069.99,449.8,742132.7
ITA,MAC,2018,29,14884809.74,11735474.94,3149334.8,-2232721.46,0.0,0.0,493092.2,-7369034.69,69.0,3087154.07
ITA,MAC,2019,21,287289.49,162816.19,124473.3,104650.93,18782.46,23074.95,2127931.07,563396.33,4.9,4222238.99
ITA,MAC,2020,31,24283829.12,12065683.33,12218145.79,9183704.91,306992.81,394692.96,36662388.48,26100432.85,128.2,121028874.93
ITA,MAC,2021,35,28630327.39,14340402.82,14289924.57,9630883.18,852180.94,925380.38,3207805.7,41892701.85,549.3,18082000.97
ITA,MCO,2016,21,52710207.96,13441249.52,39268958.44,8926461.3,804372.98,1085890.69,1028704.94,23441206.57,1905.7,2735316.6
ITA,MCO,2017,20,139911357.9,31432429.56,108478928.34,-3168564.72,0.0,0.0,22101921.51,-16408879.53,1253.8,39344983.47
ITA,MCO,2018,14,2035136465.49,1379743892.22,655392573.27,959303546.61,309190240.32,416583208.03,3699218.65,3491900346.11,7796.5,12824565.79
ITA,MCO,2019,31,360564705.14,277442187.24,83122517.91,184078108.19,31380843.19,35425665.95,353664.17,1052360838.49,2065.5,1276791.22
ITA,MCO,2020,27,5990543.9,3936209.2,2054334.7,1734362.77,209050.61,277846.29,64563272.43,5565514.79,121.2,108377149.39
ITA,MCO,2021,28,793441630.27,672850074.37,120591555.9,300707700.76,11169169.2,11945501.64,917941.99,1721538505.07,3600.6,3141401.93
ITA,MEX,2016,34,78267790.91,46214174.44,32053616.47,24515238.84,6372574.04,6561036.16,2662808.59,136427284.78,463.8,6083790.83
ITA,MEX,2017,53,6528429.62,2185994.91,4342434.71,-117899.89,0.0,0.0,18630274.69,-672170.97,217.2,45096031.32
ITA,MEX,2018,38,88801570.86,17603740.56,71197830.3,17746507.5,5739502.02,6299419.27,2082705.38,66616000.6,811.5,3589580.24
ITA,MEX,2019,32,409410866.67,115144079.38,294266787.29,42907716.05,6720706.43,9274923.99,46081.22,148816603.1,2065.4,192041.79
ITA,MEX,2020,45,187982841.36,150282362.66,37700478.71,89703344.56,0.0,0.0,244441.77,507470236.58,765.0,580638.61
ITA,MEX,2021,33,87441174.44,37340306.93,50100867.51,36546294.36,16445832.46,17254946.61,1014598.77,215005463.17,724.0,7508421.41
ITA,MLT,2016,21,444133563.88,435250892.6,8882671.28,83089874.92,12167769.96,12842106.7,6018988.13,420282654.44,64.2,22555114.97
ITA,MLT,2017,25,31366580.54,14619326.39,16747254.15,845020.53,16679.33,19641.4,1661533.04,3055178.45,758.4,3747872.24
ITA,MLT,2018,25,420518877.01,351971833.48,68547043.53,256453232.98,28934904.95,34219218.11,800787.23,1046932930.42,1885.4,7126110.43
ITA,MLT,2019,26,26010459.91,8192830.82,17817629.09,3740211.45,538906.3,632913.14,983754.16,9640886.4,95.5,1647519.94
ITA,MLT,2020,35,27123909.56,18733943.9,8389965.66,15405379.98,0.0,0.0,3792765.03,46636667.69,288.2,9685427.89
ITA,MLT,2021,28,16571984.64,165719.85,16406264.79,3849787.27,901514.75,1123756.12,3718924.26,19706483.92,529.0,23920269.71
ITA,NLD,2016,30,13291722.28,8492387.16,4799335.12,3610369.53,77522.48,97188.21,1598052.5,13432495.9,55.0,4541940.01
ITA,NLD,2017,22,840414951.66,705845684.91,134569266.74,385141857.82,67463887.26,72600960.33,1500526.92,973992206.54,1996.0,4398133.34
ITA,NLD,2018,23,1219700433.23,728208596.01,491491837.23,280692475.26,36326817.29,39997388.01,318746.37,1522005209.35,7146.6,1012151.29
ITA,NLD,2019,30,556978005.76,340737859.9,216240145.87,-27848900.29,0.0,0.0,4453224.91,-61383625.61,4678.6,25222650.14
ITA,NLD,2020,22,231101219.68,101167289.58,129933930.1,49049195.66,8505896.36,8592814.63,200437.81,220725096.0,2067.4,482006.12
ITA,NLD,2021,32,22519970.23,12018950.78,10501019.45,3742435.55,485727.17,566811.86,347838.24,21459084.21,236.8,1805287.19
ITA,NOR,2016,37,246462850.69,60262929.88,186199920.81,40747153.14,8530030.61,9981913.48,3999000.23,85969352.87,994.2,8845402.4
ITA,NOR,2017,40,161740887.98,97309155.49,64431732.49,40195381.34,7121494.83,7744578.57,922410.8,146105515.19,1394.6,1607812.78
ITA,NOR,2018,39,2995742077.88,2487023854.01,508718223.87,428582019.99,56004275.44,60403564.42,32858738.43,1726660284.39,8527.6,57844789.67
ITA,NOR,2019,42,13390957.5,910255.05,12480702.45,-2008643.62,0.0,0.0,198579.2,-7557169.78,272.7,822499.77
ITA,NOR,2020,38,1497993.18,718208.99,779784.19,238212.35,54792.26,63646.12,8036143.23,1145669.93,26.4,14019711.05
ITA,NOR,2021,40,519573595.07,357714403.57,161859191.51,-54631625.79,0.0,0.0,2915003.39,-301122081.41,2430.0,4983583.53
ITA,NZL,2016,44,24404781.39,3041685.0,21363096.38,6908233.96,2230669.54,2757014.12,9306770.88,18235121.81,438.4,31352526.86
ITA,NZL,2017,30,40838197.66,19599845.08,21238352.57,2591158.58,567253.99,683628.94,409972.38,5380301.94,682.3,1838441.53
ITA,NZL,2018,46,137403685.21,43096840.64,94306844.57,12318236.19,1913544.64,2253904.9,8777702.2,33002465.14,1751.3,22878352.35
ITA,NZL,2019,39,102005445.44,50992992.68,51012452.76,14330271.72,3738523.14,4948266.89,1809355.86,62765278.63,691.9,9821888.89
ITA,NZL,2020,39,419803460.71,4198034.61,415605426.1,348404990.86,0.0,0.0,2389972.68,983562343.75,2902.4,5102433.32
ITA,NZL,2021,40,92290878.1,44630220.78,47660657.32,9167906.43,2284254.62,2604228.98,432382.48,22202078.05,457.1,1979489.71
ITA,PAN,2016,18,552490.0,274756.6,277733.4,167648.25,23412.94,23635.02,10557816.13,983417.82,6.6,21741136.6
ITA,PAN,2017,26,15047250.41,5602495.12,9444755.29,118149.11,4046.36,5599.08,1298046.33,479971.71,246.8,2782320.64
ITA,PAN,2018,23,8050778.76,2993020.15,5057758.6,5006054.07,0.0,0.0,2013597.38,11510874.64,174.8,11479703.03
ITA,PAN,2019,27,16117044.71,9736165.95,6380878.76,6258663.0,0.0,0.0,4899718.49,27711687.09,198.4,9382510.56
ITA,PAN,2020,32,136963897.43,123269813.66,13694083.77,53220976.78,4095154.23,5589702.08,758749.31,296793926.58,402.4,2955151.68
ITA,PAN,2021,20,1050288687.97,1029282914.22,21005773.76,-157543303.2,0.0,0.0,696331.74,-839773834.06,752.8,3654356.0
ITA,POL,2016,42,150354909.63,66353961.72,84000947.92,25148293.37,4777737.43,5734701.18,785569.99,93479292.42,1074.9,3221407.9
ITA,POL,2017,31,529856988.74,519259848.97,10597139.77,8464218.61,3006448.97,3620582.01,2243453.96,38183694.7,229.7,7505114.16
ITA,POL,2018,44,22992842.0,9302750.48,13690091.52,2369047.99,808355.56,871213.29,124421.56,6195208.91,233.2,216157.07
ITA,POL,2019,39,14142357.57,10221055.95,3921301.62,402448.98,59792.47,65308.99,7423025.23,1207355.78,53.4,14967059.63
ITA,POL,2020,28,53027816.07,10542516.19,42485299.88,5649473.58,1781372.05,1907751.0,4430355.53,25535502.3,169.4,8596268.91
ITA,POL,2021,51,27152128.19,13080729.46,14071398.73,2560619.91,461404.41,610819.22,4618088.66,6802647.49,178.7,8216980.64
ITA,PRT,2016,30,43680485.09,8114237.03,35566248.06,3390924.21,765239.21,983806.93,932260.09,15394642.41,332.1,2868342.78
ITA,PRT,2017,46,19018591.22,5009777.49,14008813.73,-296896.58,0.0,0.0,6398891.3,-841955.6,427.5,11259377.75
ITA,PRT,2018,25,39247299.42,17486071.99,21761227.43,-1470751.99,0.0,0.0,102127294.28,-8706025.37,545.5,279153073.73
ITA,PRT,2019,45,164197315.76,106198923.28,57998392.47,39885457.45,8406922.88,11380100.56,6290085.37,172923946.45,309.1,24942149.83
ITA,PRT,2020,36,4308200.93,1563793.17,2744407.75,576216.58,123951.9,159997.55,8969510.64,1577008.12,54.3,16638561.43
ITA,PRT,2021,33,55394893.39,19018691.05,36376202.33,8788999.36,2465601.41,2865042.25,223482.86,50639581.26,309.7,767619.23
ITA,SGP,2016,23,21780103.34,8539789.16,13240314.18,7089793.83,475371.8,553457.29,6279843.88,36289272.0,230.4,17149547.92
ITA,SGP,2017,18,73916267.3,44199918.17,29716349.13,41339630.24,3035236.15,3551628.7,2345707.87,222657898.58,233.4,5548954.99
ITA,SGP,2018,23,90036752.32,50332546.71,39704205.61,29102037.33,2192505.6,2861233.25,3284425.3,140288577.52,663.2,20533934.15
ITA,SGP,2019,22,24202532.73,13269106.81,10933425.92,6743418.78,248422.83,300417.63,603359.75,26291370.08,240.4,1950264.66
ITA,SGP,2020,25,252588196.64,186192650.57,66395546.06,112071405.74,12412739.81,13136252.69,19733907.68,492654041.95,1574.5,33191065.36
ITA,SGP,2021,20,5376586.42,2847636.53,2528949.89,1159785.08,167358.98,211302.85,6948441.99,6113746.79,36.4,31501600.57
ITA,SWE,2016,45,10395903.4,2641700.27,7754203.13,631181.99,113102.1,117922.0,1699480.05,2317247.87,85.9,3394196.79
ITA,SWE,2017,45,212813571.61,205543443.78,7270127.83,131258529.94,30238397.28,31599490.73,1054221.91,664545363.87,345.9,1825638.99
ITA,SWE,2018,32,14557863.67,6552098.09,8005765.58,534028.79,95553.96,97846.49,15339043.85,1241130.19,331.0,62898469.58
ITA,SWE,2019,44,102860008.14,39165071.44,63694936.7,5459536.78,1083763.11,1128668.61,14970248.98,29685778.17,315.2,25072135.18
ITA,SWE,2020,35,5502240.69,2468666.5,3033574.18,984533.23,136189.97,173680.58,507782.99,2694682.2,129.5,1515290.13
ITA,SWE,2021,43,110306803.27,41898668.55,68408134.72,12979959.26,3603284.72,3842909.71,4018124.36,53402218.22,670.3,14703530.51
ITA,TUR,2016,35,32940357.45,17264432.39,15675925.07,2434970.63,303010.85,419634.64,335329.51,12745810.67,304.3,2384363.9
ITA,TUR,2017,37,142402439.38,1424024.39,140978414.98,20528883.31,9237997.49,11676640.33,13635535.33,111809488.7,4427.8,28445947.87
ITA,TUR,2018,36,88294674.25,42179712.88,46114961.37,10593420.55,2392841.93,2904232.34,19330696.2,51370626.32,769.6,41014911.19
ITA,TUR,2019,42,56620263.34,12942881.58,43677381.77,5394968.93,1475256.99,1634521.32,490348.8,19753797.58,602.0,947486.38
ITA,TUR,2020,28,1336954432.88,1091307818.97,245646613.91,242680017.94,16274924.45,19766785.81,1630700.82,1447306586.43,2331.0,5465494.89
ITA,TUR,2021,28,2138185329.28,793217182.11,1344968147.18,-320727799.39,0.0,0.0,2834869.29,-1407982302.09,61567.5,8682947.39
ITA,USA,2016,44,35126008.41,17942240.4,17183768.01,6581047.73,862144.97,1009195.92,1270142.15,34226263.21,307.2,3703728.4
ITA,USA,2017,42,75544927.74,38236305.17,37308622.57,11625884.68,2275476.75,3171497.16,10245174.3,23274620.84,282.6,36000623.93
ITA,USA,2018,40,4508389.18,450327.68,4058061.5,437172.88,77599.24,79237.21,2220964.69,1852811.86,96.9,5846892.03
ITA,USA,2019,36,334017633.64,208418340.44,125599293.19,42591749.84,9530393.74,11088661.93,132624.3,164398032.95,2506.5,1015832.25
ITA,USA,2020,41,29744606.27,10435158.89,19309447.38,4855537.26,1088733.31,1476942.08,4064001.61,19410246.54,289.4,12965816.06
ITA,USA,2021,44,99858629.11,65376904.62,34481724.49,18406231.96,3932105.27,4369683.81,3764074.08,101245507.03,384.4,8111281.01
ITA,VGB,2016,22,148268640.15,113784107.72,34484532.43,84227641.51,8897576.3,12370173.11,1498559.83,332430907.0,713.6,5352596.47
ITA,VGB,2017,23,266072790.11,205461214.61,60611575.49,51047237.39,6204589.03,6959388.41,470705.12,153346577.36,637.2,2389138.73
ITA,VGB,2018,29,339327387.56,151585523.66,187741863.9,120610589.5,17860997.47,24963361.74,3211480.33,539753220.81,2474.1,14150638.57
ITA,VGB,2019,28,233194331.76,156249624.6,76944707.16,52214602.52,9394658.0,13063129.12,2422969.05,228271794.29,1039.4,5625093.22
ITA,VGB,2020,30,75797328.71,37272461.9,38524866.8,41450490.65,4041342.5,4501075.6,1246539.6,125976460.71,197.2,3042901.71
ITA,VGB,2021,23,228705616.59,155750430.98,72955185.6,105023491.98,13521680.61,15624114.38,2820909.52,217177258.53,589.8,9449833.99
ITA,ZAF,2016,33,4278276.52,1661974.47,2616302.05,997310.6,289975.99,337697.77,9696581.8,4947411.21,57.7,21902992.97
ITA,ZAF,2017,41,29577435.12,13595268.66,15982166.46,4004138.68,657249.91,829114.68,784981.8,23828461.66,358.0,6231909.74
ITA,ZAF,2018,43,6008187.85,2810964.39,3197223.46,1810053.61,545694.19,595747.27,5385969.77,10174791.12,74.1,15808414.17
ITA,ZAF,2019,39,23822328.71,10211487.87,13610840.84,4366948.27,983585.69,1130818.78,1921477.85,21459658.21,155.3,13503300.1
ITA,ZAF,2020,37,83902055.11,39535770.04,44366285.07,26914911.07,7471434.55,9112693.53,19356410.9,140166098.98,593.2,37450208.33
ITA,ZAF,2021,30,98738944.59,51308513.74,47430430.85,18277041.16,2970534.65,3811001.28,3712064.36,87089770.92,1359.0,10317983.61
ESP,AUS,2016,44,71557299.91,29985168.97,41572130.94,15295800.38,5398887.37,6203878.85,780733.0,67825117.2,1403.8,5328392.08
ESP,AUS,2017,35,43006305.29,15462090.36,27544214.93,12550393.33,908510.35,979783.43,16818485.93,56863646.42,428.2,35219221.98
ESP,AUS,2018,33,30323183.03,5157119.33,25166063.69,-1918560.03,0.0,0.0,1147392.83,-10299409.31,469.3,2626502.33
ESP,AUS,2019,55,39667759.4,10333231.48,29334527.92,11628699.43,3155260.24,3807813.84,27584738.16,60733294.22,959.5,63138806.46
ESP,AUS,2020,33,48073140.08,11737406.64,36335733.44,6051590.82,1371074.26,1743108.36,528592.93,21474285.6,567.0,5015798.07
ESP,AUS,2021,34,63083404.07,16150004.47,46933399.6,4509504.31,272881.81,359816.06,4559180.11,24350032.95,785.5,32331734.25
ESP,AUT,2016,48,4525452.43,2832047.34,1693405.09,124184.37,8737.96,10502.64,14531848.75,679992.07,32.6,66134225.5
ESP,AUT,2017,40,1028649.59,352347.16,676302.43,143401.1,23478.47,29247.4,151653.41,440290.01,63.4,933374.87
ESP,AUT,2018,30,1010323.18,225281.47,785041.71,222036.79,57027.93,68860.88,3205665.22,1315621.53,21.2,12765601.26
ESP,AUT,2019,32,67105058.56,43839826.18,23265232.38,4688071.61,573724.79,767433.45,7490424.48,26766214.67,534.0,13723170.01
ESP,AUT,2020,51,52708399.31,23925536.43,28782862.88,9067533.74,2296080.03,2570179.04,29460168.51,39907432.45,804.2,75736501.05
ESP,AUT,2021,38,52558523.27,30084434.56,22474088.71,-1691930.55,0.0,0.0,9803103.04,-6424921.71,760.7,58152421.58
ESP,BEL,2016,44,15554938.08,6965032.19,8589905.9,1125823.77,163245.79,222084.83,12597804.85,3434647.74,272.4,26775977.96
ESP,BEL,2017,43,544159074.44,347648183.01,196510891.42,118873022.53,11766121.01,12974385.1,1912669.96,611990260.11,2003.4,6775183.59
ESP,BEL,2018,43,16298248.37,10260071.38,6038176.99,-123047.61,0.0,0.0,10116952.61,-505361.02,56.1,19563929.08
ESP,BEL,2019,42,21338215.15,14804225.91,6533989.25,-3200732.27,0.0,0.0,18428863.72,-7051532.37,189.1,35602881.89
ESP,BEL,2020,32,137719642.96,88544213.7,49175429.26,28505800.97,5776677.02,6549107.23,947026.98,77610971.77,591.7,4216310.04
ESP,BEL,2021,40,16275317.5,8550139.08,7725178.42,3554751.14,469954.39,593115.16,1162089.02,20361236.94,133.9,5504442.5
ESP,BHS,2016,28,51189912.84,27907872.88,23282039.96,27782769.58,2230984.32,2740132.35,11207309.56,112952923.63,255.1,19235195.87
ESP,BHS,2017,29,26140233.93,16272213.47,9868020.46,9398176.49,1739661.23,2011048.22,5652512.5,20916883.43,139.3,11254007.64
ESP,BHS,2018,24,505101791.54,407568121.05,97533670.49,167967832.03,25608710.72,27414718.56,2546873.83,905427623.95,757.0,11785040.03
ESP,BHS,2019,28,43036387.11,23510517.03,19525870.09,21178868.85,2584932.95,3114348.75,1485131.59,85522215.09,301.1,4195954.01
ESP,BHS,2020,21,182936793.45,108209212.64,74727580.81,40607760.01,701692.92,730733.7,5660524.34,81676825.75,1140.7,15495951.83
ESP,BHS,2021,24,11587762.09,3313464.0,8274298.09,7570934.2,1788250.14,2319285.43,3040543.64,15813165.11,154.2,12569037.72
ESP,BMU,2016,27,28607352.96,8635348.74,19972004.22,15425965.66,0.0,0.0,4984945.02,57844586.81,186.9,19641876.79
ESP,BMU,2017,19,651973038.66,612930949.44,39042089.22,258464581.59,22699490.66,30617194.13,764234.16,1389161917.01,902.6,6947987.45
ESP,BMU,2018,19,101850835.25,76977589.44,24873245.82,116622.19,7745.46,9397.71,640681.84,565772.47,262.4,2005119.96
ESP,BMU,2019,22,1565664121.71,1518273419.85,47390701.86,456599543.19,0.0,0.0,750916.03,2519964547.26,478.4,3131064.41
ESP,BMU,2020,32,5596575.35,1561228.81,4035346.54,282599.1,0.0,0.0,1396074.63,1507481.32,81.6,2563544.61
ESP,BMU,2021,19,26644191.2,12282801.38,14361389.82,-3996628.68,0.0,0.0,1253019.65,-19726941.51,164.9,4612956.17
ESP,BRA,2016,36,7175914.14,1857697.38,5318216.76,110386.31,8687.51,9526.66,15660994.07,497997.4,68.2,45481250.66
ESP,BRA,2017,53,58756660.63,32394452.93,26362207.7,-751228.03,0.0,0.0,3554717.39,-3791525.02,330.1,6940132.84
ESP,BRA,2018,50,60544748.45,33222363.05,27322385.4,3193880.83,860951.43,957406.99,42478449.75,13422126.13,561.6,193531472.26
ESP,BRA,2019,35,240738072.36,104537875.11,136200197.25,42964179.84,7718506.56,9288489.64,445074.42,110518131.0,1058.7,2404806.07
ESP,BRA,2020,42,135492442.71,72099236.31,63393206.39,38936271.27,8659037.41,11359105.4,8414923.12,180016433.68,1528.1,14462949.75
ESP,BRA,2021,42,60989077.57,31759564.69,29229512.88,19089341.37,6291625.95,8245071.27,27292974.91,43706453.96,1098.9,148811991.7
ESP,BRB,2016,18,8666735.88,6541547.15,2125188.73,4115095.99,0.0,0.0,4036162.82,12408149.21,62.0,9609822.15
ESP,BRB,2017,27,1128121183.93,871703041.06,256418142.87,532168478.7,89999837.06,94753421.51,2819779.31,1601603079.03,2051.1,11880384.16
ESP,BRB,2018,32,77808035.04,46270883.12,31537151.92,13038430.74,1733572.98,2123841.62,1350224.5,67848671.49,327.7,4675112.11
ESP,BRB,2019,32,495573186.72,417488329.57,78084857.15,135371600.18,15829413.08,20002630.43,455755.73,477452716.6,381.1,1542037.85
ESP,BRB,2020,21,15872265.17,8092355.37,7779909.8,8716920.66,891738.6,896331.67,65795918.63,30022248.79,101.2,118098904.54
ESP,BRB,2021,27,170090347.46,69392473.52,100697873.94,99278176.31,17823996.39,24039704.56,19735596.39,403672338.19,1306.3,64364589.5
ESP,CAN,2016,33,9785390.26,1657559.04,8127831.22,3179696.46,903679.15,1207647.68,12290112.15,10574113.16,87.0,36724810.58
ESP,CAN,2017,37,230620260.18,133869030.16,96751230.03,48997563.57,10391206.88,12178918.8,32744265.88,170070914.89,1059.4,67486947.08
ESP,CAN,2018,41,209624613.61,105182225.63,104442387.98,6876074.31,1246862.53,1336073.03,5968399.42,30210603.89,2223.5,29017609.99
ESP,CAN,2019,34,88901586.02,67481555.31,21420030.7,554919.94,90946.34,106930.1,8323706.69,1791640.27,378.1,28099845.37
ESP,CAN,2020,39,59090573.38,11006966.1,48083607.28,8063421.23,834411.58,901198.18,3381026.26,24824796.75,678.9,26466424.23
ESP,CAN,2021,34,41129582.51,6625294.45,34504288.06,7353214.49,2164994.85,2626045.13,9637942.95,28893607.25,234.1,20437121.31
ESP,CHE,2016,18,10128276.96,7236498.74,2891778.23,-506413.85,0.0,0.0,3915241.91,-2467080.13,23.1,7743044.79
ESP,CHE,2017,22,259010152.48,156654274.65,102355877.83,119075212.96,1736753.29,2281776.81,973174.01,423182921.17,1014.0,5058484.52
ESP,CHE,2018,30,21481465.25,15620785.37,5860679.88,15747260.84,3332433.35,3686755.03,581066.65,56794581.06,289.5,1304658.9
ESP,CHE,2019,19,130456034.69,92727796.85,37728237.85,17439045.43,3361398.4,4040926.39,754774.27,40010568.55,492.9,3879008.14
ESP,CHE,2020,24,8722781.09,4588091.07,4134690.02,3492717.71,410112.88,418705.76,1925379.16,17777166.1,98.5,4687429.16
ESP,CHE,2021,23,340557544.76,230160442.73,110397102.02,141648953.22,9538949.87,9982762.28,1750971.92,700164514.58,1326.4,3656184.31
ESP,CHL,2016,47,56939712.18,20853335.99,36086376.19,4663440.48,789167.63,800813.99,4765506.78,17056957.35,1422.3,15436744.77
ESP,CHL,2017,58,11290324.2,1485110.52,9805213.68,2237433.16,433460.32,459008.24,216334.1,13218875.08,323.0,1335556.92
ESP,CHL,2018,50,58468267.18,33306118.7,25162148.48,13549896.33,0.0,0.0,2548856.85,28353866.16,364.1,16580837.98
ESP,CHL,2019,41,112851339.57,45006952.09,67844387.48,24628082.63,7084639.54,9737647.65,18188148.62,137511703.4,1005.0,36498389.76
ESP,CHL,2020,50,28879516.12,20429237.84,8450278.28,3256790.31,514527.76,549432.25,5761066.21,17563295.92,220.4,14839576.74
ESP,CHL,2021,42,3149771.33,1094017.73,2055753.6,457545.16,98038.53,105700.79,2235184.61,2490967.73,54.6,8150835.08
ESP,CHN,2016,30,3207558.92,877811.12,2329747.81,260448.68,59773.09,76055.78,2384437.77,791984.82,119.0,4745682.19
ESP,CHN,2017,45,2441022.98,487747.88,1953275.11,324551.58,59261.12,78118.84,5623185.8,1659779.8,47.9,16473541.89
ESP,CHN,2018,45,506661691.74,318042515.59,188619176.16,97737374.26,12837463.36,16570091.15,2006764.42,507901755.09,4911.3,6617523.56
ESP,CHN,2019,38,80040943.96,21829608.88,58211335.08,-9208415.29,0.0,0.0,100710.93,-52124621.96,278.7,706260.86
ESP,CHN,2020,32,7356961.75,4537513.35,2819448.4,842470.8,146250.47,199506.07,1117056.79,1868991.74,73.2,6010564.12
ESP,CHN,2021,44,137437078.76,68956816.34,68480262.42,27407.52,5574.55,7018.08,618302.66,128519.32,1067.6,5365496.74
ESP,CYM,2016,20,200033593.58,140232443.72,59801149.86,50173469.52,8740532.98,8989999.23,1298528.92,118017703.64,1315.0,3371551.46
ESP,CYM,2017,25,4413246.05,3000381.08,1412864.97,805775.38,123852.94,141820.04,5705449.56,4279122.2,29.6,9879170.7
ESP,CYM,2018,29,21483371.74,7270445.47,14212926.28,4283771.33,0.0,0.0,603658.06,18998398.29,780.0,1064458.36
ESP,CYM,2019,24,52723343.38,15170055.04,37553288.34,28216849.3,1810183.82,2477542.43,2018027.29,163225105.82,360.6,3440742.35
ESP,CYM,2020,20,140318831.28,104108417.67,36210413.62,58727968.13,9680733.26,9965811.0,4098902.9,172200899.93,754.3,40665215.87
ESP,CYM,2021,15,16335306.72,10138237.31,6197069.4,11282596.16,1490672.78,2023143.49,877098.01,64675133.05,337.1,2926878.62
ESP,CYP,2016,29,190784210.67,134216199.9,56568010.77,-9539210.53,0.0,0.0,333950.5,-53063630.34,695.8,2691842.71
ESP,CYP,2017,22,369153566.13,207423074.88,161730491.24,51307399.79,5096853.23,6936095.02,32241.83,198636407.11,2295.2,59091.26
ESP,CYP,2018,34,31439008.85,11736367.6,19702641.25,11407970.26,1568455.59,1821686.3,842191.09,41596920.31,693.3,2194419.03
ESP,CYP,2019,24,27945885.03,13251634.06,14694250.97,5844722.82,1384651.43,1913707.53,19381041.03,24766965.68,474.8,38744734.11
ESP,CYP,2020,20,32506893.39,25283286.5,7223606.9,17334748.05,0.0,0.0,782123.34,70079434.72,210.2,2852492.44
ESP,CYP,2021,22,100256588.22,67544736.06,32711852.16,15492971.11,1801974.62,2331616.67,171357.52,59388435.51,623.8,626547.32
ESP,CZE,2016,41,23911728.76,13871581.01,10040147.76,-1565236.2,0.0,0.0,48918.89,-3352713.02,396.7,400781.39
ESP,CZE,2017,50,50047045.25,10845430.23,39201615.02,-1995744.83,0.0,0.0,10177023.15,-9471304.25,364.7,17925712.52
ESP,CZE,2018,31,26706426.74,16535925.13,10170501.61,13528483.56,2487646.31,2610807.72,1704775.07,78057683.61,304.7,3854376.29
ESP,CZE,2019,43,390396572.14,100903734.91,289492837.22,88291668.91,11135828.33,13141069.53,19210809.07,256679462.0,6545.1,39495951.8
ESP,CZE,2020,37,28871435.0,8965158.37,19906276.64,4280789.29,864865.25,921021.72,2974095.9,14496730.62,604.8,8007371.11
ESP,CZE,2021,35,2911761.55,1095455.67,1816305.88,338822.53,0.0,0.0,7501498.99,1218583.66,35.0,62866560.17
ESP,DEU,2016,41,54674756.48,31295627.24,23379129.25,864849.19,216614.21,221797.2,7409786.44,4376068.24,1038.9,25195587.76
ESP,DEU,2017,52,56627436.44,7617334.28,49010102.16,2970962.68,436009.3,596310.93,6703966.36,14098880.58,887.4,11318959.5
ESP,DEU,2018,35,15131834.16,1607135.48,13524698.68,2179685.18,579422.31,595239.17,2755898.07,8748017.11,178.7,12382493.5
ESP,DEU,2019,33,13652762.64,1343347.1,12309415.54,2019660.14,368955.63,416186.39,1192658.86,4801631.38,198.6,2360554.26
ESP,DEU,2020,38,32603629.95,8782763.53,23820866.42,-350803.53,0.0,0.0,1772668.65,-1940063.94,449.2,7908570.71
ESP,DEU,2021,45,32067185.3,13884568.95,18182616.35,2715420.17,699985.23,977700.73,1038325.85,12844251.42,149.3,7237569.24
ESP,DNK,2016,54,14562646.74,4874938.58,9687708.16,3327647.67,741185.69,751578.07,17730880.69,8644120.38,136.9,45286828.88
ESP,DNK,2017,37,144663389.97,69237153.12,75426236.86,9866236.09,761099.14,860846.41,49620982.11,25244965.32,674.2,190496797.23
ESP,DNK,2018,38,3465476.5,861411.35,2604065.15,2007883.14,231505.28,236038.64,1459464.5,6314370.76,61.3,3496976.28
ESP,DNK,2019,31,12706466.57,2371090.26,10335376.32,1054031.17,254020.32,318656.83,9739204.07,5622313.01,154.8,23976565.71
ESP,DNK,2020,46,14267859.49,7599486.59,6668372.9,-224678.45,0.0,0.0,12637637.22,-1149259.89,124.9,30947913.76
ESP,DNK,2021,35,21004541.4,4992165.63,16012375.76,8055379.27,2234075.44,2547559.4,13691054.64,29628461.33,405.1,112379921.42
ESP,FIN,2016,32,16761438.67,2479203.7,14282234.97,4465835.82,822003.22,870580.45,4776775.58,13007599.66,709.2,31723422.27
ESP,FIN,2017,35,32174658.75,4625642.38,27549016.36,12036958.23,2500414.08,3050245.95,10212370.61,50541713.52,556.7,20155818.08
ESP,FIN,2018,41,11726246.56,3590663.97,8135582.58,4191080.13,643404.21,719830.47,1968615.48,13598476.43,368.9,3394147.59
ESP,FIN,2019,41,30530379.34,4778786.06,25751593.28,2369502.55,311788.95,322030.8,23662314.43,12376342.3,1092.8,48112451.26
ESP,FIN,2020,36,73654786.57,24174924.35,49479862.22,4890405.74,982187.29,1259255.33,859459.99,28687440.1,1395.2,2200820.64
ESP,FIN,2021,39,26407292.17,7791078.54,18616213.63,1301187.33,268443.9,302498.53,4920854.23,7108427.52,481.7,24814635.82
ESP,FRA,2016,36,31283205.72,5227155.65,26056050.07,1462523.77,234904.43,272153.82,891973.94,7779593.41,455.2,2614188.0
ESP,FRA,2017,41,268348254.3,2683482.54,265664771.75,97063834.23,28956029.85,37660688.55,2420532.23,424917916.19,3426.5,9187607.0
ESP,FRA,2018,38,9772904.18,3037312.54,6735591.64,379641.9,48017.31,66003.66,1007829.32,801226.49,138.1,5336089.02
ESP,FRA,2019,43,7298377.72,2481395.49,4816982.23,-527123.42,0.0,0.0,6466363.71,-2273759.19,58.5,21707050.22
ESP,FRA,2020,38,17144124.92,7898216.36,9245908.56,1660933.33,271736.14,282019.77,1781254.76,8424277.42,54.7,3195180.43
ESP,FRA,2021,34,11052964.82,2321182.22,8731782.6,967068.33,72004.36,87368.05,11927684.85,4849460.34,149.6,69097783.97
ESP,GBR,2016,40,58691982.77,28037479.04,30654503.73,6450762.71,559332.35,718271.83,2444407.6,36550308.75,582.5,5998979.98
ESP,GBR,2017,51,143865946.53,50582688.5,93283258.03,12364250.96,2053997.89,2244971.12,1841217.55,38054919.24,2762.5,6098175.46
ESP,GBR,2018,38,142028416.32,56933585.38,85094830.95,-21304262.45,0.0,0.0,2990321.86,-92546039.21,796.0,27827404.28
ESP,GBR,2019,31,188204740.24,48120747.41,140083992.83,-28230711.04,0.0,0.0,18396988.89,-112654567.07,4421.4,153774767.88
ESP,GBR,2020,35,506602875.25,284757709.6,221845165.65,95600557.79,17043264.5,21885735.94,86564.05,499510889.05,1386.7,722263.56
ESP,GBR,2021,42,9659199.11,1800048.71,7859150.39,1673363.26,347671.19,365839.72,1851974.34,5032814.63,65.8,6223112.88
ESP,GGY,2016,33,375303935.73,253594326.47,121709609.26,72566407.65,10384445.91,12966418.38,847096.12,350493671.15,629.0,2376268.96
ESP,GGY,2017,28,33807447.39,28086706.67,5720740.72,5571510.14,723314.91,853951.91,30721850.81,12768619.49,184.0,73525845.13
ESP,GGY,2018,22,183851553.45,176548211.66,7303341.79,17938942.57,1155324.15,1184878.11,1374529.06,106310364.02,321.5,3319664.22
ESP,GGY,2019,27,2382115805.42,2069446752.52,312669052.9,1482104483.3,68117263.83,69907533.57,8012754.15,7608226312.76,1576.2,24408692.32
ESP,GGY,2020,28,201632198.65,191050546.48,10581652.17,135985952.82,0.0,0.0,3720734.74,782310329.17,183.9,7422608.25
ESP,GGY,2021,16,11338226.35,8761311.93,2576914.42,4335229.93,701620.39,754234.34,1826405.68,9133096.47,158.1,4358653.43
ESP,GRC,2016,35,93871059.61,42231465.94,51639593.66,17635161.32,3601148.43,4288558.26,2017266.87,37056222.97,422.4,6509341.43
ESP,GRC,2017,50,45445973.33,19061456.65,26384516.69,3681197.04,881344.42,903442.05,271073.24,11711620.59,194.3,2417744.71
ESP,GRC,2018,38,125031734.79,76795555.97,48236178.82,1149804.66,124630.79,132839.03,12037734.35,2586010.39,269.3,31717700.46
ESP,GRC,2019,49,143070459.61,62595774.46,80474685.15,-8713387.26,0.0,0.0,4679064.67,-35358128.6,779.9,16450159.27
ESP,GRC,2020,46,8260863.09,2486719.07,5774144.03,2745653.84,789909.0,992544.98,96263132.9,7774621.37,333.0,209647855.98
ESP,GRC,2021,33,8727070.09,2775088.92,5951981.17,660777.64,297349.94,393876.42,6056613.98,3235773.44,132.4,15600757.44
ESP,HKG,2016,26,106397586.74,74267865.2,32129721.54,18065953.47,0.0,0.0,3008334.26,46262742.6,323.3,5258085.52
ESP,HKG,2017,24,141153026.66,90223276.67,50929749.99,33434463.37,4381110.6,4651005.47,465111.28,138627088.42,648.1,1352754.71
ESP,HKG,2018,21,201678267.8,114638871.66,87039396.14,77457245.27,10667713.25,14867171.91,2897597.75,338404618.47,698.4,4863872.35
ESP,HKG,2019,26,71461980.9,57208723.13,14253257.78,49541704.19,18295623.85,19329780.94,357321.14,189796872.95,269.7,2248280.55
ESP,HKG,2020,16,824860629.68,808363417.08,16497212.59,155594200.26,0.0,0.0,4383135.05,898051340.55,121.4,13892864.21
ESP,HKG,2021,22,65979235.35,35037168.3,30942067.05,12640609.48,1058541.81,1306798.19,22257256.91,66546320.77,668.2,40349029.68
ESP,IMN,2016,23,111389157.25,37267530.21,74121627.04,54748837.9,4212828.88,4972112.87,9549412.26,151097965.63,1340.4,16853126.68
ESP,IMN,2017,20,12370871.53,8393384.61,3977486.93,6647481.05,262635.56,279229.78,841374.27,18115461.51,44.0,2411954.04
ESP,IMN,2018,23,8393430.71,5970453.54,2422977.17,2063302.86,307937.97,372564.56,2471565.9,10170846.64,59.2,16247090.48
ESP,IMN,2019,24,143085605.19,61300536.34,81785068.85,24081881.81,1636889.43,1913080.15,813298.57,91468318.85,483.2,4017464.79
ESP,IMN,2020,24,53433190.64,40140041.13,13293149.5,24581188.21,760355.78,928136.28,290893.34,132328506.95,140.0,1103335.1
ESP,IMN,2021,29,25533293.98,7797568.9,17735725.09,7855644.25,1908960.42,2448539.0,845301.15,24703887.52,737.3,3420362.8
ESP,IND,2016,42,68104359.23,41617374.83,26486984.4,8617234.73,2495081.27,3384869.75,1384394.48,44922326.63,491.5,2346481.25
ESP,IND,2017,41,216962601.36,173884658.63,43077942.73,-1171047.29,0.0,0.0,3078968.67,-5779549.22,521.9,11217392.17
ESP,IND,2018,45,99199255.72,35635243.52,63564012.2,-2848153.08,0.0,0.0,1535413.43,-9460296.67,822.9,3602181.86
ESP,IND,2019,50,3152139.42,2156306.05,995833.37,590354.8,106706.48,114927.7,980646.2,3254789.17,19.1,2441124.79
ESP,IND,2020,48,102178820.05,47714568.27,54464251.78,6320599.67,353872.42,388425.61,2189351.09,28517152.13,1048.4,7205869.16
ESP,IND,2021,41,72862730.73,17220315.11,55642415.62,-10929409.61,0.0,0.0,14479388.81,-45456899.99,538.3,125098761.32
ESP,IRL,2016,25,721854704.29,537330471.43,184524232.86,106101588.9,5445882.29,6023901.73,2119484.4,621601153.38,2582.1,4226375.04
ESP,IRL,2017,23,38761706.27,15322151.3,23439554.97,7122598.34,0.0,0.0,1766494.74,18464550.05,345.9,13040640.16
ESP,IRL,2018,21,370223289.65,152043383.04,218179906.61,-17669993.48,0.0,0.0,3147190.38,-40987333.09,5437.0,9965881.23
ESP,IRL,2019,27,232950041.13,183909620.72,49040420.42,147206687.26,14085447.41,14278929.6,1423688.63,805974620.41,1363.6,4619671.01
ESP,IRL,2020,23,11147167.87,7435066.49,3712101.38,1196325.37,148429.64,189563.69,136460.08,2488741.74,84.4,583879.46
ESP,IRL,2021,26,23807322.94,12235397.95,11571924.99,10222616.63,383497.15,504847.52,13068129.68,58765777.46,275.8,43527878.32
ESP,ITA,2016,34,65944128.22,13748808.04,52195320.18,6850288.4,2493985.47,2965593.61,2781770.95,26106040.72,389.3,10261344.26
ESP,ITA,2017,34,43904768.31,26690473.59,17214294.72,9481778.15,2931889.93,3382516.29,888559.47,49182253.37,208.1,4739471.42
ESP,ITA,2018,45,41610837.96,10808971.29,30801866.66,713669.49,104448.84,111709.02,1382553.91,2077131.6,864.8,2843483.59
ESP,ITA,2019,33,50321015.38,27928212.88,22392802.5,14540095.44,1918056.09,2060543.56,1970993.61,86620248.97,501.4,3683547.82
ESP,ITA,2020,31,116178743.0,47486315.46,68692427.53,8511815.02,621505.27,648032.63,732187.34,27540950.16,1889.7,4607818.51
ESP,ITA,2021,34,20296752.62,573707.87,19723044.75,1800217.62,427757.63,435460.76,1965394.1,9991547.11,426.2,5951304.89
ESP,JEY,2016,20,20471776.05,18059378.8,2412397.25,6671755.84,1874599.1,2318473.16,818148.8,30525329.6,27.4,1713188.7
ESP,JEY,2017,28,12317099.48,6053942.27,6263157.21,1587511.43,35833.51,40048.11,10246706.12,6845910.43,106.4,21417634.5
ESP,JEY,2018,31,16532037.82,5894360.44,10637677.38,2260334.65,190983.67,227884.7,13725462.86,7145046.61,414.8,34278329.18
ESP,JEY,2019,16,319990358.97,118190418.49,201799940.48,140113595.26,4811272.41,5884420.11,267252.73,709935448.17,777.1,1179372.94
ESP,JEY,2020,23,21827404.89,15500180.11,6327224.79,9926022.37,2319510.24,2756249.11,5381377.12,23187097.5,145.9,25412358.72
ESP,JEY,2021,17,73320224.13,45897343.94,27422880.18,6106817.62,1030850.02,1375645.85,7698363.71,14377286.37,467.2,21993738.81
ESP,JPN,2016,46,28907137.1,4608633.09,24298504.0,8400507.62,1729429.31,1858644.46,13394982.47,50123383.15,180.0,23049112.25
ESP,JPN,2017,39,299927491.1,159514250.35,140413240.75,6241876.81,687405.64,845961.7,213024.21,36769723.49,1629.1,1761379.38
ESP,JPN,2018,44,212845819.87,130325675.02,82520144.85,92261774.72,37638055.6,48616659.16,853241.72,413874279.74,378.3,5006053.58
ESP,JPN,2019,38,307990673.87,143512254.04,164478419.84,55897823.83,12604956.71,13359539.26,4075699.56,122845518.79,1139.6,8311634.04
ESP,JPN,2020,42,12114720.2,2316098.28,9798621.92,1397714.27,248015.56,254940.1,23973822.44,5617017.59,291.1,41617546.61
ESP,JPN,2021,40,9532085.9,1063544.56,8468541.34,1468992.42,215370.53,223828.32,599973.64,8221015.62,113.5,4144944.87
ESP,KOR,2016,37,32131284.29,8587885.49,23543398.81,10388693.76,1212704.58,1228872.53,12381702.11,40291632.57,181.0,22142067.71
ESP,KOR,2017,43,45599289.75,29083967.55,16515322.21,-561254.33,0.0,0.0,8489048.24,-3322645.39,366.0,22452890.43
ESP,KOR,2018,52,1635791.31,16357.91,1619433.39,-245368.7,0.0,0.0,1004796.24,-1122620.42,115.1,8444288.83
ESP,KOR,2019,49,29004113.25,6818932.0,22185181.25,3273485.41,946088.6,1030600.62,35103875.69,15142593.4,588.9,101087196.54
ESP,KOR,2020,40,78531063.88,42426859.24,36104204.64,3580492.22,634542.39,802897.52,3993817.73,20851410.08,293.7,6927396.85
ESP,KOR,2021,38,1058097.93,368723.71,689374.21,85374.68,24064.75,26019.45,1313712.04,390076.92,59.9,3095277.57
ESP,LIE,2016,23,49425633.04,30999142.44,18426490.6,15725059.5,3429262.51,3588574.88,78592648.87,48145403.59,333.9,356233196.36
ESP,LIE,2017,31,18825348.72,7889870.35,10935478.37,6411215.85,1179111.12,1614340.98,74379003.3,31773850.62,75.9,151620358.38
ESP,LIE,2018,27,24948079.38,14360802.13,10587277.26,6025288.34,0.0,0.0,748305.91,22465756.89,237.1,1365052.51
ESP,LIE,2019,25,13944645.74,7088103.21,6856542.53,1525328.38,0.0,0.0,2974900.88,3427479.97,93.0,12343135.97
ESP,LIE,2020,29,15458594.96,12693056.49,2765538.47,4317707.53,0.0,0.0,428746.0,18771456.24,53.7,3025901.06
ESP,LIE,2021,25,30640159.12,18301979.12,12338180.0,14966245.38,2066609.78,2814100.81,2025031.43,89087109.24,88.6,3887877.36
ESP,LUX,2016,24,55442293.5,37456626.5,17985666.99,20484746.58,4314177.59,5647044.13,428292.99,107374485.3,477.4,741797.94
ESP,LUX,2017,28,259901729.26,229608409.43,30293319.83,146546604.89,15545045.09,16953280.92,6370552.78,515138275.38,488.2,13577369.08
ESP,LUX,2018,22,1259468976.74,1047651511.58,211817465.15,916383715.93,67285477.99,82809831.11,595069.24,3003554014.87,1187.7,4042314.19
ESP,LUX,2019,24,914927.52,207214.64,707712.88,509640.12,74656.89,85475.57,4895734.01,2385880.74,23.3,14167418.3
ESP,LUX,2020,22,678462310.8,625310828.49,53151482.3,440844613.25,0.0,0.0,5786568.29,2593403237.61,1030.3,16203636.79
ESP,LUX,2021,21,211206813.95,187641277.71,23565536.25,36009223.77,4026988.28,4519586.95,27778325.12,212417831.81,739.5,72144187.32
ESP,MAC,2016,36,376526606.38,359370375.71,17156230.67,56114375.6,5871669.68,6670293.51,3683014.68,169036687.97,206.4,6956408.7
ESP,MAC,2017,13,694645612.63,501105422.82,193540189.81,287993798.7,22137492.19,23732610.05,1784115.56,947444411.1,803.4,3665391.02
ESP,MAC,2018,20,45891198.03,19655987.56,26235210.47,18647354.13,803899.62,948341.22,5723082.77,78701537.84,211.0,12314191.85
ESP,MAC,2019,31,86602608.22,84870556.06,1732052.16,69236991.61,8919926.42,9980060.62,2110023.89,233964721.1,24.1,3717909.92
ESP,MAC,2020,20,42824764.45,30190604.54,12634159.91,24679293.44,1739406.58,1761726.27,2154983.57,142398578.25,378.8,3701003.2
ESP,MAC,2021,32,22051274.28,15623618.03,6427656.25,2644291.09,402228.08,449426.57,2447951.64,5290471.61,116.1,5763786.31
ESP,MCO,2016,20,7532289439.96,4233511375.25,3298778064.71,3720437756.17,217730990.07,250001876.44,9235729.01,8680406872.09,44833.8,26036943.29
ESP,MCO,2017,25,1257306021.14,1191338317.03,65967704.11,477488503.93,55788303.88,67829506.97,4969842.56,959056993.97,2366.0,8686746.28
ESP,MCO,2018,30,15675847.1,10061079.55,5614767.55,4367088.89,478946.41,619803.21,955559.38,18345468.78,184.0,2123334.37
ESP,MCO,2019,29,15876130.95,13996207.22,1879923.73,5549137.87,194732.56,267413.26,20470291.4,22052875.14,89.2,35055891.92
ESP,MCO,2020,29,414425703.56,248724614.57,165701088.99,18638728.52,431850.49,482808.81,2584691.87,42099469.79,2298.5,5290447.07
ESP,MCO,2021,29,69780089.67,54775264.44,15004825.23,15167363.61,2912043.11,3064151.34,5979277.29,79491663.85,215.8,11780584.01
ESP,MEX,2016,38,34489648.7,21296898.83,13192749.87,-2717901.11,0.0,0.0,327248.25,-10123034.21,359.1,762849.5
ESP,MEX,2017,36,23245858.94,8264179.21,14981679.73,1793363.59,483935.48,581544.26,15018008.69,4812449.34,276.0,28014435.64
ESP,MEX,2018,40,42306813.63,24469986.56,17836827.07,8106952.63,1282372.83,1740424.62,9025162.66,26376804.51,1252.5,65516360.17
ESP,MEX,2019,40,88737902.58,32335113.5,56402789.08,14002520.38,3252172.47,4508820.7,18959972.09,36520805.72,741.7,33548997.83
ESP,MEX,2020,40,5867824.61,1518281.44,4349543.17,901435.6,236172.43,242111.28,2507462.17,2053588.35,263.4,4931997.46
ESP,MEX,2021,43,97050585.36,55968028.53,41082556.83,11335664.11,3068626.33,3199766.9,12485463.22,41714709.69,942.5,29361414.24
ESP,MLT,2016,23,71725152.95,52039932.17,19685220.78,4720817.83,417164.05,556878.59,40382238.2,10059554.01,371.4,279120036.78
ESP,MLT,2017,27,208238354.21,155322752.04,52915602.17,197826436.5,22570360.66,22989087.53,76436451.76,844665169.66,381.1,205566086.21
ESP,MLT,2018,21,300647888.02,251751108.48,48896779.54,141320110.91,20781274.26,27967048.85,1882554.02,291745717.44,584.3,10195506.81
ESP,MLT,2019,32,494084563.7,366532316.65,127552247.05,85954190.84,10248077.99,10408853.56,20142559.57,377158814.54,1140.3,56692042.41
ESP,MLT,2020,23,16815677.04,11798504.1,5017172.94,3489665.09,595585.63,599298.34,9950480.15,16510722.73,136.5,98675824.61
ESP,MLT,2021,19,51668192.14,34781002.26,16887189.88,18965118.34,3974073.58,4733465.12,759756.9,39854487.07,302.7,1987056.42
ESP,NLD,2016,25,18905890.74,11033566.23,7872324.52,5634149.36,290894.42,341962.88,459027.02,20540797.03,143.4,3793638.87
ESP,NLD,2017,27,40649365.18,35116828.27,5532536.91,24718522.94,897507.22,1221425.64,593650.0,114420270.01,76.7,3582677.28
ESP,NLD,2018,25,5816968.55,3686545.84,2130422.71,1430115.16,208382.21,254782.31,11527430.82,2927209.37,97.4,41414578.38
ESP,NLD,2019,18,3457395.41,2053368.57,1404026.84,1118663.18,35765.73,48153.15,7786830.21,4718631.91,30.2,13996196.71
ESP,NLD,2020,23,141381750.76,90201192.07,51180558.69,10481725.3,521467.78,640866.38,1450417.09,33711650.38,332.0,3177479.15
ESP,NLD,2021,26,23841455.95,11187791.69,12653664.26,7654281.84,0.0,0.0,38201185.63,28713018.55,210.0,103356985.35
ESP,NOR,2016,37,173708428.34,85891643.77,87816784.57,20741945.62,2599503.94,3216981.92,1631056.44,121165483.07,2050.1,10108532.26
ESP,NOR,2017,52,28671764.17,9271972.54,19399791.62,1560367.0,493120.97,683580.53,39737162.71,6654029.74,414.3,95996014.03
ESP,NOR,2018,45,909489900.83,581972241.68,327517659.15,283724667.31,20119514.98,23745917.01,337797.53,849044025.23,9390.0,1180843.85
ESP,NOR,2019,32,7226911.01,2109722.42,5117188.59,909852.01,236519.13,271881.87,586545.09,2181791.39,147.6,2425088.37
ESP,NOR,2020,55,29053835.86,16739734.3,12314101.56,-4358075.38,0.0,0.0,15930838.65,-13981303.56,145.4,40258056.09
ESP,NOR,2021,43,54891016.34,26400594.98,28490421.36,-3181850.51,0.0,0.0,3134923.87,-14876308.31,574.1,6738507.96
ESP,NZL,2016,59,8477310.76,2614809.67,5862501.09,2444175.16,0.0,0.0,3928707.85,11795833.5,131.6,15808489.36
ESP,NZL,2017,31,3690803.76,357879.42,3332924.34,97830.58,17393.0,18309.85,7034968.13,540599.8,88.1,35823047.36
ESP,NZL,2018,40,20522260.29,1494469.77,19027790.52,4390211.51,825125.28,890576.09,7301561.52,10122370.67,957.5,14881070.08
ESP,NZL,2019,45,1035086953.8,849840093.37,185246860.43,219724016.73,51646691.59,53377159.02,18118571.7,1094141744.14,2978.7,58084001.14
ESP,NZL,2020,41,128598990.91,63405538.04,65193452.86,18700543.74,1512445.18,2051036.04,175095.65,37775887.26,1532.4,542133.6
ESP,NZL,2021,48,139031351.99,22816038.43,116215313.56,51989982.11,15122737.75,18097393.95,12483217.34,128606185.78,1073.4,21856017.21
ESP,PAN,2016,28,10257889.2,963580.55,9294308.65,6927124.69,860106.24,880619.72,16528473.5,18394448.69,252.4,65446531.49
ESP,PAN,2017,29,1165200205.05,932493365.58,232706839.47,622565398.81,68445458.33,87400775.14,2722993.33,2675872485.83,1055.2,4897200.53
ESP,PAN,2018,23,7216516.83,807970.0,6408546.83,1087902.36,142681.09,172800.63,11532886.82,4976932.73,202.8,21537042.9
ESP,PAN,2019,27,33667829.78,21581853.25,12085976.53,4800388.15,279701.22,380445.1,1801399.08,24881660.29,426.2,4023819.74
ESP,PAN,2020,41,215602276.38,128329526.02,87272750.36,53141635.62,5444400.72,5827460.63,310358.65,161603599.32,1940.2,885717.39
ESP,PAN,2021,19,707814588.3,538314237.15,169500351.15,101628280.01,19279859.0,26040666.1,909107.21,365278159.43,1034.4,3142682.64
ESP,POL,2016,43,10161269.01,1628991.58,8532277.43,751306.16,130791.96,148585.57,1283428.66,4309099.31,228.7,3422234.56
ESP,POL,2017,45,241153064.23,141587730.43,99565333.79,42490229.89,15311774.82,21109831.43,671669.38,232233491.61,2347.5,6016276.57
ESP,POL,2018,36,19598765.47,5983922.2,13614843.28,257952.83,99861.92,132190.1,690967.85,771208.32,863.0,4938591.48
ESP,POL,2019,34,17476027.93,10711988.18,6764039.75,1129851.97,278602.01,305805.93,407994.63,4432936.7,135.3,3607209.25
ESP,POL,2020,39,13076440.11,2738719.26,10337720.85,395089.33,49281.64,58472.96,26835279.1,1035189.19,151.7,45550592.61
ESP,POL,2021,33,18191628.34,181916.28,18009712.05,17282046.92,783498.64,964132.72,3051954.53,73674755.24,335.1,5469994.6
ESP,PRT,2016,34,93714080.56,38540900.57,55173179.99,33164869.52,1443424.39,1504038.29,2199098.76,109098507.85,820.1,5923236.5
ESP,PRT,2017,47,35032603.08,8295069.8,26737533.28,2209138.56,121674.44,144275.2,1417040.9,11330975.81,962.8,2528906.04
ESP,PRT,2018,46,49705457.21,30300072.07,19405385.15,2637143.05,497260.81,694616.74,48534032.71,13387112.0,955.0,104283856.21
ESP,PRT,2019,38,110652349.78,49532255.45,61120094.34,-2782457.41,0.0,0.0,6556114.49,-13940512.01,1361.4,14788200.82
ESP,PRT,2020,31,1103800242.08,1015186674.25,88613567.83,199061605.01,42807067.77,56425554.37,13713305.91,929090281.76,1944.5,28773485.65
ESP,PRT,2021,41,22765037.44,13733584.82,9031452.61,-336450.46,0.0,0.0,882645.59,-1554185.95,128.3,1795042.84
ESP,SGP,2016,22,1160978063.22,1102099297.77,58878765.45,412934376.97,0.0,0.0,7035033.17,1891811298.01,388.0,43454542.09
ESP,SGP,2017,23,21369768.0,11678325.49,9691442.5,6286265.01,1414825.32,1874304.66,5268165.95,31006892.75,139.3,10610759.01
ESP,SGP,2018,19,333307703.15,183065953.42,150241749.73,-34739439.78,0.0,0.0,716448.33,-158490569.93,1664.8,1977786.6
ESP,SGP,2019,21,58175268.13,37083757.24,21091510.89,24189593.32,0.0,0.0,6945566.94,107319532.66,546.1,60552629.74
ESP,SGP,2020,31,21518102.0,6393484.85,15124617.16,6237831.4,606933.29,759198.11,2358321.18,12546486.09,156.3,8129394.01
ESP,SGP,2021,30,7185561.53,4272745.39,2912816.15,3824524.4,398708.31,488891.22,903656.7,19452257.6,138.7,1518007.07
ESP,SWE,2016,40,3386142177.1,2534411146.21,851731030.89,1512327266.17,562131731.51,607248088.51,511494.19,6781340063.94,8155.5,4022945.79
ESP,SWE,2017,37,8405838.69,3577266.79,4828571.9,281300.16,13277.97,15167.41,1229826.47,877134.66,112.4,10218748.88
ESP,SWE,2018,31,420217079.97,234332988.23,185884091.74,36770956.39,8821873.79,11608377.71,4663030.74,197498521.08,2115.5,10089960.83
ESP,SWE,2019,48,74837366.75,46970428.66,27866938.09,9939787.39,1887958.08,1905866.65,4770684.66,52693263.78,962.5,13278213.56
ESP,SWE,2020,29,133357883.96,75053927.03,58303956.92,14091793.17,2804689.5,3675456.69,2024100.44,50626407.24,912.3,7828812.67
ESP,SWE,2021,32,46355220.92,18526498.56,27828722.37,2800379.89,637782.86,663774.12,3860889.5,15957894.84,319.2,7289229.93
ESP,TUR,2016,42,33874740.85,16280596.07,17594144.78,2131595.68,525667.52,571459.56,3793453.74,5276625.3,596.9,12859947.42
ESP,TUR,2017,43,13591511.64,5559770.72,8031740.91,588999.58,112270.95,126198.98,15139138.74,2831725.3,80.2,130084982.63
ESP,TUR,2018,41,93241624.73,30880410.88,62361213.85,1396835.63,425461.81,593081.94,456924.98,3280473.83,606.2,1533268.85
ESP,TUR,2019,34,4997909.53,688486.54,4309422.99,552305.16,113217.02,129438.18,2091911.21,2639597.27,92.4,5585307.41
ESP,TUR,2020,29,136590515.76,60720656.77,75869858.99,29422961.36,2462691.6,3065129.93,405791.86,79842854.08,1728.2,1654530.87
ESP,TUR,2021,31,596098785.73,254440593.99,341658191.74,39450081.72,6548659.78,7124356.03,1731256.98,209493220.72,2810.6,5880571.56
ESP,USA,2016,37,255622716.26,96677634.93,158945081.32,56508295.05,1744645.5,1974559.9,23468894.24,178768473.42,914.1,65135462.61
ESP,USA,2017,35,6429655.99,2402596.86,4027059.13,1358161.25,360439.38,377730.87,347567.1,6185616.14,76.5,2868816.42
ESP,USA,2018,38,307682054.82,77313638.92,230368415.89,55527202.23,5987336.57,8138747.16,161752.73,114732465.76,1808.1,1614316.65
ESP,USA,2019,47,6572492.05,185504.06,6386987.99,1826222.51,467648.98,627546.16,1136437.62,7519781.84,308.1,5913811.22
ESP,USA,2020,41,759632.65,176585.6,583047.04,186876.82,41940.91,55567.5,1937373.05,1110414.87,9.0,5836095.55
ESP,USA,2021,48,36120884.21,2253811.63,33867072.58,878946.6,335098.15,393228.91,1056002.7,5243214.22,429.4,2690624.05
ESP,VGB,2016,24,12033994.06,8112254.53,3921739.53,3747930.44,422123.09,532966.9,103459432.14,18466248.14,176.7,312301814.16
ESP,VGB,2017,19,131519772.65,30482274.04,101037498.62,2105715.5,97777.87,105620.44,426206.37,8113813.21,1600.6,1161465.31
ESP,VGB,2018,15,28622436.96,10725581.11,17896855.85,7681882.69,1715961.64,2308069.92,11041778.96,18465668.34,250.2,23806377.33
ESP,VGB,2019,24,148482997.78,123042205.97,25440791.82,53156850.43,4528375.01,5167807.66,13589610.04,305054164.22,257.4,97451318.02
ESP,VGB,2020,26,108534446.9,66945267.72,41589179.18,34115369.51,1152115.84,1558688.01,6928982.39,144133480.71,344.5,34249944.05
ESP,VGB,2021,37,1276330150.95,1122052712.74,154277438.22,770708623.44,0.0,0.0,105562.38,2251800304.18,1577.2,194575.77
ESP,ZAF,2016,31,6334838.87,2383071.27,3951767.61,774441.56,229332.48,293701.67,740690.15,3980489.43,196.9,1323188.11
ESP,ZAF,2017,48,55690419.46,8628907.36,47061512.1,3447957.97,5664.55,6892.41,11931924.48,17736417.17,146.4,22664360.13
ESP,ZAF,2018,41,25252369.48,16115969.85,9136399.63,12593715.45,2165236.21,2286492.23,8160915.16,48403026.94,191.1,14365044.04
ESP,ZAF,2019,31,43246255.11,10412344.01,32833911.1,390599.47,110987.58,151718.1,3672683.51,964560.73,582.3,21607960.12
ESP,ZAF,2020,42,13534066.76,5524137.67,8009929.09,2097655.32,218581.13,298525.38,5928488.06,5219012.39,220.6,22731600.4
ESP,ZAF,2021,43,36798895.15,12474712.79,24324182.35,2576275.86,231090.39,259687.41,4528261.56,7992518.99,590.8,8019408.4
SWE,AUS,2016,42,1933779.52,655723.55,1278055.97,121953.11,16956.78,17831.08,1017242.27,568827.26,56.0,4397094.73
SWE,AUS,2017,33,207271585.1,34151650.5,173119934.59,7711206.64,525126.92,606938.03,2634171.37,42366627.65,1571.4,4740155.49
SWE,AUS,2018,47,6849999.87,2915395.61,3934604.27,216334.66,51518.17,66189.27,399450.87,966236.87,38.9,1951440.86
SWE,AUS,2019,44,16547791.68,9056723.06,7491068.62,2101946.2,426005.05,482689.82,16747800.5,11807349.45,132.9,51753964.43
SWE,AUS,2020,37,15723149.51,3418174.15,12304975.36,-972008.8,0.0,0.0,2154176.45,-2685588.32,370.7,4721780.88
SWE,AUS,2021,38,773805231.48,353804701.55,420000529.94,148140207.88,39486257.69,46056918.94,3811601.69,547614624.18,1864.7,13455734.77
SWE,AUT,2016,42,14506645.33,3075214.28,11431431.06,554363.22,109908.26,124200.16,145179.26,2294981.52,87.7,521835.66
SWE,AUT,2017,40,146413831.0,95637612.82,50776218.18,-18709571.3,0.0,0.0,3254110.25,-101893732.8,1423.0,14567392.4
SWE,AUT,2018,43,78931937.98,11009858.49,67922079.5,5381215.73,1044491.68,1130804.92,3536832.76,23503936.3,1330.7,22153235.13
SWE,AUT,2019,40,18679759.29,7614027.17,11065732.12,-854778.56,0.0,0.0,16615301.42,-3316501.79,429.9,46792535.29
SWE,AUT,2020,50,31955317.23,13208253.03,18747064.2,6305203.86,332211.8,353884.28,3335991.81,34665674.24,433.3,6560284.88
SWE,AUT,2021,39,598334568.8,207113500.1,391221068.71,88542887.53,26735373.05,34299375.5,1255702.13,480892620.14,4723.4,6022992.53
SWE,BEL,2016,40,263609360.3,146317294.51,117292065.78,11923396.05,1738462.55,1951478.9,26196808.7,62517256.22,828.1,75150417.25
SWE,BEL,2017,36,108251303.98,4735626.93,103515677.05,20280223.6,5023617.09,5045661.38,6053620.9,101249776.11,814.6,11870185.31
SWE,BEL,2018,42,39351020.34,4403391.55,34947628.78,2248481.5,645875.13,736769.07,331172.75,8078750.97,911.9,1497514.06
SWE,BEL,2019,35,25548531.5,5317657.37,20230874.13,4881558.3,1233631.54,1661360.82,13503027.69,17819257.15,308.3,24731090.44
SWE,BEL,2020,41,14609304.62,12664515.8,1944788.82,1000053.87,435657.76,601112.3,4797620.85,3884128.79,34.7,9749485.2
SWE,BEL,2021,52,82947529.7,44584774.57,38362755.12,11881245.48,2908356.44,3727440.12,293821.24,41591468.9,361.4,1172825.37
SWE,BHS,2016,21,3853068299.09,3016162908.0,836905391.1,1420237423.72,39869480.37,48243955.93,16126210.91,8132824998.11,9992.5,28484222.58
SWE,BHS,2017,34,2048191390.98,1689843719.2,358347671.78,873680866.72,27718570.48,28572660.05,1286239.03,3197492215.35,3074.9,2429370.4
SWE,BHS,2018,26,565697426.35,321766087.82,243931338.53,153918082.95,14282765.38,18684417.44,1602332.47,735882058.23,1374.3,4772393.24
SWE,BHS,2019,23,6859074.96,2462689.84,4396385.13,3336507.96,103002.18,115960.98,9198138.6,11961882.11,101.7,19728097.64
SWE,BHS,2020,22,44264637.24,3815020.09,40449617.15,24350309.58,5576387.01,6040091.45,15308235.56,83405381.75,1069.8,30338400.02
SWE,BHS,2021,25,26857955.9,6307631.32,20550324.57,17091567.89,3852014.93,3889153.59,625623.98,39774611.64,674.1,5074393.16
SWE,BMU,2016,28,49093887.12,33165835.86,15928051.27,22503818.34,2608212.32,2955743.37,447811.43,78954051.84,345.9,2682762.21
SWE,BMU,2017,31,12417887.99,5063963.6,7353924.39,6690004.28,1355414.4,1700124.63,16270344.8,14376454.21,150.4,28685929.34
SWE,BMU,2018,17,3709694664.66,3635500771.36,74193893.29,1249395339.82,250027520.0,261007363.16,4388319.21,6758961590.55,1586.2,17458904.51
SWE,BMU,2019,19,306233444.76,104760361.46,201473083.3,224504755.52,38989328.55,48103970.39,289840.19,901937001.68,1282.9,2138015.23
SWE,BMU,2020,29,20506883.29,9313824.01,11193059.28,9350056.12,1158356.57,1269971.93,1738848.51,35206710.02,138.4,2927952.45
SWE,BMU,2021,35,276147427.51,144463797.66,131683629.85,91249228.02,12001059.21,14073841.18,461737.61,511917534.34,1606.3,1544708.98
SWE,BRA,2016,44,172981997.41,122056713.14,50925284.27,17277519.63,2991079.29,3400003.7,3291835.11,63415580.97,509.5,6055554.93
SWE,BRA,2017,47,22431972.81,2462455.56,19969517.25,3622555.17,766132.31,1014594.35,8896863.97,17711895.76,700.6,67557917.47
SWE,BRA,2018,54,5441939.48,422950.02,5018989.46,1167186.88,112652.14,149894.21,1052639.21,3699176.76,66.2,2300751.02
SWE,BRA,2019,35,737775.76,164704.48,573071.28,138089.49,24301.4,24387.0,6416484.26,459812.05,17.2,13800459.33
SWE,BRA,2020,35,60343032.51,22591299.99,37751732.53,-772996.11,0.0,0.0,800086.05,-4129843.06,675.8,3314460.59
SWE,BRA,2021,60,103248404.98,28541666.49,74706738.48,12043606.52,2433154.39,3229186.99,1209708.4,52044103.39,383.9,4139704.27
SWE,BRB,2016,31,28735360.95,17334628.08,11400732.87,7520894.07,1777093.14,2129071.86,537384.04,30852834.44,131.9,3703750.47
SWE,BRB,2017,27,42707241.09,32468945.1,10238296.0,25742969.07,1312850.5,1412578.9,1206760.77,123187690.02,65.4,2095699.33
SWE,BRB,2018,24,16588259.83,6968873.69,9619386.13,12207931.59,1163464.49,1451046.84,5538605.57,29414545.9,140.9,17234950.38
SWE,BRB,2019,23,61475557193.09,60090736994.0,1384820199.09,24408956762.11,2249867047.15,2703052895.78,4957838.44,100887832896.5,8739.9,14771748.49
SWE,BRB,2020,20,21483850.91,9378965.3,12104885.61,1824298.18,283236.31,360711.49,2309836.09,7686153.74,280.2,4610620.59
SWE,BRB,2021,29,12339553.1,5062918.43,7276634.67,6329411.17,205478.21,272189.86,6815142.06,30218296.13,129.7,13168295.53
SWE,CAN,2016,35,252364072.04,12502798.35,239861273.69,16084936.81,3302451.74,3552874.41,3915402.59,75589097.29,3570.8,8305309.6
SWE,CAN,2017,41,43174786.15,23994769.97,19180016.18,12973232.95,1317533.92,1825822.11,5415180.75,45179014.0,160.3,29526136.8
SWE,CAN,2018,43,7401754.96,1169037.48,6232717.48,-120048.85,0.0,0.0,1221069.54,-394676.41,86.8,2504495.3
SWE,CAN,2019,47,38169974.67,17435005.03,20734969.64,3230659.15,466634.36,551194.68,3188870.88,17483739.33,473.7,20994436.56
SWE,CAN,2020,33,22159993.44,13420687.89,8739305.55,2255473.21,644987.09,707464.57,375478.66,5474376.84,323.0,1097263.23
SWE,CAN,2021,31,34866069.82,18175326.16,16690743.67,-5017451.86,0.0,0.0,3420865.24,-10132348.25,500.8,14642082.08
SWE,CHE,2016,20,25450338.64,16876061.01,8574277.62,14080840.83,0.0,0.0,4436714.16,32487415.99,337.4,28993973.8
SWE,CHE,2017,27,241962852.94,144646092.18,97316760.76,50111247.29,8959729.28,11936851.61,548700.3,147785313.13,3003.3,5371755.78
SWE,CHE,2018,31,663056102.58,502326282.07,160729820.51,189254483.71,36399307.02,50658870.57,292802.72,792818413.22,1063.3,2610144.15
SWE,CHE,2019,15,9022892.5,1870857.01,7152035.5,2330523.65,413617.45,571611.62,4064710.38,6254644.24,177.0,8354240.5
SWE,CHE,2020,31,12449290.78,4648932.45,7800358.33,3372440.64,440365.26,467419.01,1013256.84,16147586.8,100.1,3186715.31
SWE,CHE,2021,21,5645104.25,847313.24,4797791.01,-609798.94,0.0,0.0,9089548.69,-2599283.61,278.4,15368312.36
SWE,CHL,2016,38,120493245.67,84924885.86,35568359.81,-18073986.85,0.0,0.0,2507493.86,-86502886.99,453.5,16350039.21
SWE,CHL,2017,37,18673692.04,7113250.29,11560441.75,6921068.47,1736734.06,2081409.69,4009443.98,32181639.14,241.3,15138003.59
SWE,CHL,2018,44,2375668.29,1053931.17,1321737.11,220038.05,40831.79,46922.89,3915331.97,1283299.15,28.4,16584616.94
SWE,CHL,2019,33,6634315.85,5492030.62,1142285.23,1655907.41,189412.96,208592.67,3219926.51,6817696.42,36.7,6353263.99
SWE,CHL,2020,49,79200448.6,3407880.56,75792568.04,-2626181.09,0.0,0.0,1778114.5,-10904255.17,685.8,6808032.89
SWE,CHL,2021,32,193051357.35,58269758.49,134781598.86,-1656.34,0.0,0.0,462805.59,-4393.25,1063.1,3992013.74
SWE,CHN,2016,33,26252291.95,5672883.18,20579408.77,-271435.28,0.0,0.0,10184540.71,-630753.77,219.6,20947990.94
SWE,CHN,2017,50,128660458.17,57820706.76,70839751.41,26502105.22,1027002.76,1214424.63,63393711.95,80663553.0,344.2,205648355.49
SWE,CHN,2018,35,21598999.47,5270375.18,16328624.29,755577.61,0.0,0.0,681013.09,2577354.64,501.1,5352765.29
SWE,CHN,2019,43,40624692.81,13793381.28,26831311.54,10163213.61,3189445.01,3941074.48,9231088.18,22256989.84,524.9,20057432.53
SWE,CHN,2020,42,18955654.74,5024837.99,13930816.74,4350734.21,577747.76,687289.69,1739606.65,10510600.12,767.9,4009900.43
SWE,CHN,2021,46,10084941.29,3877875.74,6207065.55,1727852.86,348322.26,475832.88,2712397.84,7085694.8,171.8,11450220.71
SWE,CYM,2016,26,76844010.54,29850065.93,46993944.61,3480522.68,0.0,0.0,2867346.48,14243624.05,501.3,6177241.32
SWE,CYM,2017,21,11974235.4,5821577.99,6152657.41,7406465.29,892653.26,1033093.56,804175.87,30464666.64,98.0,5123501.12
SWE,CYM,2018,33,18085905.68,10633589.52,7452316.16,866469.07,211409.28,260759.46,17169552.29,3913724.1,138.2,119049313.82
SWE,CYM,2019,33,455867749.56,390273719.69,65594029.87,-59512962.41,0.0,0.0,944256.31,-172336199.09,530.2,1866036.52
SWE,CYM,2020,30,54422278.69,47497543.21,6924735.48,13367293.69,593672.92,636085.89,2037538.77,66396616.33,91.4,3449815.1
SWE,CYM,2021,26,28748992.71,18670752.08,10078240.63,21745298.7,3710809.51,3761933.55,1505852.13,66438453.53,195.6,5552253.97
SWE,CYP,2016,28,114013782.01,85542237.1,28471544.91,63969548.67,16543056.98,17559710.74,3569587.96,173996449.91,448.0,6143129.47
SWE,CYP,2017,25,261778582.18,197903237.75,63875344.44,119117122.48,16594071.82,19629134.51,36148925.8,495574688.25,1527.7,91714493.27
SWE,CYP,2018,22,71425823.07,48603766.31,22822056.76,55303212.18,6626132.34,7594391.71,4287069.27,261722740.6,424.4,9495196.32
SWE,CYP,2019,33,38481485.82,24243098.0,14238387.82,-1924074.29,0.0,0.0,10036340.38,-7987697.71,285.0,18271320.35
SWE,CYP,2020,15,16010395.22,14309070.14,1701325.08,7208532.84,377722.15,420502.81,11766071.02,39365885.16,24.5,47541934.79
SWE,CYP,2021,27,337147662.37,252509328.9,84638333.47,66895299.06,8278137.44,9419356.32,11820369.6,301499361.6,1341.6,44872333.51
SWE,CZE,2016,31,4173513.83,1123738.24,3049775.59,995467.18,123265.21,152570.77,3197009.24,2370050.55,65.5,8339272.03
SWE,CZE,2017,41,72999110.05,14250271.92,58748838.13,9170068.24,1865479.59,2025581.53,963527.9,41532812.28,836.7,2860067.81
SWE,CZE,2018,35,72533242.76,25058382.49,47474860.27,11989422.68,2705125.54,3633246.83,16534080.85,55660494.8,717.5,44155348.97
SWE,CZE,2019,37,13468705.42,6074767.47,7393937.96,4138772.03,651876.12,756615.72,3509279.79,15358941.22,85.1,5919614.79
SWE,CZE,2020,39,77106704.76,35499429.44,41607275.32,2024533.7,336426.14,456532.92,8380572.2,6375673.62,811.2,38724437.24
SWE,CZE,2021,43,3273148.58,745440.14,2527708.44,1114236.1,240819.85,280244.11,726398.91,5102858.08,82.1,1378935.68
SWE,DEU,2016,42,52496065.47,9430867.3,43065198.16,15587162.73,4522525.11,4700672.74,1100177.65,36344410.09,403.2,2137328.08
SWE,DEU,2017,40,34114216.81,13417761.8,20696455.01,19176129.05,7097258.53,7727100.58,60155319.81,90621707.04,183.1,152625737.76
SWE,DEU,2018,29,7600329.02,2742119.45,4858209.57,859947.14,187224.13,253399.32,1661277.67,4715329.82,388.2,4578385.44
SWE,DEU,2019,43,16364645.07,1628757.44,14735887.63,3331611.21,1193481.51,1320268.47,19734082.06,8585588.92,898.3,53335611.03
SWE,DEU,2020,37,38288727.99,13305965.86,24982762.13,5086742.76,569836.01,662143.09,585034.98,19337168.1,288.8,2177740.12
SWE,DEU,2021,52,74019119.28,5609810.67,68409308.61,35579922.46,3996859.31,5549620.23,1597576.83,151314266.04,1013.3,4366605.11
SWE,DNK,2016,40,27721797.42,10562159.11,17159638.31,13216229.0,5947303.05,7326159.56,1709596.52,58158834.65,221.7,2896981.23
SWE,DNK,2017,31,35371789.06,3579750.92,31792038.15,-690087.77,0.0,0.0,4397931.94,-3198128.43,789.4,12494087.95
SWE,DNK,2018,42,20496553.55,3499898.22,16996655.33,7700948.28,1585267.08,2186881.42,2487426.95,23580019.67,240.8,13438325.83
SWE,DNK,2019,31,159776508.92,13942796.62,145833712.3,23327620.46,4976750.14,6938034.14,592101.39,66126841.26,1447.0,2643517.22
SWE,DNK,2020,40,30994102.27,5539048.26,25455054.01,5792589.86,592226.46,727050.5,2687551.1,22468889.01,226.1,9629111.43
SWE,DNK,2021,40,102737025.2,36338335.9,66398689.29,18069939.46,2915854.05,3093161.19,990263.5,39602535.74,1818.9,1922129.24
SWE,ESP,2016,47,21189974.37,211899.74,20978074.62,4416632.59,0.0,0.0,2920916.62,21814222.46,339.2,6092634.15
SWE,ESP,2017,51,335559013.19,124760327.95,210798685.24,49465874.68,8933477.87,10203902.9,670358.98,260608004.63,2098.0,1678160.27
SWE,ESP,2018,35,21383444.36,10515626.7,10867817.67,2727986.26,748542.24,911990.21,19837469.39,9957297.52,165.6,33763292.9
SWE,ESP,2019,46,102392108.25,58727777.54,43664330.71,4239982.31,169639.88,179481.79,140138145.1,14337848.9,649.0,926012011.94
SWE,ESP,2020,47,270332712.12,46903759.28,223428952.84,33170806.14,5313080.66,6616105.14,103261042.21,109320816.44,951.0,391926508.59
SWE,ESP,2021,31,9409259.5,3329318.26,6079941.24,2195625.67,554544.7,758550.23,4151656.18,5714893.61,102.2,17085082.78
SWE,FIN,2016,43,86168327.2,36863959.58,49304367.62,19240582.53,4647750.58,6337104.73,23960067.67,89195441.53,848.5,57717690.49
SWE,FIN,2017,38,9756301.63,3808844.4,5947457.23,-6847.57,0.0,0.0,3333111.7,-21207.47,161.4,32132026.76
SWE,FIN,2018,36,206291104.82,76493069.56,129798035.26,44138566.61,12280696.23,14487390.03,4650294.67,191618064.08,1788.4,8406699.76
SWE,FIN,2019,43,163639315.6,68878593.37,94760722.23,14461907.02,85045.94,113110.86,3143381.18,41357140.77,1057.0,7535144.33
SWE,FIN,2020,33,334700384.64,146016562.19,188683822.45,45442101.63,8350198.61,10859113.85,1437486.48,218796518.62,1290.7,4834893.91
SWE,FIN,2021,39,49651396.59,33618729.12,16032667.47,-7447709.49,0.0,0.0,13860989.95,-25489104.76,239.2,39813915.28
SWE,FRA,2016,42,13308963.27,10144999.58,3163963.69,2461688.73,390007.85,467368.23,2309335.87,10950786.07,57.3,5817645.09
SWE,FRA,2017,38,180850953.73,55668026.29,125182927.44,2929944.81,438739.81,554631.83,669744.85,11741787.85,2181.0,2155815.31
SWE,FRA,2018,44,737268940.7,406049944.85,331218995.86,65736198.72,3175874.19,3467242.6,565987.94,297848077.25,3628.3,2115043.96
SWE,FRA,2019,41,42164060.64,8738846.23,33425214.41,8103007.59,2040623.21,2258780.52,1361319.16,34787353.77,419.2,4858732.35
SWE,FRA,2020,46,13594791.89,5999841.38,7594950.52,2879007.74,335821.51,416339.05,5610337.94,15838081.72,111.4,15478651.9
SWE,FRA,2021,39,273344874.72,143879610.4,129465264.32,-3161935.22,0.0,0.0,5863774.81,-8640847.06,2369.3,19639064.12
SWE,GBR,2016,35,118087395.81,46517735.28,71569660.54,-17713109.37,0.0,0.0,15472945.23,-60793115.06,1215.2,26070776.43
SWE,GBR,2017,40,218265248.05,64350744.42,153914503.63,47659351.49,7024095.46,8809977.94,784366.28,252435898.93,1092.0,2268895.3
SWE,GBR,2018,44,197232524.62,156092395.81,41140128.81,-4906345.27,0.0,0.0,5362315.24,-27978740.34,439.1,16489896.06
SWE,GBR,2019,36,29925242.41,10930145.05,18995097.36,2068116.33,142933.41,160367.85,800231.74,4331000.54,227.6,1583865.85
SWE,GBR,2020,33,173843395.29,99912873.57,73930521.71,30192557.64,6425616.78,6770069.07,1377294.65,63405883.24,1378.4,9080144.41
SWE,GBR,2021,46,193590859.57,101698958.25,91891901.32,11346515.69,4262201.74,5494090.16,4441766.89,35753504.47,1134.6,7772090.27
SWE,GGY,2016,21,161276516.23,110928641.23,50347875.0,26785716.78,0.0,0.0,93069869.82,103586418.7,1764.0,217929436.9
SWE,GGY,2017,23,4803082280.79,4707020635.17,96061645.62,1143557944.5,51955782.05,59549985.49,1233970.75,5598685484.94,698.1,5461317.85
SWE,GGY,2018,21,46962152.21,41826073.56,5136078.65,19002193.49,2677948.24,3177295.0,849570.81,88746433.66,103.4,1443972.71
SWE,GGY,2019,20,108227958.75,66878205.77,41349752.98,-5411397.94,0.0,0.0,34098937.22,-15424247.78,402.2,161192619.94
SWE,GGY,2020,27,57129927.55,42547519.15,14582408.4,18741477.52,1090877.99,1446864.79,870393.13,66554462.52,354.4,6950238.65
SWE,GGY,2021,30,39402290.83,28343456.41,11058834.43,9395590.19,99441.02,134721.87,999665.17,42610196.3,200.0,1912619.32
SWE,GRC,2016,44,56985227.78,23034732.75,33950495.02,9197499.01,2608604.57,3551121.85,2223354.16,47308662.07,594.9,10563418.01
SWE,GRC,2017,36,27931371.53,15974690.14,11956681.39,4033587.84,740340.11,880777.11,3523097.61,14039937.76,314.5,6545660.27
SWE,GRC,2018,35,261267699.56,53288440.6,207979258.96,23249668.98,4952941.39,5322439.04,40921418.69,49695015.05,2352.1,72567772.09
SWE,GRC,2019,31,37281585.93,7905653.82,29375932.11,10974837.98,1153983.6,1353484.5,460391.63,45954512.55,579.4,4281741.4
SWE,GRC,2020,37,453081567.23,207197572.62,245883994.61,41276124.16,10224211.57,11893175.48,2337612.64,198617898.05,1440.8,6045501.79
SWE,GRC,2021,45,41784689.16,17284941.28,24499747.88,12447261.64,2272853.0,2740394.41,5288993.69,55249714.07,682.4,14053041.04
SWE,HKG,2016,22,56822041.42,17269939.95,39552101.46,5746329.91,325290.36,352204.21,4066468.54,21041934.42,1169.1,13623806.27
SWE,HKG,2017,23,118100273.54,66629522.71,51470750.82,60893074.39,7011281.5,7456337.74,17400897.06,151470393.27,477.5,40492236.05
SWE,HKG,2018,18,96513297.6,31820373.1,64692924.5,22315352.89,3411421.5,4033905.37,35849194.5,119226929.31,761.1,73653425.58
SWE,HKG,2019,29,70014612.68,40957604.73,29057007.95,7730799.39,674792.69,700851.42,6434435.14,31340655.55,867.7,15490853.56
SWE,HKG,2020,29,536979544.99,417509096.41,119470448.58,304344017.25,59388201.72,78341304.52,3099784.74,631436142.52,1560.7,5911106.85
SWE,HKG,2021,28,15213142.07,7643559.39,7569582.68,6459744.86,478949.88,575833.04,2045819.4,17788984.87,464.4,6386536.22
SWE,IMN,2016,21,1536488437.63,1355357379.67,181131057.95,525550817.95,31868789.55,41857104.12,6605123.75,2609648249.03,1172.8,17061024.9
SWE,IMN,2017,19,13262985.43,8780582.65,4482402.78,8745699.79,1761941.94,2295365.19,10868560.19,41428484.53,57.8,19606095.0
SWE,IMN,2018,18,310883564.78,253940934.73,56942630.05,75086911.74,8785426.54,11291264.2,1130610.73,219485702.74,503.1,1976322.14
SWE,IMN,2019,21,373787601.88,185510629.77,188276972.1,93514122.75,5389969.26,7409878.03,1871090.92,493219261.35,2161.6,5966138.6
SWE,IMN,2020,20,164187252.68,128692822.07,35494430.61,66275369.32,395872.96,551616.91,46056898.02,303734005.35,1511.6,105370850.39
SWE,IMN,2021,18,83502909.65,35281475.87,48221433.79,-4175145.48,0.0,0.0,1240758.53,-22030357.43,1002.4,8513539.84
SWE,IND,2016,45,139172125.23,77470370.68,61701754.55,8999365.47,0.0,0.0,39122074.14,23993852.71,297.9,150533887.27
SWE,IND,2017,56,1243621765.91,767826386.73,475795379.18,462925057.93,40111768.31,55381289.28,6111660.45,2158469929.6,37961.9,11076945.86
SWE,IND,2018,29,8028751.23,3501928.68,4526822.55,634251.98,46090.39,57749.41,583331.34,2400526.61,95.2,2952563.82
SWE,IND,2019,40,195356128.0,66440384.54,128915743.45,14840323.42,3435158.09,4707637.54,7716496.09,30531448.36,2286.6,13599436.0
SWE,IND,2020,43,39508666.18,10209082.39,29299583.79,24600898.7,10872152.56,12417052.06,5618632.72,64182167.57,268.4,11187893.5
SWE,IND,2021,39,9599399.47,783863.56,8815535.91,2141648.91,963742.01,1133071.7,1836356.68,5206297.74,104.4,3971102.23
SWE,IRL,2016,29,62423619.77,48098184.56,14325435.21,32062345.21,2824953.45,3670199.34,7662148.74,92481079.09,264.8,13183293.95
SWE,IRL,2017,35,109243137.57,60896130.63,48347006.93,22693635.3,602154.19,712058.54,1401166.43,87798959.11,1420.7,3045523.36
SWE,IRL,2018,25,416332998.62,361221848.24,55111150.38,350521342.07,26699549.33,29529171.3,12182105.89,1546819673.9,629.6,55927815.96
SWE,IRL,2019,21,68142177.46,41181811.32,26960366.14,30706078.2,2977817.22,4044465.45,878538.68,81285207.03,346.9,3041892.03
SWE,IRL,2020,23,181882580.43,105036816.34,76845764.1,37615204.27,1481241.44,1731926.92,3907340.81,102392743.14,1205.6,10519044.34
SWE,IRL,2021,19,627466849.54,511450251.18,116016598.35,372322144.39,43887518.76,53548445.71,5997301.89,1047239325.05,1313.5,13157077.15
SWE,ITA,2016,49,1422393435.09,398049546.45,1024343888.65,-213359015.26,0.0,0.0,3443692.16,-585830438.33,6192.3,7949687.67
SWE,ITA,2017,37,209828701.66,42083913.06,167744788.6,37968820.71,11518250.28,13839423.61,14008286.1,109194096.76,1344.5,24956507.66
SWE,ITA,2018,44,43364660.55,19433507.9,23931152.65,-3043768.35,0.0,0.0,2073658.06,-15064922.37,379.1,6388030.09
SWE,ITA,2019,49,705390.99,356440.86,348950.13,138240.25,54798.12,75332.69,1231707.38,826716.25,7.7,11574217.81
SWE,ITA,2020,38,9064089.55,4020961.55,5043128.0,-354172.54,0.0,0.0,8341777.96,-991465.93,130.2,14670620.65
SWE,ITA,2021,38,129138391.9,35066932.32,94071459.58,4143595.35,667855.62,904925.8,696121.09,12659926.18,1520.7,4105044.58
SWE,JEY,2016,20,189491380.59,156175977.44,33315403.15,78145058.3,1512814.6,1542519.84,2300154.05,287305090.84,534.6,7200805.43
SWE,JEY,2017,27,32463020.47,16482906.67,15980113.8,12804802.14,2509601.21,3278713.57,259407.52,25827867.0,405.9,844018.32
SWE,JEY,2018,13,364091300.6,220818455.55,143272845.05,123282294.94,21098431.23,23877814.78,5973642.33,513285088.1,685.3,14943641.25
SWE,JEY,2019,26,35823983.77,31809735.28,4014248.49,24053306.39,2526298.78,3121362.35,3339841.24,87207216.58,280.1,7422766.92
SWE,JEY,2020,33,99459618.11,89742706.77,9716911.34,31465263.13,3780702.13,4772455.07,5571122.67,103611751.89,167.1,22384569.58
SWE,JEY,2021,36,94854643.03,27290706.1,67563936.93,26743223.76,4297621.5,5332696.71,3996258.29,69179956.67,1187.9,7570228.17
SWE,JPN,2016,42,79261812.76,32273754.27,46988058.49,6180584.62,1733706.8,2362023.19,3107739.17,33946104.28,608.1,6189495.42
SWE,JPN,2017,33,3283640.78,729010.73,2554630.04,-277892.03,0.0,0.0,2376873.83,-929716.94,50.8,5794055.77
SWE,JPN,2018,40,50713099.05,24268862.52,26444236.53,6505677.9,939368.71,955691.07,2000842.4,14525967.91,262.4,9022355.83
SWE,JPN,2019,39,50778012.2,13458638.86,37319373.34,6072958.6,1154951.93,1296295.33,187881.12,20635073.65,626.3,1385362.32
SWE,JPN,2020,38,490889420.75,398960480.88,91928939.87,71258570.8,16366929.63,17227607.9,3395073.01,178936592.68,834.1,7251110.92
SWE,JPN,2021,33,921357.48,427607.44,493750.04,114589.7,29701.99,37395.39,48995475.75,332436.84,38.3,97324433.73
SWE,KOR,2016,32,24441533.35,10776840.85,13664692.5,1222870.59,300160.82,376185.44,957770.47,5377469.69,176.5,1598091.33
SWE,KOR,2017,43,23498710.14,12770608.0,10728102.13,7936546.77,1311661.56,1706325.65,768391.51,17903767.27,193.2,4022580.91
SWE,KOR,2018,52,21534244.65,5448695.96,16085548.69,2379325.96,1070696.68,1112911.48,7621725.0,5379311.76,261.4,13741520.81
SWE,KOR,2019,33,5778104.85,2129202.87,3648901.98,717158.63,215101.15,262587.66,822331.51,1744837.64,246.3,5962114.56
SWE,KOR,2020,38,41759123.81,10756521.58,31002602.23,4477019.47,1583380.19,1813469.63,1606268.05,24728825.13,444.0,11880383.78
SWE,KOR,2021,42,40109168.32,11743952.22,28365216.1,-1078126.62,0.0,0.0,1132625.88,-6317865.96,381.5,2783687.01
SWE,LIE,2016,27,5933814.45,3243345.23,2690469.22,973220.03,167761.77,204900.32,5706324.6,5229352.6,169.1,11198771.77
SWE,LIE,2017,28,20459079.73,8461366.57,11997713.16,13365450.97,3522.75,4930.24,5190592.67,38852601.67,164.4,14316750.65
SWE,LIE,2018,19,35030154.7,28829040.99,6201113.71,13222869.02,1442230.66,1716248.19,11990370.53,57934576.2,42.7,41728609.71
SWE,LIE,2019,17,94535959.19,57003062.86,37532896.34,61509544.75,6458035.12,8506443.21,4350621.89,333686215.93,459.4,9370314.96
SWE,LIE,2020,25,67195835.11,50357458.89,16838376.22,42635104.47,367538.44,493681.11,9718256.64,92173109.88,181.3,27963325.48
SWE,LIE,2021,25,60077101.02,28600955.08,31476145.94,13629646.31,14709.83,19318.26,2680634.58,50890000.93,435.8,11562083.08
SWE,LUX,2016,37,13957789.73,4501411.42,9456378.31,6247816.56,760305.54,1057701.03,3503510.66,28006582.0,341.6,23736522.87
SWE,LUX,2017,25,13359613.19,8110435.58,5249177.62,2244388.0,200033.02,212233.23,520557.47,8587092.57,148.7,4604536.0
SWE,LUX,2018,27,715631923.26,563927469.38,151704453.88,-35781596.16,0.0,0.0,45599470.78,-154421177.35,2464.6,186682630.8
SWE,LUX,2019,25,840506180.16,816549220.87,23956959.29,16195360.34,1764923.31,1773232.08,4274805.9,44591382.23,727.6,12434743.44
SWE,LUX,2020,17,2262938047.24,2071357896.34,191580150.9,1151475482.32,147698943.61,164048787.46,13600975.0,5883992724.67,877.4,37768160.19
SWE,LUX,2021,24,134885240.55,84076872.59,50808367.96,110702214.39,33972644.83,41890260.53,1795823.34,499978258.83,609.7,12883063.36
SWE,MAC,2016,29,53013090.51,16592160.71,36420929.8,18555997.47,1071917.15,1186980.0,853263.05,52483844.77,677.4,8445780.46
SWE,MAC,2017,14,21022914.63,7842734.08,13180180.55,215798.41,11239.56,14255.53,4330014.54,1138444.45,281.5,13698714.22
SWE,MAC,2018,29,365023086.51,241224592.0,123798494.51,138937395.7,17707545.41,22970762.69,8920612.19,714519534.99,1245.7,31600930.09
SWE,MAC,2019,21,8291539.59,4785076.88,3506462.71,2066769.04,190610.06,243769.31,328250.86,8507989.5,66.1,725958.76
SWE,MAC,2020,27,27918319.19,20853053.72,7065265.47,8331191.45,426392.46,464884.69,1899188.58,34142442.37,189.6,7452655.89
SWE,MAC,2021,26,14032305.66,7236904.75,6795400.91,1352745.24,86282.1,90666.95,12640325.8,2934410.0,129.7,37664615.83
SWE,MCO,2016,16,8739591.73,4858930.84,3880660.89,2799209.63,101393.15,102271.72,2217014.87,15612599.58,72.2,5525813.06
SWE,MCO,2017,20,43461396.27,20386984.72,23074411.55,14468026.03,1995205.28,2627747.74,10181932.54,71160600.89,217.5,18497874.78
SWE,MCO,2018,24,46394906.35,24154606.62,22240299.73,45928.41,2844.94,3673.08,3522972.39,99061.37,282.0,8041746.55
SWE,MCO,2019,24,8266244131.14,7914220371.07,352023760.07,6424359574.84,834997629.43,1059062443.49,1057287.94,20790502857.1,1872.4,3963233.76
SWE,MCO,2020,21,2508058.04,387644.13,2120413.91,662378.86,57598.79,63910.87,348658.76,1463783.95,51.3,2246259.1
SWE,MCO,2021,26,22504140.91,10759112.77,11745028.14,8730040.18,2531875.72,3448705.06,970013.57,28185072.22,324.2,2522740.64
SWE,MEX,2016,51,21527277.16,11985998.27,9541278.89,4831765.35,576395.05,578361.42,6054978.63,23479816.45,93.5,12355398.27
SWE,MEX,2017,43,11782718.98,2752741.07,9029977.91,2842271.61,116218.6,142047.83,18918486.64,15962718.9,186.4,46520754.33
SWE,MEX,2018,36,48805470.32,33358992.03,15446478.29,-7320820.55,0.0,0.0,742060.21,-14891796.33,588.5,2029075.25
SWE,MEX,2019,52,114330977.81,63469294.7,50861683.11,35945958.12,4331787.04,5778006.25,15496123.36,78520036.94,996.2,27282075.39
SWE,MEX,2020,34,13668088.01,2772805.12,10895282.9,-2050213.2,0.0,0.0,6194030.53,-9408819.18,252.1,36691818.44
SWE,MEX,2021,45,10731526.61,3436980.96,7294545.65,280748.63,56694.29,69199.0,36921801.34,924677.74,296.6,66224858.14
SWE,MLT,2016,26,800794327.65,565084631.41,235709696.23,404132545.54,14455437.65,17838328.08,358506.98,1794332450.94,1907.0,766582.91
SWE,MLT,2017,20,45027549.38,38075498.85,6952050.53,10998373.92,1218817.55,1517694.47,5046353.83,35576194.09,150.5,28600878.06
SWE,MLT,2018,31,40011568.39,30335787.17,9675781.22,22610794.34,1660895.01,2316522.81,5968984.57,94625033.34,198.6,14757012.3
SWE,MLT,2019,21,64020758.64,39552162.8,24468595.84,22784004.27,3128054.31,4288901.45,9871442.07,106179242.78,143.3,79559119.96
SWE,MLT,2020,26,342488731.01,203570195.9,138918535.1,141963367.24,0.0,0.0,166814.65,407713265.67,1539.2,1518948.96
SWE,MLT,2021,27,52122584.96,23403769.17,28718815.79,9217170.22,490787.39,536800.16,13277877.54,43492740.6,615.3,59478793.7
SWE,NLD,2016,23,106045815.77,60036203.35,46009612.42,10975405.54,345061.72,421802.94,43402719.28,40545213.26,688.2,95373907.63
SWE,NLD,2017,23,207760190.43,114190248.4,93569942.03,77984231.73,7324592.07,9485358.75,274266.91,156398371.13,1592.0,2548507.53
SWE,NLD,2018,21,22095919.75,12020036.71,10075883.04,4380848.67,651621.62,702641.65,38144246.67,22593616.87,129.3,170530452.03
SWE,NLD,2019,26,228583222.23,172367624.03,56215598.2,126062667.52,12193706.0,14276084.11,14085860.2,489505773.9,913.2,28887970.91
SWE,NLD,2020,24,22058269.8,19236483.46,2821786.33,6973819.16,392881.23,486025.02,5085612.56,17998543.35,42.9,10362653.96
SWE,NLD,2021,23,213299190.54,162579919.54,50719271.0,66477589.97,0.0,0.0,1510346.31,332961350.28,829.2,6669633.56
SWE,NOR,2016,55,277734256.49,65292602.49,212441654.0,69700885.23,23487195.66,25207553.58,8140654.54,139417755.11,2950.6,16571048.74
SWE,NOR,2017,37,1501642119.8,636927136.55,864714983.25,269893435.87,121452046.14,126141170.79,4003232.46,1261967068.27,5438.8,9610606.93
SWE,NOR,2018,35,59210349.61,9471748.12,49738601.49,-2540130.5,0.0,0.0,1998155.98,-14924714.13,284.4,12840447.83
SWE,NOR,2019,49,50073958.51,34203260.6,15870697.91,3595736.45,435757.19,600301.02,4592349.32,20396042.83,191.5,10761840.21
SWE,NOR,2020,45,50926498.1,24827770.56,26098727.54,7431184.17,972946.84,1135213.13,139744.21,42373428.35,113.3,750475.22
SWE,NOR,2021,27,18134962.66,2924867.31,15210095.35,653433.01,120928.41,124583.55,816074.84,1843441.21,278.5,2780384.33
SWE,NZL,2016,42,59468729.17,21490683.07,37978046.1,4809446.18,907578.79,1075388.39,2151419.24,28766913.96,1164.9,4774164.79
SWE,NZL,2017,54,220285050.97,36512651.78,183772399.18,46573296.65,13248501.72,14705607.95,18486203.31,104400443.02,2737.9,34866021.6
SWE,NZL,2018,35,33870914.05,22841994.07,11028919.97,537720.37,169769.64,212028.79,205557.21,1536916.25,254.3,701348.04
SWE,NZL,2019,38,150150204.19,68164168.28,81986035.92,27664582.42,5965414.91,6487941.12,1371572.02,123244738.94,2048.8,10123461.97
SWE,NZL,2020,41,89699163.07,22904889.25,66794273.83,4708112.52,1732516.36,2095240.81,6857171.34,12047377.95,1155.1,29542418.08
SWE,NZL,2021,41,1618863.22,211818.99,1407044.23,240604.6,50947.96,58733.74,1938877.78,911482.34,61.1,10265859.36
SWE,PAN,2016,28,40549241.01,18836944.73,21712296.28,15374021.73,3461889.58,4686004.0,396674.5,69466931.53,1062.2,3722348.35
SWE,PAN,2017,25,44877773.82,23502313.82,21375460.0,8298299.11,2096366.82,2482381.65,13943053.08,17849084.34,452.0,52023432.66
SWE,PAN,2018,25,96860957.87,43739840.61,53121117.26,52071551.58,6550784.27,7297896.89,30818665.12,220499379.92,619.6,78771440.49
SWE,PAN,2019,28,469918021.7,388945144.18,80972877.52,218210155.89,10742978.25,12482198.56,3098916.91,810746327.48,614.7,10395661.47
SWE,PAN,2020,30,598007481.34,391451187.08,206556294.26,3894821.75,512969.92,698229.15,1858187.55,10289435.35,3295.2,6739064.19
SWE,PAN,2021,21,89438114.91,26326767.13,63111347.78,17616986.67,1081902.9,1084773.49,2116447.05,53730188.52,305.6,3891040.01
SWE,POL,2016,44,3000756.74,1384069.69,1616687.05,429372.25,74975.67,85570.59,16353579.09,1042375.91,53.8,74258789.65
SWE,POL,2017,46,9824419.68,3685424.24,6138995.44,2103188.83,583724.83,732051.07,945119.15,9289967.9,268.0,7804156.59
SWE,POL,2018,47,311002227.83,166754031.55,144248196.28,25623512.21,2053328.95,2799155.8,1242651.03,106470210.78,1764.9,6626070.82
SWE,POL,2019,45,163899167.25,88044810.5,75854356.75,5662241.09,794916.02,1002407.4,5180600.38,27952970.2,1520.8,47721457.37
SWE,POL,2020,42,423737120.73,163013987.73,260723133.01,29455394.36,10505933.33,14022953.0,2605813.23,106952975.43,3109.2,8776692.29
SWE,POL,2021,40,6728426.5,2650613.66,4077812.83,969076.02,347092.27,370481.14,7738286.69,2525226.72,59.5,14800612.03
SWE,PRT,2016,33,17793619.22,12530789.81,5262829.41,5026740.86,1370784.41,1900771.07,3001260.47,12128487.76,272.9,5854043.91
SWE,PRT,2017,30,176346706.95,108811152.24,67535554.7,32267261.07,1113814.14,1341946.85,2888704.66,83791719.68,3410.4,22336220.41
SWE,PRT,2018,43,49480580.46,18996512.82,30484067.64,8337147.95,2054187.01,2380104.92,1443284.69,24484605.76,268.9,6822657.65
SWE,PRT,2019,39,315953387.99,131831389.59,184121998.4,106140805.02,25846220.21,27860037.46,2072413.43,360949824.81,3269.8,5322874.38
SWE,PRT,2020,37,8871647.39,5112147.3,3759500.08,345742.36,23907.58,29929.45,216031.86,1396274.58,120.9,1473467.47
SWE,PRT,2021,43,1398554718.47,702856050.87,695698667.6,499138376.56,142069287.8,156022086.02,2577139.56,1829882807.39,12915.7,13081522.56
SWE,SGP,2016,21,511701480.18,207700580.41,304000899.77,188772769.43,0.0,0.0,4157043.42,994117478.27,3278.6,10403716.17
SWE,SGP,2017,21,60988234.33,41205394.39,19782839.94,8339152.22,1224844.78,1304602.72,12428157.69,31322197.42,292.6,51229952.93
SWE,SGP,2018,30,81930432.44,34360982.52,47569449.92,-4096521.62,0.0,0.0,4993502.95,-14937673.23,501.1,9558369.47
SWE,SGP,2019,26,4826515.49,1899702.18,2926813.31,562658.81,106402.8,133003.26,702680.13,1411696.19,55.6,6004866.1
SWE,SGP,2020,24,14729959.52,6954607.59,7775351.93,1395942.61,181553.41,237418.41,1735141.38,7273397.66,129.4,3868664.02
SWE,SGP,2021,29,67152503.19,41347969.61,25804533.58,14183041.17,973737.14,1102981.13,813338.36,45502321.25,167.0,3380519.56
SWE,TUR,2016,42,45289830.4,19725910.46,25563919.93,29401416.28,1371967.16,1445765.69,201548.02,125042076.7,89.9,1374116.29
SWE,TUR,2017,38,34115123.23,12863442.07,21251681.15,6276162.67,610092.29,644756.4,3019973.46,25987375.24,394.0,10271696.56
SWE,TUR,2018,50,27394227.87,4734678.91,22659548.97,1638166.8,469378.62,483557.01,5035171.77,9310976.89,938.9,18311164.14
SWE,TUR,2019,34,218678557.97,2186785.58,216491772.39,34369902.03,9840836.31,12397037.9,1447060.75,204551760.01,1277.5,2714795.37
SWE,TUR,2020,46,1221356215.26,112120661.28,1109235553.99,184297477.41,23229288.79,23440489.34,318280368.2,1059110584.11,5575.5,617137872.48
SWE,TUR,2021,48,20837576.7,7199571.85,13638004.85,3098801.42,608357.47,793904.65,3516966.86,10973180.05,241.3,10525856.34
SWE,USA,2016,44,219360347.32,132024548.79,87335798.53,28590237.32,5507182.16,6710939.4,1008921.61,155935387.45,1645.6,1992835.37
SWE,USA,2017,33,6343031.54,2946634.03,3396397.52,377224.83,103674.15,103829.72,4550502.69,852631.45,77.5,8494438.46
SWE,USA,2018,38,43544216.55,13413916.61,30130299.94,-2981793.02,0.0,0.0,8207195.91,-17667399.52,167.7,14164390.6
SWE,USA,2019,46,17073939.21,8327255.66,8746683.55,1317748.32,307457.43,409694.67,1154086.01,3195385.42,103.6,3923685.91
SWE,USA,2020,43,212875037.64,54745429.15,158129608.5,24194030.23,4833663.82,6425704.6,4566119.57,140277526.46,3130.3,14716026.64
SWE,USA,2021,37,30100274.36,6874773.84,23225500.52,-755851.48,0.0,0.0,2131374.05,-1852837.98,1150.8,5197219.6
SWE,VGB,2016,24,85976882.66,63428672.74,22548209.93,44937189.54,0.0,0.0,4413040.71,267938089.98,997.7,9151225.09
SWE,VGB,2017,31,56124906.37,24091462.19,32033444.18,9226684.24,591598.32,691363.2,2662689.79,33908773.03,630.3,6031272.32
SWE,VGB,2018,19,93241323.08,52134477.92,41106845.16,23363715.05,1109954.09,1491191.32,3002828.01,137894771.15,1286.9,10890374.09
SWE,VGB,2019,35,184516982.32,138653762.78,45863219.54,47048308.52,5982934.69,6796729.72,897072.28,245935830.77,812.8,2254582.31
SWE,VGB,2020,27,220425645.4,107176261.39,113249384.01,33457007.88,1355330.81,1696824.02,3075183.5,117008220.63,3134.8,7145181.54
SWE,VGB,2021,30,792349630.51,776502637.9,15846992.61,49139242.18,17542061.37,19737437.67,15511808.78,270502989.85,288.1,29084289.27
SWE,ZAF,2016,44,153118431.61,57465550.57,95652881.03,38146369.6,5675937.08,7222712.52,1884330.78,94037177.93,1968.2,14451756.74
SWE,ZAF,2017,37,152422702.3,34242593.35,118180108.95,-22863405.35,0.0,0.0,5619676.9,-62693154.4,3685.5,11340340.78
SWE,ZAF,2018,54,9088770.5,3237888.05,5850882.46,1181747.82,266812.84,293348.05,22582036.04,6465061.7,103.2,54603724.07
SWE,ZAF,2019,38,6284416.89,2243303.05,4041113.83,791059.78,51221.91,69269.54,2169175.03,4527810.85,98.6,6119267.12
SWE,ZAF,2020,36,436571827.71,329573563.14,106998264.57,249567543.74,88696403.61,90550827.93,5081716.16,1150740301.79,865.1,22589967.64
SWE,ZAF,2021,42,42005889.14,27908977.52,14096911.63,5002304.75,1279318.72,1469356.88,6172918.34,19147829.26,556.8,19302057.95
KOR,AUS,2016,41,79586697.58,58213900.07,21372797.51,34075755.88,0.0,0.0,15938834.79,173062021.7,560.7,27785912.36
KOR,AUS,2017,48,2611255.23,1139323.4,1471931.82,786690.44,213525.78,226959.73,2946064.08,1963501.29,67.3,16231167.92
KOR,AUS,2018,31,17386974.24,10904430.56,6482543.67,2805941.19,711159.89,978988.57,1359160.26,14279472.35,261.8,4988469.13
KOR,AUS,2019,35,35428763.98,9640817.75,25787946.23,5174376.99,1306719.67,1495076.69,988559.59,18557050.78,131.1,4814571.3
KOR,AUS,2020,46,30875587.48,17898839.54,12976747.94,4722078.67,406442.63,515081.05,2474743.93,11953364.5,379.7,7826071.01
KOR,AUS,2021,26,46574578.38,18738100.75,27836477.63,1939922.52,273863.86,300858.75,119799.47,9835676.88,901.3,981634.86
KOR,AUT,2016,40,23846094.26,12970469.09,10875625.17,3916483.02,1223088.46,1392594.41,4115427.15,13485696.87,200.1,23316921.64
KOR,AUT,2017,33,102471302.05,1024713.02,101446589.03,30885583.8,3989662.09,4612743.58,15638084.65,173772467.63,790.3,26590096.69
KOR,AUT,2018,35,734489782.03,464230281.99,270259500.05,33384195.81,8671345.51,10068335.77,5853870.1,71219101.43,1438.3,14294859.0
KOR,AUT,2019,47,49872477.13,13286490.97,36585986.16,9430665.67,2082462.75,2714791.98,1281107.88,49189712.38,740.4,3576355.7
KOR,AUT,2020,40,29719506.45,15714718.59,14004787.86,5520491.6,978067.75,1254728.08,9835929.9,19209359.26,149.7,21626707.31
KOR,AUT,2021,52,14339338.92,3452867.02,10886471.9,5621300.86,1235891.94,1546806.82,2479926.19,29528919.22,265.3,7566534.73
KOR,BEL,2016,45,83497994.82,56336113.21,27161881.62,17411951.62,3050632.8,4222242.77,1437855.04,73713187.61,497.8,3173244.42
KOR,BEL,2017,26,33668789.72,10754558.76,22914230.96,4565457.37,1211434.75,1215365.96,6360344.87,24694282.44,1178.0,11700137.32
KOR,BEL,2018,37,2612265.28,600702.68,2011562.61,1505692.91,392259.34,473639.29,1274549.52,8880880.75,109.0,3184824.97
KOR,BEL,2019,39,63871129.0,48956798.94,14914330.06,35557638.4,0.0,0.0,3987397.96,207960027.84,459.6,6891297.56
KOR,BEL,2020,42,343280915.67,67306449.55,275974466.13,60458830.95,5692222.96,6641445.69,9661324.93,287729050.37,1684.4,18276882.31
KOR,BEL,2021,28,25859764.05,5579379.46,20280384.59,3517826.15,448192.08,556660.27,1892146.77,17308326.46,543.5,7838432.05
KOR,BHS,2016,28,93464083.33,48876317.13,44587766.2,26464116.44,1666556.94,1828419.23,1512313.17,105048567.27,489.4,8506504.39
KOR,BHS,2017,25,50120120.45,35856735.69,14263384.76,12002104.24,536003.01,543532.28,1274294.2,45833896.34,247.9,3374003.82
KOR,BHS,2018,16,29448613.83,17831949.08,11616664.75,13543747.47,1533937.56,1584252.7,5620319.2,74006944.68,296.8,30184190.79
KOR,BHS,2019,18,3868569.15,1111283.71,2757285.43,-242184.71,0.0,0.0,2555607.39,-808194.89,37.0,4441216.82
KOR,BHS,2020,26,19979589.57,6355908.32,13623681.25,3522008.91,175622.0,175629.58,2303720.48,7459692.98,410.3,4284858.4
KOR,BHS,2021,20,3593941.01,1921905.39,1672035.62,-259341.89,0.0,0.0,1867869.68,-800316.19,17.5,5036213.1
KOR,BMU,2016,23,8344209.74,2474688.84,5869520.9,4747334.68,534758.58,623871.17,25532642.82,23817433.59,155.5,110274762.76
KOR,BMU,2017,28,5848521.86,4355509.97,1493011.89,-292426.09,0.0,0.0,2971241.19,-857793.05,52.6,7016570.79
KOR,BMU,2018,21,270793305.95,211338588.59,59454717.36,90586926.65,10361048.47,11739460.0,6152141.64,450131057.31,429.5,11000025.92
KOR,BMU,2019,20,17253209.52,7379211.42,9873998.1,2760118.43,70139.55,80005.14,755530.87,10362675.09,294.4,2103240.16
KOR,BMU,2020,21,323017088.52,249337586.17,73679502.35,185496386.89,17302223.55,18806116.21,2316892.91,542992957.08,1173.5,20666387.23
KOR,BMU,2021,21,101629766.65,46833266.59,54796500.06,-5081488.33,0.0,0.0,12622743.4,-23555900.49,743.0,49521800.74
KOR,BRA,2016,41,13495154.65,849505.14,12645649.5,-603249.71,0.0,0.0,299082.69,-2439692.82,298.4,651176.64
KOR,BRA,2017,39,31055757.31,12853233.8,18202523.51,-610736.04,0.0,0.0,2029504.81,-2412062.97,960.9,8553816.89
KOR,BRA,2018,44,49291375.25,1270236.24,48021139.0,8045696.5,2940260.45,3560451.08,8799638.66,18133323.05,927.8,16050387.34
KOR,BRA,2019,37,17239319.63,2652561.01,14586758.62,4377642.97,149420.52,178102.77,890444.32,22737521.58,518.4,1492981.58
KOR,BRA,2020,32,75504536.48,34057553.98,41446982.5,23325230.83,6697232.16,9067489.42,1426575.51,116439750.06,602.0,6058419.49
KOR,BRA,2021,34,24832386.07,248323.86,24584062.21,15769384.02,1074456.22,1192639.89,573383.21,91082001.87,537.3,1050232.52
KOR,BRB,2016,30,39115062.42,19216507.37,19898555.06,7924648.49,137787.54,163680.82,3014250.63,35066918.51,194.5,7243797.15
KOR,BRB,2017,23,13121708.15,8838684.52,4283023.63,1598305.99,87763.85,108843.03,2112887.25,9108048.12,48.0,11631854.85
KOR,BRB,2018,30,5414600.59,2595429.89,2819170.7,3025330.09,0.0,0.0,2652067.09,7074494.41,53.6,5012915.8
KOR,BRB,2019,24,2125605.8,1120510.23,1005095.57,1327567.4,306942.24,318620.17,11573526.15,5986323.24,83.0,20046834.41
KOR,BRB,2020,33,6473752.48,3481666.89,2992085.59,2025223.33,9806.98,13475.66,3810192.14,7029886.66,60.9,19680214.56
KOR,BRB,2021,25,40955713.16,23771348.27,17184364.89,30423380.29,2500971.97,3366926.15,19801903.48,120858505.59,508.3,40526367.32
KOR,CAN,2016,48,76363916.96,20044723.92,56319193.03,14796553.67,1684743.96,2166371.21,145421.07,43405985.21,644.9,385706.98
KOR,CAN,2017,33,43890253.83,13657324.54,30232929.29,6766730.84,544685.61,726806.08,37478739.95,22120173.99,724.9,210904466.49
KOR,CAN,2018,48,15293966.97,6995633.98,8298332.99,-2294095.05,0.0,0.0,2229479.2,-11604554.16,241.9,5885812.15
KOR,CAN,2019,47,3898258.25,2130686.98,1767571.27,517411.8,175306.42,192415.91,528115.78,1344874.19,45.2,1503875.21
KOR,CAN,2020,37,11999556.72,3198259.49,8801297.23,-421662.2,0.0,0.0,232282.88,-1926200.28,163.2,431792.79
KOR,CAN,2021,47,635202930.87,388071781.21,247131149.66,31794430.98,9363406.73,12031441.92,3840993.86,83590635.36,4834.7,7896071.49
KOR,CHE,2016,27,98319099.72,30541250.54,67777849.17,16951172.15,922398.75,1152336.2,4129814.46,98273893.75,1086.4,14727131.67
KOR,CHE,2017,25,816305.85,225905.08,590400.77,-6082.26,0.0,0.0,7683093.32,-30574.58,16.5,18515956.72
KOR,CHE,2018,21,72710557.43,51945177.63,20765379.8,20207553.62,4035811.84,5622777.55,2268952.65,50062196.32,390.9,12956618.11
KOR,CHE,2019,19,75066519.54,45593273.08,29473246.46,38614429.93,3178401.99,4205985.21,9019838.69,146491903.95,327.3,23046057.2
KOR,CHE,2020,19,532894207.5,224364288.15,308529919.34,484907483.64,28158067.38,28695632.02,26988707.3,1781524134.07,3370.5,75472261.88
KOR,CHE,2021,17,86835377.42,60719086.1,26116291.32,13607483.16,2294317.26,3068807.92,4810732.1,52548310.69,658.0,15786345.05
KOR,CHL,2016,34,178291408.05,27777734.93,150513673.12,36612824.58,8180135.43,9339156.68,2370086.52,166301257.6,1067.9,5615540.36
KOR,CHL,2017,48,16829587.37,7087055.03,9742532.34,-1142072.88,0.0,0.0,2840788.64,-3851446.88,216.2,7479082.91
KOR,CHL,2018,49,8762702.68,4449614.76,4313087.91,778802.88,176947.41,220605.46,4627685.4,4438648.71,173.0,15013663.69
KOR,CHL,2019,46,2160524331.83,2117313845.19,43210486.64,-324078649.77,0.0,0.0,7309722.88,-775938700.89,1040.1,25269134.88
KOR,CHL,2020,34,20996093.7,9289528.11,11706565.59,2276983.57,572726.17,591724.45,1974413.78,12471713.68,192.2,4576422.19
KOR,CHL,2021,43,13056521.71,4269659.36,8786862.35,4068034.67,682975.54,765977.25,598254.65,9664717.66,145.4,5424464.33
KOR,CHN,2016,38,6359697.46,2250212.2,4109485.27,1539193.18,206336.3,220965.42,10605201.76,6428386.51,77.4,20785685.78
KOR,CHN,2017,46,156333132.69,62646627.27,93686505.42,14086196.14,2568435.57,3201040.52,1589600.79,75415888.08,1677.9,3268678.76
KOR,CHN,2018,22,19635936.38,6930236.9,12705699.49,1111406.51,439775.72,560072.36,1815205.98,6535649.27,394.0,8394182.18
KOR,CHN,2019,40,19048088.78,4521731.99,14526356.79,1401582.31,196177.57,210429.61,1012894.26,3602229.92,571.2,6295201.79
KOR,CHN,2020,37,9632426.85,3115718.17,6516708.68,1388081.32,253035.69,309511.09,2273753.43,7896000.1,84.5,6286731.88
KOR,CHN,2021,49,180256725.46,91001999.61,89254725.85,45170639.08,5720153.74,7904424.66,660915.35,154793166.36,1470.7,5020372.18
KOR,CYM,2016,28,33820594.13,20306058.45,13514535.68,6010671.68,106432.88,143192.66,8112136.99,25127130.23,299.0,41573492.47
KOR,CYM,2017,25,43120087.01,33402117.11,9717969.9,4553296.68,635694.22,869209.47,1672480.16,17729478.52,327.8,3125600.23
KOR,CYM,2018,21,1330837817.39,921561602.86,409276214.53,489375307.37,74479280.05,79835723.27,39405595.42,2511821519.02,2242.9,83426540.86
KOR,CYM,2019,26,180164108.45,113315939.14,66848169.31,1747479.35,248551.09,248674.64,2621079.5,7462617.87,749.0,4379711.19
KOR,CYM,2020,28,4177994.28,2282329.46,1895664.83,1325858.74,58432.74,67867.88,408549.43,4392571.35,52.2,723041.0
KOR,CYM,2021,20,19193745.79,8411912.24,10781833.54,8103835.35,636741.75,673257.86,390899.09,22741359.51,228.8,926257.52
KOR,CYP,2016,19,412246569.43,352058552.34,60188017.09,-2487403.6,0.0,0.0,1945086.03,-10891386.77,531.1,4157072.97
KOR,CYP,2017,33,7859375.36,2618228.37,5241146.99,2539172.37,331448.0,337500.9,419536.28,12493199.33,107.3,2331384.4
KOR,CYP,2018,25,72803652.74,36244682.84,36558969.89,-3640182.64,0.0,0.0,52169313.03,-12357186.06,567.4,91580747.48
KOR,CYP,2019,29,23036388.21,8313270.97,14723117.24,2883818.04,450944.18,520013.55,819297.69,10957552.87,526.0,3184347.99
KOR,CYP,2020,20,222964190.27,128322199.52,94641990.75,147373707.84,8668845.7,9582946.35,6251333.62,501835807.69,521.5,15764437.89
KOR,CYP,2021,18,23180683.66,7578335.41,15602348.25,-511068.78,0.0,0.0,202780.2,-1554732.99,177.4,1329829.98
KOR,CZE,2016,38,4048125.18,1521925.64,2526199.54,8003.99,1175.18,1321.74,45914926.3,42245.95,70.1,207712839.48
KOR,CZE,2017,31,20934515.24,5246351.24,15688164.0,2166655.44,445254.84,615523.68,65747396.56,6194096.54,419.4,199702454.24
KOR,CZE,2018,39,139007591.92,1390075.92,137617516.01,10000220.03,4322127.52,5003080.3,300196.31,38355871.67,1519.4,2363730.36
KOR,CZE,2019,43,16245055.67,162450.56,16082605.11,-2436758.35,0.0,0.0,7757075.71,-9985737.34,279.7,14785192.15
KOR,CZE,2020,37,188676213.6,42131753.1,146544460.49,-3263698.05,0.0,0.0,24753130.72,-7437871.92,1296.2,43726791.37
KOR,CZE,2021,35,3481802.55,2230143.25,1251659.3,187038.82,62599.39,72596.42,30670155.3,784381.37,72.1,57261193.41
KOR,DEU,2016,43,173511605.61,32604637.5,140906968.1,58282386.57,21582800.49,22720703.83,6418787.2,201244203.81,1945.9,11400423.02
KOR,DEU,2017,35,16693007.36,7603833.07,9089174.28,4102277.33,824031.23,994685.63,79159.41,15136091.39,318.3,332530.23
KOR,DEU,2018,41,4536956.72,2310232.16,2226724.56,778231.98,253313.17,301689.15,366656.03,3309235.55,93.6,858674.69
KOR,DEU,2019,41,7512133.74,3293839.92,4218293.83,459443.23,75486.1,93216.67,790343.96,1017128.37,57.7,6378075.85
KOR,DEU,2020,32,48413174.98,7231950.57,41181224.41,7480652.09,748707.29,1000845.03,10553065.34,31912895.98,525.4,28635343.79
KOR,DEU,2021,38,12913700.67,3628462.22,9285238.45,2582226.77,318952.63,358973.87,2535282.83,6551336.9,271.2,4631980.17
KOR,DNK,2016,40,75369955.83,44722831.02,30647124.81,7429117.63,1776212.72,2413306.82,546916.85,28494818.87,469.8,2880291.27
KOR,DNK,2017,44,39682185.5,12002948.87,27679236.63,6142524.6,1167171.08,1333680.61,238187.37,21233128.35,364.8,1320635.92
KOR,DNK,2018,34,8546876.3,2493022.54,6053853.77,691439.12,194375.23,235257.4,8289018.53,2031752.03,51.1,21391643.01
KOR,DNK,2019,39,17561389.5,513038.14,17048351.36,-2634208.43,0.0,0.0,801796.27,-8067416.95,629.0,3517266.05
KOR,DNK,2020,41,14657883.85,9097336.89,5560546.96,10761628.77,2299864.25,3126886.96,3509199.34,33863965.89,24.0,9968708.38
KOR,DNK,2021,36,7302074.1,3685770.32,3616303.79,2442581.64,125277.44,145770.05,6087191.37,14397990.43,64.7,15429145.51
KOR,ESP,2016,42,15573697.15,6412871.72,9160825.43,3072291.63,930932.25,1031546.38,9274425.73,8509671.09,199.2,47859660.27
KOR,ESP,2017,47,890278813.88,859334561.07,30944252.81,298296120.89,40781314.39,48639874.67,164325.75,1168829041.76,402.5,329012.1
KOR,ESP,2018,36,18362835.95,3491238.15,14871597.79,840663.03,0.0,0.0,2806595.52,4791185.81,215.8,7505170.98
KOR,ESP,2019,34,112510342.03,30406882.12,82103459.92,-13008292.09,0.0,0.0,1864173.75,-45151415.18,360.4,3505930.83
KOR,ESP,2020,38,5651939.5,3263088.92,2388850.58,1846107.18,756415.79,967737.9,228419.23,7311996.66,22.9,1017858.42
KOR,ESP,2021,37,111565003.06,75489297.66,36075705.4,15087043.07,4502409.18,4509465.54,5335188.93,76902980.89,376.5,28752574.5
KOR,FIN,2016,34,67210207.51,30314012.83,36896194.69,-4416137.57,0.0,0.0,1853426.53,-23868688.23,337.5,5469835.92
KOR,FIN,2017,46,66282291.51,24979795.71,41302495.8,-9942343.73,0.0,0.0,7583267.82,-58533187.17,700.1,13265563.03
KOR,FIN,2018,32,20590725.81,3843765.19,16746960.62,4035557.28,1082970.1,1444961.88,3470763.68,14278038.53,179.7,10125736.55
KOR,FIN,2019,39,430096765.27,215645394.35,214451370.92,52449184.79,10239782.7,11229345.85,1505253.05,154006985.56,10436.9,6797082.34
KOR,FIN,2020,44,387042947.78,199620977.45,187421970.33,28511796.55,0.0,0.0,1146591.24,88553305.89,2512.7,6192052.92
KOR,FIN,2021,43,7618485.57,1046040.0,6572445.57,1922879.92,573792.33,593233.46,2792878.43,10539676.43,174.7,7350041.5
KOR,FRA,2016,45,77531005.15,35156937.79,42374067.35,-1369964.58,0.0,0.0,1072809.66,-5273482.9,1267.4,6450094.97
KOR,FRA,2017,30,566272514.02,20837628.36,545434885.66,190833319.63,9192120.96,12669442.85,1940555.99,554107542.77,13527.1,10190860.85
KOR,FRA,2018,33,45108242.8,14218959.4,30889283.4,2324383.31,407888.95,475591.77,651280.19,7487646.35,459.4,6315707.39
KOR,FRA,2019,50,2634475.02,384289.87,2250185.15,625376.91,164314.13,193494.77,3704654.04,2365475.42,65.1,10613284.02
KOR,FRA,2020,42,14692048.93,5366072.84,9325976.09,2604169.82,707904.94,930768.04,3074647.1,11672096.11,157.5,10959380.01
KOR,FRA,2021,53,180354676.84,58071158.36,122283518.48,51714113.87,13763683.76,15128655.56,2175520.44,252039731.29,1176.0,10742374.48
KOR,GBR,2016,49,6800438.92,1032258.69,5768180.23,1424563.27,116065.65,119568.59,4976792.94,6650926.56,324.0,12002984.08
KOR,GBR,2017,44,46259949.23,13486814.25,32773134.99,4496109.62,1484301.37,1711114.9,1094069.56,15016619.11,943.6,4187652.18
KOR,GBR,2018,41,20407344.77,9742130.95,10665213.82,1617386.29,267001.9,322523.14,450375.14,6418927.38,131.6,997662.29
KOR,GBR,2019,47,139307028.9,70102504.97,69204523.93,14055192.1,2943421.58,4034649.58,18949530.46,43784702.83,889.5,33180280.93
KOR,GBR,2020,43,166828166.09,72684894.4,94143271.69,43753831.13,5018645.29,5251219.55,29621795.66,239463574.87,1111.8,110420623.11
KOR,GBR,2021,48,448718213.0,50311203.88,398407009.12,36143672.06,4753056.79,6633192.0,18961874.28,142213070.04,2147.4,55455674.79
KOR,GGY,2016,24,18948421.67,7864012.84,11084408.83,5491459.77,877784.63,1065181.34,8941917.39,27000946.7,282.9,15856348.23
KOR,GGY,2017,32,51512247.93,24896250.17,26615997.76,-1276565.48,0.0,0.0,6388670.65,-3546913.35,481.9,38261260.7
KOR,GGY,2018,33,4120681.04,1466858.64,2653822.41,668154.04,107855.97,133301.66,6734579.3,2296882.96,99.0,14536422.67
KOR,GGY,2019,23,43779831.6,17856025.7,25923805.9,29615726.46,4599613.17,5425455.83,245283.84,81842064.78,620.1,1299612.92
KOR,GGY,2020,27,132444720.77,48832931.21,83611789.56,20543877.69,4110954.85,5306048.81,17242135.19,115781650.55,716.6,44382905.66
KOR,GGY,2021,29,145576326.74,69514319.13,76062007.61,82893136.22,3855006.79,5370695.42,1998207.6,260405353.73,1152.7,6495509.09
KOR,GRC,2016,37,25703847.14,2704862.43,22998984.7,7612634.98,1420797.73,1491388.95,8808381.5,20655439.59,555.8,31638090.45
KOR,GRC,2017,43,104703657.57,47574709.92,57128947.65,164229.09,39410.96,47900.75,61520374.72,656911.09,777.7,124935147.25
KOR,GRC,2018,47,66759474.37,9838398.83,56921075.53,21490849.65,0.0,0.0,16879327.03,82243047.99,719.4,34089249.61
KOR,GRC,2019,31,7376487.08,73764.87,7302722.21,-1106473.06,0.0,0.0,941013.25,-2864826.62,100.1,1738385.72
KOR,GRC,2020,37,69302320.52,36720872.71,32581447.81,15401449.16,4161556.1,4920571.34,59084654.65,34783842.82,556.8,121456753.86
KOR,GRC,2021,46,141827357.71,10023178.78,131804178.94,-21274103.66,0.0,0.0,254425.83,-45284551.58,2582.3,2272693.07
KOR,HKG,2016,28,89079577.73,74966603.2,14112974.53,43304840.94,2117415.76,2579864.95,7083147.59,151049463.56,245.9,15945429.26
KOR,HKG,2017,27,12294390.78,7291410.77,5002980.01,2488450.82,125629.97,147330.45,520538.48,6197724.57,143.0,1338255.96
KOR,HKG,2018,28,29536516.6,20557538.14,8978978.46,9577311.29,1722471.17,2189658.51,1981765.87,34408429.88,99.5,3386514.58
KOR,HKG,2019,22,266279877.82,133259353.72,133020524.1,162208947.28,17705039.97,18069208.49,19264442.26,883571166.62,874.6,49496266.6
KOR,HKG,2020,19,31698051.13,18008709.62,13689341.5,6077515.83,944231.88,991827.38,2081719.91,23089566.69,635.9,5546439.75
KOR,HKG,2021,22,22389589.5,15299694.21,7089895.29,7974679.69,1407807.41,1920321.47,201665.21,24575425.95,205.8,983288.46
KOR,IMN,2016,27,365223593.69,132399674.55,232823919.14,48625694.09,8143564.45,11350653.93,545623.85,123542703.61,4460.5,3161941.62
KOR,IMN,2017,18,161715097.84,128079203.82,33635894.02,-7628776.75,0.0,0.0,9723471.75,-18428857.83,1361.6,19496674.57
KOR,IMN,2018,26,218787631.6,106659471.2,112128160.4,69436152.5,5263493.86,5622117.38,10119203.0,249139382.25,682.9,17724237.61
KOR,IMN,2019,21,265854976.88,172631840.74,93223136.14,126891696.23,26058527.92,27132939.84,3187888.65,659039101.0,1065.1,9748452.69
KOR,IMN,2020,40,7297721.81,2837808.8,4459913.01,2356323.69,225555.71,252066.77,3984329.11,14094730.53,177.9,7954886.37
KOR,IMN,2021,21,56429367.94,15027010.67,41402357.27,14683171.35,217471.33,276513.79,92671.96,56932241.84,570.9,522022.84
KOR,IND,2016,42,46999626.74,24370356.26,22629270.48,5575948.59,413701.83,456031.21,17340087.94,24636102.38,207.1,61600612.13
KOR,IND,2017,39,16648497.51,166484.98,16482012.53,2050780.47,804730.82,862321.33,4650588.31,4178918.64,183.3,16702624.65
KOR,IND,2018,31,219455357.55,142090576.1,77364781.44,27388701.72,4240961.98,5828580.48,22796799.91,158681433.13,1100.1,42066979.64
KOR,IND,2019,42,289138379.97,69181234.79,219957145.18,-43370757.0,0.0,0.0,31419623.98,-110358494.14,6351.6,93736670.68
KOR,IND,2020,34,40828859.49,21793693.18,19035166.3,5606285.46,1228656.65,1369247.92,31807117.95,25192230.11,353.7,107983398.66
KOR,IND,2021,41,14616124.94,3760013.37,10856111.56,1352898.89,351178.95,418874.13,7227496.2,6366708.3,172.5,20877820.31
KOR,IRL,2016,24,36911505.5,22857328.61,14054176.89,2795568.24,37599.05,46280.64,1632416.33,14025861.11,698.0,6418251.78
KOR,IRL,2017,18,8242673.52,2547409.88,5695263.64,-1236401.03,0.0,0.0,588698.82,-3939155.67,176.7,3239428.78
KOR,IRL,2018,16,265408944.45,179649778.54,85759165.92,40369764.91,9300023.19,11643622.93,1260773.11,106888696.81,1590.6,7854892.49
KOR,IRL,2019,24,75729180.48,35552534.25,40176646.23,20465904.56,441666.04,448954.27,15961454.89,79166089.16,625.3,52777446.85
KOR,IRL,2020,23,78683762.36,67171990.25,11511772.11,24019381.32,1658297.32,2234446.71,917664.26,121873644.41,77.8,1742964.87
KOR,IRL,2021,25,586998120.49,426893442.34,160104678.16,7770280.54,1277434.78,1529154.32,7421879.96,18385749.85,1097.2,18186308.08
KOR,ITA,2016,47,29054499.12,12537766.95,16516732.17,1152647.93,276708.45,382961.39,68795083.38,5920185.77,322.6,253927418.0
KOR,ITA,2017,42,49121807.06,4147309.47,44974497.58,16880291.81,5855326.3,6233092.37,273042.06,91230770.87,265.4,1034684.52
KOR,ITA,2018,34,5038606.05,2083480.53,2955125.52,817531.95,265967.7,324057.45,16488446.21,3301128.9,97.1,28318045.66
KOR,ITA,2019,40,4972778.99,1248964.28,3723814.71,2299124.55,760018.4,1030407.05,2502468.5,12950683.27,53.4,4582149.33
KOR,ITA,2020,37,37724057.37,818363.48,36905693.88,9327759.36,1408327.58,1698096.04,11110704.83,49053216.92,578.1,21866792.24
KOR,ITA,2021,49,37350703.59,643768.08,36706935.51,312345.23,109411.84,142246.7,53394096.33,1419408.76,317.0,125853162.6
KOR,JEY,2016,22,276455425.03,169437852.81,107017572.22,86944211.05,7766451.82,10265678.03,471102.92,341243081.81,717.7,2627745.12
KOR,JEY,2017,25,946027801.9,751383854.66,194643947.24,358057479.2,24048467.54,32355390.31,4455608.81,1330161458.37,2468.6,14250086.36
KOR,JEY,2018,21,512095176.78,347088234.84,165006941.95,328524102.8,0.0,0.0,21332848.53,1651529933.64,5208.9,51102978.68
KOR,JEY,2019,30,32741402.97,22789871.16,9951531.81,12089377.81,549686.87,622377.8,1255638.34,69798045.1,214.9,3904820.78
KOR,JEY,2020,26,18992897.06,13729851.06,5263046.0,6720865.99,1000952.52,1211272.26,3425066.53,15980955.19,118.3,14985159.58
KOR,JEY,2021,29,98537699.5,54182558.5,44355141.0,23305208.7,3846010.33,3997760.79,2218081.86,83810028.08,2058.6,4008960.87
KOR,JPN,2016,40,97888661.42,24056835.31,73831826.11,548847.45,144381.98,164791.78,4391466.2,2955616.54,1093.4,12730632.85
KOR,JPN,2017,33,297667539.62,291591531.13,6076008.49,-44650130.94,0.0,0.0,457699.98,-129861001.22,104.6,1831076.37
KOR,JPN,2018,30,7285555.3,2687674.43,4597880.87,1454214.89,148607.41,203967.92,1503420.59,7370480.92,131.0,3557791.2
KOR,JPN,2019,29,43489025.21,24220058.25,19268966.96,3677395.44,295966.18,343044.38,9825021.61,20037691.67,141.0,23402638.09
KOR,JPN,2020,49,4090515.09,1794379.25,2296135.83,432476.52,83094.96,86660.57,33379852.29,2377896.39,41.4,56304614.77
KOR,JPN,2021,34,197863008.61,45309292.65,152553715.96,-3278840.14,0.0,0.0,13132736.5,-12162988.49,2219.0,41849933.12
KOR,LIE,2016,21,2961468041.34,2902238680.51,59229360.83,-444220206.2,0.0,0.0,2554164.7,-1730601609.84,964.4,8923889.6
KOR,LIE,2017,32,52491961.09,41483641.74,11008319.35,6649433.74,1354217.03,1647075.98,423365.56,20361719.11,101.1,4030922.58
KOR,LIE,2018,20,103783606.78,63984258.71,39799348.07,21831672.15,4665193.21,5404176.09,4813944.97,117350266.26,697.9,35008172.46
KOR,LIE,2019,22,46987946.66,25129631.77,21858314.9,1719782.9,175175.98,177667.15,15991578.2,7501559.11,521.7,31621526.81
KOR,LIE,2020,20,9805901.57,7361500.34,2444401.23,1698596.83,172919.95,200582.54,4083261.61,6599813.19,64.5,7995271.39
KOR,LIE,2021,26,46640554.62,27513682.58,19126872.03,14318846.82,2738143.92,3031752.06,1228181.74,59791400.93,312.0,2867156.55
KOR,LUX,2016,17,87687378.84,68385199.72,19302179.12,6292346.82,633591.93,810706.11,7700140.07,21952078.61,713.3,15427568.93
KOR,LUX,2017,26,280701864.56,217203041.8,63498822.77,87591740.67,9035317.67,12077492.21,7108181.37,261069435.08,714.5,15394279.59
KOR,LUX,2018,24,85391023.52,64902798.74,20488224.78,44925412.91,4641163.29,6395010.91,5887675.44,220332876.59,105.1,10155612.04
KOR,LUX,2019,22,453055605.0,380057039.94,72998565.06,293167245.57,0.0,0.0,18476532.8,1196645070.6,372.6,33035200.05
KOR,LUX,2020,20,6237205538.09,6112461427.32,124744110.76,-935580830.71,0.0,0.0,18962677.77,-4270384161.15,2494.7,48769813.9
KOR,LUX,2021,24,224813093.89,131777226.26,93035867.63,113345065.11,16978466.55,17766688.81,1465561.71,661530596.42,162.8,6506947.99
KOR,MAC,2016,21,6209463.34,3612181.36,2597281.98,-608533.51,0.0,0.0,1677353.17,-2570093.66,49.7,6067333.65
KOR,MAC,2017,28,49845552.59,42725681.23,7119871.36,7682073.49,313636.81,318050.39,600161.37,28500923.27,184.8,4216249.19
KOR,MAC,2018,18,248987242.8,109349528.19,139637714.6,29181032.15,3377747.25,3407863.59,1267080.24,163990920.68,292.5,4333722.34
KOR,MAC,2019,17,243859410.99,177783503.19,66075907.8,87198298.32,25971416.04,33239004.89,4072379.31,224387637.19,855.4,11321366.83
KOR,MAC,2020,31,372786235.1,292349368.66,80436866.44,175571378.14,32604733.19,45590712.86,427955.12,752815932.45,1937.1,757079.02
KOR,MAC,2021,25,139724198.4,95702981.57,44021216.83,77363864.1,375626.7,476711.27,707704.54,372176976.56,556.2,1402567.76
KOR,MCO,2016,36,977944781.67,576971174.86,400973606.8,516258599.86,89052164.16,113786183.19,8126563.28,1308305771.91,8275.9,40749119.66
KOR,MCO,2017,17,257225663.27,187529063.79,69696599.48,213337894.52,47901037.17,48518791.33,4607805.9,964332107.29,1790.4,21329090.29
KOR,MCO,2018,22,57162230.06,49026298.05,8135932.01,14137913.25,446426.65,581429.07,19266882.4,63022323.13,86.1,48204770.8
KOR,MCO,2019,31,36495393.1,27236202.63,9259190.47,15690571.57,3103755.47,3656940.42,6331234.49,61646004.98,260.2,11300901.0
KOR,MCO,2020,24,44148898.93,17160944.31,26987954.62,15361434.38,618149.28,806306.32,17298502.22,57378380.31,577.1,50065012.14
KOR,MCO,2021,27,47264858.48,38550290.77,8714567.71,4071629.16,0.0,0.0,648069.56,10143961.7,561.8,4021409.04
KOR,MEX,2016,48,49564665.9,23596045.09,25968620.82,8363372.7,1654690.7,1867368.15,2718205.43,23485837.23,635.6,6863857.64
KOR,MEX,2017,41,36709275.8,12007140.78,24702135.02,6555521.2,2193375.72,2240514.68,2260224.65,19045151.68,165.7,6496287.81
KOR,MEX,2018,32,12663547.25,3785649.53,8877897.72,2721379.69,345667.82,397076.84,20033532.19,15312720.91,148.7,38393854.92
KOR,MEX,2019,41,6796657.79,996142.21,5800515.58,-1019498.67,0.0,0.0,2420485.16,-4736400.21,146.2,6978672.34
KOR,MEX,2020,46,144167309.69,112210023.9,31957285.79,40744699.51,13121597.48,16112741.88,11461298.32,200132253.81,177.9,26574997.92
KOR,MEX,2021,38,56854862.44,25447747.59,31407114.85,17406107.38,4117997.58,5318308.87,1789094.29,49983749.3,1143.3,3929833.54
KOR,MLT,2016,27,114928144.12,57483037.28,57445106.85,21531894.06,2751419.36,3471021.87,4229513.02,97232612.88,1800.8,19096101.69
KOR,MLT,2017,28,55564025.06,34943278.98,20620746.08,20967031.94,650715.8,797001.98,666600.65,78181243.59,465.4,4782226.96
KOR,MLT,2018,31,51214845.75,35900288.13,15314557.63,41500435.17,392156.71,465797.97,1795912.63,196240433.62,268.6,3284064.14
KOR,MLT,2019,29,378269019.87,266685138.83,111583881.03,-18913450.99,0.0,0.0,1093474.91,-104336992.88,1821.4,10518945.28
KOR,MLT,2020,38,3766525.21,2634092.3,1132432.9,1149111.34,118778.15,132025.78,778254.26,2333943.72,36.7,2571816.42
KOR,MLT,2021,27,466584863.37,380946761.6,85638101.77,96806319.37,0.0,0.0,1280852.9,452217863.53,3231.8,3045944.07
KOR,NLD,2016,29,46608976.39,32375162.04,14233814.35,23132208.97,2081433.86,2334735.83,11426039.46,94829041.07,124.6,22081481.42
KOR,NLD,2017,28,308919216.76,245990504.85,62928711.91,113964128.84,10329080.53,10649354.23,852580.25,576061767.88,447.8,2428639.42
KOR,NLD,2018,29,142513160.98,132449135.22,10064025.76,32144945.33,2811944.26,3659258.81,1230976.75,65708133.42,200.1,5214687.22
KOR,NLD,2019,21,432742409.03,202330425.5,230411983.53,151540685.57,18388888.55,25553326.05,478073.09,632612017.57,2555.4,3877906.24
KOR,NLD,2020,27,635821020.24,442884988.21,192936032.03,215949865.49,42435196.19,56737292.73,5713421.56,1170104039.17,3145.3,12007200.56
KOR,NLD,2021,37,23849013.12,16821273.35,7027739.77,-1192450.66,0.0,0.0,132354294.23,-2940526.43,73.8,271868496.66
KOR,NOR,2016,47,179623545.17,1796235.45,177827309.72,36589643.84,16465339.73,17529483.85,1531850.72,171479610.52,1325.5,4508926.57
KOR,NOR,2017,37,79931050.34,37952230.01,41978820.33,10807000.37,2517022.32,3202827.56,1015635.84,24653571.57,491.4,2629404.17
KOR,NOR,2018,39,25746743.8,16763925.38,8982818.43,2359003.08,308814.44,376492.53,5721046.68,11919028.42,357.2,10922307.78
KOR,NOR,2019,38,4885534.97,1437848.1,3447686.86,589863.37,127209.16,148411.79,1379518.35,3018100.92,150.6,4674212.61
KOR,NOR,2020,46,1315814684.21,1264512565.1,51302119.11,679885271.1,214905957.29,236410174.53,2192750.15,1703147380.71,899.9,5627126.87
KOR,NOR,2021,31,188419660.94,83343545.43,105076115.51,41656374.53,12269980.7,15056726.99,15262295.6,139514249.92,2155.9,30596152.63
KOR,NZL,2016,36,183255601.04,87834165.84,95421435.2,-4453863.93,0.0,0.0,994896.05,-21670956.95,2351.5,4270556.29
KOR,NZL,2017,39,75299901.55,39817594.63,35482306.91,9941738.35,1107462.76,1335098.34,1719840.37,56620160.05,904.0,6063675.53
KOR,NZL,2018,40,527542535.78,516991685.06,10550850.72,253270325.31,113971646.39,120149887.55,17751277.1,767265753.9,142.9,40458994.97
KOR,NZL,2019,43,93133636.4,24233541.01,68900095.4,14956962.09,4039156.02,5610821.18,5858711.56,54799456.98,1272.4,18073814.22
KOR,NZL,2020,27,424686686.25,125426877.18,299259809.08,46225006.72,20514301.38,25102816.37,25498190.75,118184605.85,3726.8,83331291.76
KOR,NZL,2021,37,205448928.94,42834669.53,162614259.41,108275859.67,25559007.32,31011245.37,8960687.22,251348945.71,900.2,17851714.66
KOR,PAN,2016,27,2323009.14,705439.71,1617569.43,1027923.57,162291.29,195344.74,17217817.41,5226671.24,16.6,29149499.78
KOR,PAN,2017,17,1770425518.68,1432769773.67,337655745.01,1071223804.35,271447144.96,291392636.61,5536384.75,3551010300.26,3847.2,10570888.23
KOR,PAN,2018,28,32820162.86,10259045.83,22561117.03,19421219.99,814778.94,918187.99,166053.31,101603319.38,199.5,351296.65
KOR,PAN,2019,28,3212495.02,513941.61,2698553.41,1236224.36,77788.14,86723.9,147595.93,3520791.0,34.7,493748.97
KOR,PAN,2020,30,28401735.34,10529477.96,17872257.37,4131198.24,0.0,0.0,10581311.5,21503787.34,365.7,34079366.51
KOR,PAN,2021,26,43229373.84,29714229.69,13515144.15,6094954.84,1222504.64,1681577.93,957651.62,28274188.97,347.1,3464693.55
KOR,POL,2016,37,9251586.01,1439090.41,7812495.59,-156524.89,0.0,0.0,588311.97,-905916.23,162.2,1302947.56
KOR,POL,2017,39,652821207.81,321307281.35,331513926.46,171713412.05,22579890.07,26290775.72,17168152.61,556251664.27,1591.1,35905808.29
KOR,POL,2018,36,43573719.44,18307294.82,25266424.62,2917753.92,512735.25,672688.19,1825775.62,8415646.74,545.2,9108382.52
KOR,POL,2019,41,30276949.51,9193468.8,21083480.71,12400585.29,5580263.38,6131389.65,10447809.98,50826239.45,740.6,20990361.92
KOR,POL,2020,43,86586208.11,17671382.37,68914825.74,16278856.17,3586234.43,4649943.91,8181568.32,45347523.83,1747.7,14859679.84
KOR,POL,2021,40,24346334.95,16627059.55,7719275.4,4563566.92,1042415.4,1188248.12,1827829.3,9161086.36,176.5,4004104.82
KOR,PRT,2016,40,41146366.12,13130136.48,28016229.63,5252099.13,787476.78,1000072.99,1774537.9,18552507.9,451.9,10658455.66
KOR,PRT,2017,39,172367893.91,124620871.62,47747022.29,40972059.37,10338164.18,10597444.1,4347393.49,176941692.27,649.0,9249280.0
KOR,PRT,2018,41,70118740.66,29220605.45,40898135.21,16066842.04,3439583.8,3509028.09,5708301.02,38204071.88,1251.7,21133466.78
KOR,PRT,2019,42,44574873.88,8328423.07,36246450.82,1049537.76,74696.39,98893.5,10132663.04,2855366.98,586.8,46403104.85
KOR,PRT,2020,44,602496440.19,485561217.35,116935222.84,572371618.18,0.0,0.0,547789.77,2215208391.89,2336.4,2020750.24
KOR,PRT,2021,39,47450729.45,6964876.16,40485853.3,14225214.52,3457490.88,4593242.76,633741.91,30600435.93,1024.5,1441726.17
KOR,SGP,2016,27,113746857.38,83041813.84,30705043.54,32563217.79,4601671.47,6332477.88,5421336.0,146656270.61,237.1,23167688.9
KOR,SGP,2017,23,26470010.31,14577021.54,11892988.77,6315177.94,359272.58,481877.11,21505369.84,20014496.18,108.4,112729009.29
KOR,SGP,2018,25,1843251854.28,1729966585.82,113285268.46,-92162592.71,0.0,0.0,2754342.87,-464817998.1,1543.8,6292863.47
KOR,SGP,2019,16,15063404.77,7379338.44,7684066.33,4550314.53,659312.14,787360.28,6000254.79,24067144.06,176.5,40009296.4
KOR,SGP,2020,28,382150.37,3821.5,378328.86,24379.64,7344.24,8467.24,6812658.33,97287.1,4.7,16403613.12
KOR,SGP,2021,21,31936886.41,19145273.25,12791613.16,6053067.78,896091.68,1055451.12,1347683.66,20200465.98,199.9,2754819.09
KOR,SWE,2016,43,12761022.55,4828053.9,7932968.65,1685789.05,426302.73,477730.22,12274978.53,5951971.93,183.2,32071171.86
KOR,SWE,2017,32,8720557.43,5308273.0,3412284.43,-889543.89,0.0,0.0,5510439.63,-4008987.68,46.1,12216448.15
KOR,SWE,2018,28,93962062.41,75751937.63,18210124.78,24341870.4,3391168.4,3424626.14,27488466.66,100304157.99,323.2,143753632.27
KOR,SWE,2019,47,196797880.04,70277281.72,126520598.32,44314429.25,5172058.03,6994385.45,1514465.9,213443153.78,3488.4,2769788.25
KOR,SWE,2020,36,38137874.45,20314888.61,17822985.84,7810604.56,279369.17,385530.56,893227.89,18947491.36,202.2,2974933.03
KOR,SWE,2021,46,8168877.56,1269405.81,6899471.74,238203.43,40357.28,48784.4,2384163.37,1184303.65,69.3,4456401.9
KOR,TUR,2016,32,3955538.14,39555.38,3915982.76,-88771.92,0.0,0.0,2716365.11,-303298.14,206.7,8561413.25
KOR,TUR,2017,30,28178712.58,4880428.17,23298284.41,13577902.55,1191117.16,1397566.54,1114484.55,60563346.64,853.5,2244018.01
KOR,TUR,2018,49,61982566.52,9574368.15,52408198.37,-3591011.02,0.0,0.0,2708228.63,-12507696.42,529.7,6859476.18
KOR,TUR,2019,42,12583656.4,2550503.51,10033152.9,-776815.59,0.0,0.0,202550.42,-3730892.36,102.8,1044303.56
KOR,TUR,2020,50,208469161.5,157692804.42,50776357.07,50180002.75,13334222.79,14862179.71,190066.96,145635526.38,603.7,719861.0
KOR,TUR,2021,38,48207424.79,13674988.92,34532435.87,5183750.02,1021869.77,1327630.63,775613.11,18368530.76,555.8,6362487.16
KOR,USA,2016,35,304613073.91,128347870.64,176265203.27,26139178.93,1736228.81,2382478.58,2381258.06,116587942.78,3423.0,9873741.66
KOR,USA,2017,45,79369296.48,39214328.15,40154968.33,39463629.03,17019526.59,23442313.24,177606.38,182200687.94,377.3,706431.03
KOR,USA,2018,37,32645991.36,14539516.84,18106474.52,1053138.99,293026.47,336565.73,2127174.3,4847705.88,256.7,8700014.33
KOR,USA,2019,38,667892770.5,223574171.25,444318599.25,-100183915.58,0.0,0.0,1436606.08,-590702743.36,9781.3,2753180.2
KOR,USA,2020,44,53804771.76,24066698.06,29738073.69,13389366.11,3074270.95,4003745.4,1618903.76,54438729.89,380.3,2703851.75
KOR,USA,2021,33,2139064.58,1135392.16,1003672.42,417824.38,95983.31,130314.6,4179258.64,1015840.54,21.9,16913742.64
KOR,VGB,2016,18,36807221.25,13766745.48,23040475.77,17165827.68,0.0,0.0,1151815.87,69900512.02,381.0,5628880.81
KOR,VGB,2017,21,1011998.86,504101.87,507896.98,186891.02,24419.81,29140.75,3608994.89,1060568.0,14.0,7733702.28
KOR,VGB,2018,27,37131395.86,25437463.93,11693931.93,-1856569.79,0.0,0.0,778527.5,-6733138.84,218.0,2803271.49
KOR,VGB,2019,23,1002616058.18,563006983.37,439609074.81,230376515.79,12502016.59,12541179.87,76750.04,1114852535.13,1062.7,577793.51
KOR,VGB,2020,30,7959822.77,982743.67,6977079.11,2434645.06,0.0,0.0,3591731.94,5988022.7,157.7,6002100.87
KOR,VGB,2021,19,13862645.59,8608967.9,5253677.69,6334460.76,604895.17,644340.81,1814023.22,13011126.53,235.4,3629669.36
KOR,ZAF,2016,38,47418864.7,13466180.53,33952684.17,2748390.01,624077.91,679159.67,1164097.42,8479746.84,259.2,5681641.41
KOR,ZAF,2017,46,23361295.65,6671307.48,16689988.16,1319647.16,318700.4,424439.74,872743.01,3821926.19,166.5,8535556.38
KOR,ZAF,2018,41,100416025.56,44330740.96,56085284.6,-5493576.82,0.0,0.0,1200691.56,-19877375.24,924.3,3624188.0
KOR,ZAF,2019,49,50177063.65,30231264.41,19945799.24,13774942.24,195239.49,234797.72,11884929.62,70277552.74,130.9,19845117.6
KOR,ZAF,2020,37,19348642.33,2563382.17,16785260.15,8618043.26,0.0,0.0,1363679.61,33023934.98,284.1,8653100.62
KOR,ZAF,2021,37,21073280.94,3889469.26,17183811.68,3109734.24,236596.26,238632.28,3939416.28,15791143.87,471.7,12744922.3
BEL,AUS,2016,42,64233281.86,4754924.12,59478357.74,17985233.36,0.0,0.0,9358187.0,98235411.36,1439.4,17849352.87
BEL,AUS,2017,40,80156425.11,31689147.64,48467277.47,-3970645.54,0.0,0.0,4836165.51,-8967776.58,528.6,19762387.38
BEL,AUS,2018,44,148357931.08,86291149.45,62066781.63,22488053.36,5748197.19,6944865.42,8884110.2,47252080.75,587.7,16325297.24
BEL,AUS,2019,36,15521008.58,8121414.55,7399594.03,1475589.31,452183.9,617346.14,49684101.7,4905155.56,322.9,93724153.17
BEL,AUS,2020,40,29717650.03,12439500.68,17278149.35,3845396.18,822669.65,988129.49,5417436.53,15955911.27,225.7,23372731.01
BEL,AUS,2021,53,44748578.34,14635595.79,30112982.55,2617570.58,493203.54,657551.45,666368.92,8192995.73,510.7,1876515.73
BEL,AUT,2016,42,95081884.21,18143677.81,76938206.4,13019972.37,3236201.52,3327067.35,497652.44,42057556.09,726.0,2806840.72
BEL,AUT,2017,30,5038271.64,1495265.42,3543006.22,1241217.57,303001.01,399975.81,82087669.62,3660219.53,72.6,231416573.98
BEL,AUT,2018,37,99033470.36,14570560.52,84462909.83,6472123.18,173001.67,241076.29,1646234.94,22825980.83,1219.3,2926108.53
BEL,AUT,2019,35,173358581.04,90048767.85,83309813.19,14636841.0,3616478.98,4219503.48,27410432.59,52290177.65,4375.5,45740022.86
BEL,AUT,2020,41,5014631.84,822692.58,4191939.27,333471.28,74727.94,80826.75,702687.58,1805209.47,36.0,2632734.68
BEL,AUT,2021,30,8727624.84,2643697.6,6083927.24,-1309143.73,0.0,0.0,78490.76,-3238787.82,210.2,480601.56
BEL,BHS,2016,28,261846434.35,222924507.12,38921927.23,47217326.27,147095.97,192645.24,436678.94,114877439.32,260.3,3005395.65
BEL,BHS,2017,20,1583472152.47,1304003455.66,279468696.81,698525930.12,109007724.22,110761013.93,13603930.06,2834354212.79,1720.5,30286794.65
BEL,BHS,2018,22,219377232.23,25975588.66,193401643.57,58909249.56,3945035.72,4824883.1,9240853.52,288214550.61,2485.9,60362483.82
BEL,BHS,2019,24,117511501.74,102732965.64,14778536.1,26073613.92,4584663.26,5660261.65,1089175.37,74063500.5,498.7,8508496.83
BEL,BHS,2020,19,90516877.37,57328180.09,33188697.28,23565434.63,1462340.47,2003260.85,13486194.67,47512728.89,1310.2,50776405.36
BEL,BHS,2021,19,695042367.36,535290822.36,159751545.0,109384270.12,10974001.98,11476299.38,5573068.55,297285633.27,733.3,12235374.82
BEL,BMU,2016,34,74725710.19,51304268.18,23421442.01,32245302.05,274762.22,332034.25,6920246.72,162200439.68,345.8,19470735.25
BEL,BMU,2017,23,3168256343.52,2904184634.68,264071708.84,397812242.58,123233548.28,129810849.66,19624069.19,1274885654.61,4207.5,38519136.95
BEL,BMU,2018,25,451292190.79,280379281.06,170912909.73,-22564609.54,0.0,0.0,26295915.11,-124807146.36,2152.1,52406664.73
BEL,BMU,2019,28,24784421.82,12291863.03,12492558.79,9914574.63,1558008.65,2079906.71,14356584.09,42065296.26,337.3,47854378.79
BEL,BMU,2020,24,5264632.03,3590150.61,1674481.42,2368701.5,194843.1,210119.47,3359972.13,9922043.35,49.1,27233822.13
BEL,BMU,2021,27,21336511.78,9872641.51,11463870.27,7545776.35,892769.64,923458.5,6327696.59,40395207.59,128.9,10988198.35
BEL,BRA,2016,43,36716120.84,30057070.51,6659050.33,2637162.53,694476.87,804336.96,1518926.77,12232665.74,254.3,8464951.91
BEL,BRA,2017,52,79423589.18,30347845.84,49075743.34,17519294.03,0.0,0.0,411237.05,58103689.31,1007.4,1557917.28
BEL,BRA,2018,40,48431313.81,21103372.44,27327941.38,9915835.72,736362.49,963446.75,8288977.23,33016771.29,462.3,28624925.24
BEL,BRA,2019,39,4589477.82,1969898.57,2619579.25,321568.79,59728.53,71276.45,845830.06,1116733.84,39.8,1774492.19
BEL,BRA,2020,43,43919618.29,21850103.26,22069515.03,12898287.64,3097180.45,3528568.77,100271121.23,66065249.98,235.6,212072328.97
BEL,BRA,2021,39,23127914.38,9899997.84,13227916.54,2058256.68,240657.63,277029.84,1220002.44,9781988.37,115.2,3446306.49
BEL,BRB,2016,25,19612834.78,8117339.58,11495495.19,2771469.83,578077.52,628864.96,4562290.05,13212146.16,249.6,13381837.61
BEL,BRB,2017,15,7229810.67,3408730.06,3821080.6,337037.77,55975.56,60593.5,22405925.67,1603263.03,64.0,59470528.94
BEL,BRB,2018,22,26821202.5,9423254.69,17397947.81,14591497.86,628455.69,869980.93,3456665.43,37273855.67,296.3,7312880.38
BEL,BRB,2019,29,78528100.76,55720603.69,22807497.06,26606793.14,6282457.51,8787562.88,5744738.39,131931086.83,114.4,53532009.92
BEL,BRB,2020,23,28866073.95,7021592.91,21844481.04,10734995.0,2461026.59,2815115.4,32548241.38,50148934.11,505.0,107851633.31
BEL,BRB,2021,21,3618520.96,1984239.44,1634281.52,1238617.46,51057.35,56992.79,35473563.1,6323109.51,38.4,62600976.26
BEL,CAN,2016,32,6853463.6,4091975.04,2761488.57,1381234.48,243696.4,251913.96,31580789.58,8042134.82,34.9,249845080.42
BEL,CAN,2017,35,142022718.14,60600334.11,81422384.03,27000035.5,5157088.43,6127436.37,5268552.87,74105591.78,2213.3,15697471.45
BEL,CAN,2018,45,16826433.79,4134461.77,12691972.02,344327.32,94620.15,114764.04,11135293.26,819699.9,368.6,34915407.73
BEL,CAN,2019,41,95416653.68,28580763.36,66835890.32,11016579.67,1476448.93,1529118.38,408306.92,54360505.59,378.9,793906.93
BEL,CAN,2020,42,27867650.73,24180629.47,3687021.26,411695.26,80312.06,101874.72,2091885.56,1510694.37,70.7,4734924.12
BEL,CAN,2021,39,113594902.04,13693035.05,99901866.99,-8277925.52,0.0,0.0,3276837.89,-23565713.22,1640.5,13318806.83
BEL,CHE,2016,23,551860450.37,404242522.14,147617928.23,185100382.45,18129148.52,24169748.57,1558950.42,552345891.13,1573.9,2771479.73
BEL,CHE,2017,31,9632689.78,5499269.31,4133420.47,-481634.49,0.0,0.0,14242618.38,-1268089.75,132.6,59191422.48
BEL,CHE,2018,19,772476554.13,539869840.65,232606713.47,109004423.28,22705108.06,30434092.9,359107.48,409931185.18,1411.7,1058681.49
BEL,CHE,2019,23,133442800.52,38610977.71,94831822.8,79334529.4,0.0,0.0,311300.98,185671079.53,655.0,1189150.32
BEL,CHE,2020,34,105697877.64,87044614.86,18653262.78,14224368.81,2792750.5,3135350.63,5679337.84,81291635.53,230.4,10414050.81
BEL,CHE,2021,22,9366128.95,2226102.27,7140026.68,4489280.17,570577.2,594263.51,599615.7,10304836.03,142.5,2365543.5
BEL,CHL,2016,37,27588773.52,9623612.4,17965161.12,5377507.06,491438.86,598848.36,3206439.58,13465681.89,149.8,5898888.35
BEL,CHL,2017,42,1970501.54,797518.61,1172982.93,155829.25,28015.74,33517.49,109631036.3,585771.25,30.0,262694342.01
BEL,CHL,2018,40,20894798.46,996037.86,19898760.6,785345.03,102255.24,120007.08,241177.81,4144436.07,454.5,1664073.98
BEL,CHL,2019,46,56040473.36,13242772.01,42797701.35,9536970.13,1530342.37,1740047.79,5842731.25,37964392.06,1189.4,19180494.29
BEL,CHL,2020,34,42498755.44,5777901.97,36720853.47,-6374813.32,0.0,0.0,15341437.93,-16471208.16,495.2,29460742.03
BEL,CHL,2021,48,23695809.38,17196228.08,6499581.29,8941531.76,1938831.4,2466870.95,48305347.67,29088770.66,107.7,88560708.34
BEL,CHN,2016,49,7850698.25,1540375.89,6310322.36,899.05,0.0,0.0,5075619.01,2634.48,543.6,35670501.68
BEL,CHN,2017,41,23206441.71,11340980.1,11865461.61,4446223.31,747095.09,973216.27,843844.45,11914529.34,494.2,3033332.9
BEL,CHN,2018,48,9552479.08,2405589.36,7146889.72,-9948.94,0.0,0.0,2217808.21,-55471.85,239.6,6614615.33
BEL,CHN,2019,37,10103673.42,5063004.64,5040668.77,2532595.59,706506.7,757831.51,361833.8,12164251.84,87.0,1779525.75
BEL,CHN,2020,39,25263885.0,3416977.14,21846907.86,1750000.28,175232.22,191615.19,1747845.77,6297444.29,112.0,5038616.01
BEL,CHN,2021,37,7489370.78,3099976.61,4389394.17,776050.43,212572.64,292758.07,2117258.04,2532050.1,70.3,3937882.06
BEL,CYM,2016,25,21073903.98,10299378.32,10774525.66,11794608.31,1347650.55,1623014.9,7419023.69,33015130.03,82.0,15739367.22
BEL,CYM,2017,22,810097.18,286026.79,524070.39,376061.6,0.0,0.0,11372228.45,1367933.51,14.7,21229573.32
BEL,CYM,2018,29,16625581.2,10675708.88,5949872.32,7312188.43,0.0,0.0,1484473.56,33562767.87,252.4,5423060.23
BEL,CYM,2019,22,154383797.16,67931801.56,86451995.6,62639952.94,6923323.57,8573067.75,3738283.04,259826115.11,1085.6,10917118.26
BEL,CYM,2020,25,22314112.69,15121992.74,7192119.95,9697530.59,1804763.93,2294716.39,6501581.24,35696601.69,49.8,28725378.59
BEL,CYM,2021,32,705244203.63,487499212.58,217744991.05,458218855.68,50379408.11,61660850.68,836527.53,1396234441.39,4948.0,2983010.89
BEL,CYP,2016,18,833983572.93,718439521.95,115544050.98,231210964.52,25111287.11,29452117.33,2215306.5,768571252.65,798.0,3900829.09
BEL,CYP,2017,19,38933417.61,17233703.46,21699714.15,8898570.4,939214.69,1122266.59,5195292.75,37461277.99,694.7,10470664.5
BEL,CYP,2018,21,1853428774.21,1102036162.61,751392611.6,167929577.23,48157504.37,53336817.8,475124.3,918121183.07,14732.9,3739719.34
BEL,CYP,2019,22,443874980.18,328471966.02,115403014.16,132291495.44,0.0,0.0,24132053.84,643168766.08,968.6,46592557.41
BEL,CYP,2020,28,665782393.67,555695683.59,110086710.08,308315505.07,6729403.17,6732962.37,10472504.52,1359662657.87,1041.6,21805101.82
BEL,CYP,2021,14,185057318.7,107925301.42,77132017.28,61868934.16,2434868.98,2646157.33,2186693.76,210452429.42,1550.2,5447363.5
BEL,CZE,2016,41,45417166.47,30727035.19,14690131.28,5972480.01,1611287.47,1824130.85,11973383.23,29472226.61,191.4,26573890.14
BEL,CZE,2017,30,11503808984.67,11273732804.98,230076179.69,4561304013.34,712373803.63,991405158.73,2518065.85,18731781400.6,1550.5,7028293.38
BEL,CZE,2018,50,186697521.93,12176239.09,174521282.84,21640109.14,5141630.09,5686403.16,244428.52,92277335.65,1808.5,451258.22
BEL,CZE,2019,39,414092383.54,309270222.03,104822161.52,59122380.37,5784642.95,6628598.85,3680858.26,352396528.48,1635.8,6289888.07
BEL,CZE,2020,42,36182719.76,4709555.68,31473164.09,3885919.95,839053.5,1077449.93,4117712.56,18674806.54,639.9,7546033.36
BEL,CZE,2021,40,17003369.59,6125511.65,10877857.95,1988442.2,116511.08,160570.79,705266.4,4003816.69,283.5,2116564.72
BEL,DEU,2016,32,3269942980.53,852817320.31,2417125660.22,231727972.55,43932881.06,54763964.81,18763598.87,1185648826.58,19667.8,58951602.27
BEL,DEU,2017,40,27758340.55,12305333.01,15453007.54,4975888.3,1006457.59,1348924.02,6491185.59,26689644.29,459.5,11779217.11
BEL,DEU,2018,39,33752501.62,14728941.84,19023559.78,1910348.69,492521.99,597413.21,8204902.77,5324502.34,86.8,20383220.38
BEL,DEU,2019,43,867670247.93,490288861.17,377381386.76,-57080787.85,0.0,0.0,8174403.65,-322370316.13,2683.3,14846515.17
BEL,DEU,2020,33,71760420.87,15756416.59,56004004.28,10991644.03,2107399.08,2737194.61,2024850.74,56439846.75,726.0,4625694.94
BEL,DEU,2021,37,28540376.73,15604066.12,12936310.61,-1972619.82,0.0,0.0,540921.28,-8111668.27,182.1,2573321.17
BEL,DNK,2016,29,29134994.34,5279103.01,23855891.33,5026493.74,366561.04,483865.91,32180528.4,13976575.83,538.6,73531160.07
BEL,DNK,2017,51,84638739.1,72747071.11,11891667.99,28513747.46,116709.3,151772.79,4425650.19,99726458.86,80.9,10199228.43
BEL,DNK,2018,37,2145854.85,613967.31,1531887.54,573410.16,139995.61,186103.31,1587536.82,3149377.65,32.1,4981781.53
BEL,DNK,2019,30,207799820.22,128384176.2,79415644.03,39167738.53,7346108.11,9203962.46,247699.96,232214541.8,503.6,774463.05
BEL,DNK,2020,31,27860624.13,6705673.21,21154950.91,1248313.18,289192.22,353373.82,442681.21,6553391.44,363.2,1714050.21
BEL,DNK,2021,32,1518789240.46,265526551.8,1253262688.66,-151967403.21,0.0,0.0,78060137.57,-501229021.72,17255.1,329516193.01
BEL,ESP,2016,36,65526757.55,14527843.63,50998913.92,5289847.34,857362.77,1049845.08,17181727.86,23671425.12,665.6,97542709.64
BEL,ESP,2017,37,354823764.08,155454179.14,199369584.93,16617586.57,5611233.88,6190437.89,16663549.08,63170177.97,4122.6,34567276.6
BEL,ESP,2018,34,41516243.66,21200908.31,20315335.35,5890110.73,919101.71,933379.83,1616546.18,23825390.6,383.6,15628608.27
BEL,ESP,2019,41,9219205.53,533995.29,8685210.24,885939.45,174710.66,207540.03,11401932.51,2398385.66,94.1,20048768.34
BEL,ESP,2020,55,15338398.83,8557069.8,6781329.03,6010574.36,1006037.64,1171503.6,1423777.57,27979358.09,58.0,4094057.09
BEL,ESP,2021,48,4627850.13,2718787.61,1909062.52,949806.43,128854.18,129336.3,7992988.63,4538932.3,32.7,36791034.56
BEL,FIN,2016,35,413519750.8,161203377.29,252316373.51,80986824.98,26174917.37,29031337.98,5456051.71,246094372.13,4740.3,12348145.17
BEL,FIN,2017,39,6482157.02,2713786.86,3768370.15,257229.06,49797.87,55507.19,2120988.65,544193.01,127.0,7251245.44
BEL,FIN,2018,38,46957175.02,34748064.64,12209110.38,5632617.5,992657.9,1036088.63,3619849.44,29283503.56,356.4,11660573.98
BEL,FIN,2019,30,7090708.93,807958.64,6282750.29,479535.44,67217.6,67469.35,1523880.98,2812947.47,283.3,10319479.29
BEL,FIN,2020,50,12231429.76,4244706.63,7986723.13,-1544506.63,0.0,0.0,7114958.72,-4955646.43,154.7,16492308.49
BEL,FIN,2021,37,198296829.4,42999730.17,155297099.23,-13671908.64,0.0,0.0,238432.49,-43311327.55,951.1,1697499.23
BEL,FRA,2016,48,44066206.74,10121871.71,33944335.02,9107727.12,1024448.28,1070910.12,3118860.48,49716590.68,609.2,7483226.88
BEL,FRA,2017,42,297173035.51,88325058.68,208847976.83,38736612.59,10613853.42,10829093.52,7893030.24,158250906.2,2284.5,14488850.97
BEL,FRA,2018,39,155287043.56,124852431.23,30434612.33,4503284.33,811004.84,925282.71,64089105.57,14799566.75,584.6,134238537.01
BEL,FRA,2019,34,52128356.87,13032497.37,39095859.49,16907294.48,3895204.61,5052206.83,13227047.62,51847275.74,254.8,34261899.69
BEL,FRA,2020,49,53058261.16,23990469.19,29067791.97,2055321.19,323466.23,410666.68,2662306.98,5204613.65,856.4,5304504.74
BEL,FRA,2021,42,12098881.6,7348574.64,4750306.96,2683806.26,317443.54,398213.05,396258.16,7000426.38,188.5,1683617.32
BEL,GBR,2016,44,110474688.12,24648715.93,85825972.19,4547404.87,1456982.91,1760537.14,4112106.89,18938871.23,595.2,18739305.82
BEL,GBR,2017,46,1499280.82,422878.71,1076402.11,190377.79,44711.78,56362.46,6958908.89,1079350.09,26.2,14639646.5
BEL,GBR,2018,37,57259852.17,32266384.27,24993467.91,11227631.75,2579849.39,3114375.79,1189718.58,37861521.25,222.1,3171334.61
BEL,GBR,2019,48,132817289.73,71517240.85,61300048.88,32214030.94,10555511.54,12142452.58,599485.99,92168686.22,459.3,4642342.02
BEL,GBR,2020,45,55875446.27,14303843.99,41571602.28,9594705.69,1445499.51,1597965.71,33315587.4,46944281.51,577.8,96710579.54
BEL,GBR,2021,51,64920374.36,26328025.96,38592348.39,6526354.32,1959545.13,2411168.78,781820.5,27472747.25,755.9,5856379.22
BEL,GGY,2016,24,174144312.63,71969241.33,102175071.3,358285.29,129731.81,139355.28,4293250.89,827362.05,2243.0,16349583.52
BEL,GGY,2017,30,14432444.39,11586022.3,2846422.08,3132936.33,0.0,0.0,2310283.13,12090220.53,53.5,22018081.25
BEL,GGY,2018,24,6051002.42,1817490.42,4233512.01,1156794.19,169141.46,196247.24,897789.53,6927073.83,93.6,2273711.67
BEL,GGY,2019,31,317567761.64,216381293.88,101186467.77,163562954.95,21780455.09,29393722.58,769839.65,720387763.63,2775.9,5286116.68
BEL,GGY,2020,15,45493137.09,11993498.88,33499638.21,5639444.03,528612.0,696918.7,10563334.13,29245695.8,172.2,20457564.51
BEL,GGY,2021,25,58890230.24,42056913.93,16833316.3,6381111.96,618327.63,722896.02,1304546.96,21167826.14,241.0,2497687.48
BEL,GRC,2016,42,165669113.92,78955653.18,86713460.74,43029611.93,11300168.35,15242613.01,547790.86,208727984.78,529.9,1206228.77
BEL,GRC,2017,38,25388767.55,6544106.99,18844660.56,3124752.38,446758.37,543896.95,1609125.69,14157712.67,163.2,7300723.64
BEL,GRC,2018,35,42794159.88,9607606.39,33186553.49,1863380.43,340222.43,363902.49,3191605.48,10253405.2,1071.3,11806657.62
BEL,GRC,2019,39,29972491.64,16334451.51,13638040.12,-1902311.93,0.0,0.0,58879858.34,-8227625.13,77.3,496397387.72
BEL,GRC,2020,26,31068015.09,6018710.46,25049304.63,-751487.41,0.0,0.0,145938.98,-2781462.06,142.0,606907.29
BEL,GRC,2021,37,34549780.36,15014747.95,19535032.41,4095983.87,1097747.95,1245367.61,8643188.22,18973392.75,193.1,22173215.05
BEL,HKG,2016,24,163226719.32,127475986.8,35750732.52,120100753.52,3109438.84,4182367.52,1418244.67,676173052.69,318.4,8866003.39
BEL,HKG,2017,31,162075938.18,78526032.11,83549906.07,93003257.84,12992622.12,13373531.22,448024.45,375262203.86,1568.0,1279815.7
BEL,HKG,2018,26,15975599.07,10536850.35,5438748.72,7628959.84,943118.12,1068463.19,578806.82,21902996.53,45.9,2860539.63
BEL,HKG,2019,21,617301179.37,524188095.34,93113084.03,85813403.62,7690754.13,9670205.27,33813261.57,208283088.08,910.4,91978699.18
BEL,HKG,2020,22,524737724.5,379742519.71,144995204.79,164183210.6,0.0,0.0,353634.45,803714820.41,2113.6,2314800.13
BEL,HKG,2021,14,29934588.32,2336647.77,27597940.55,5977306.89,751131.89,883233.38,9217708.21,28501300.06,392.0,16624592.19
BEL,IMN,2016,38,37693583.49,29148560.43,8545023.07,3500947.69,577274.32,767135.38,3180763.13,9379144.73,183.7,11551725.33
BEL,IMN,2017,27,517904247.54,215689407.05,302214840.49,133641868.57,14595433.86,18955177.1,8579438.39,765550251.31,7396.7,15385246.61
BEL,IMN,2018,18,198426636.15,136058738.76,62367897.38,13673175.34,1951506.2,2391766.65,1549037.15,47438458.58,1885.5,4774670.08
BEL,IMN,2019,19,289787311.99,89627937.22,200159374.77,101508615.31,13992291.49,15823363.39,2040082.58,339646888.15,1703.1,4082794.0
BEL,IMN,2020,25,656688766.2,383046825.34,273641940.86,419025167.9,45409662.39,54464006.72,5206917.52,1315748046.59,1142.4,8874813.3
BEL,IMN,2021,24,266507745.12,238033792.0,28473953.13,55399935.1,5117256.37,6930597.11,9299016.27,122420719.76,430.7,38128520.26
BEL,IND,2016,52,130346057.51,67327552.67,63018504.84,11696809.21,2231405.2,2762676.04,530624.17,26199220.91,2066.3,3228182.97
BEL,IND,2017,46,128068035.11,42270732.3,85797302.8,22780395.16,3557974.66,4935492.57,2070554.36,61367628.29,2021.1,3535472.44
BEL,IND,2018,48,33472090.81,4382788.91,29089301.89,2991780.5,579146.04,712798.04,4732324.97,7379090.69,1160.6,10208361.05
BEL,IND,2019,32,41169562.79,18916706.48,22252856.31,4744476.72,178652.35,200590.24,4020322.42,26546402.7,707.0,18031012.86
BEL,IND,2020,52,54509712.13,27942310.48,26567401.65,4372622.2,479059.58,530015.63,2157972.83,10547751.35,354.3,4356186.43
BEL,IND,2021,40,32517880.29,8205006.12,24312874.17,-2248149.63,0.0,0.0,428851.17,-8756310.03,488.1,974169.76
BEL,IRL,2016,29,1260372449.04,1113396102.41,146976346.63,663788386.89,196657219.17,239028706.04,790166.93,1798633478.13,1223.6,5689925.28
BEL,IRL,2017,19,27819017.2,9290901.72,18528115.48,10338830.27,130747.87,151809.55,2342884.81,26200769.79,266.2,4714991.25
BEL,IRL,2018,18,11890488.62,2822717.35,9067771.27,2855010.86,49728.77,56296.87,828720.42,7703923.87,190.4,4048675.23
BEL,IRL,2019,23,38093094.63,11776324.4,26316770.22,25221750.66,2939230.6,3927542.91,2468851.99,143684601.02,643.4,9016891.19
BEL,IRL,2020,35,78350525.95,62296335.18,16054190.77,22971535.68,4074582.85,5328588.52,6674871.44,87493431.33,440.5,20361588.09
BEL,IRL,2021,17,219655515.98,137845065.44,81810450.53,83797625.06,13817758.67,18204088.04,3010964.17,462867380.23,959.3,5747896.1
BEL,ITA,2016,43,145093027.96,44247763.24,100845264.72,-21763954.19,0.0,0.0,1004335.42,-120485894.81,1625.9,2180449.23
BEL,ITA,2017,38,105419706.66,59384965.61,46034741.05,22286874.13,1755664.06,1860926.84,35978.02,123828519.52,1194.7,169358.6
BEL,ITA,2018,34,68667884.53,19978130.15,48689754.37,-10300182.68,0.0,0.0,7766834.51,-55544436.99,267.8,58059286.37
BEL,ITA,2019,40,46569145.71,21363601.47,25205544.24,5373753.68,1486139.55,1823639.07,2419872.67,15366896.99,350.1,10288521.1
BEL,ITA,2020,48,76550276.34,24959518.98,51590757.36,9295249.6,1651256.27,1923740.89,690149.77,35435147.16,1090.6,2158798.83
BEL,ITA,2021,32,68958751.15,19936987.1,49021764.05,947980.91,319522.22,379907.62,937838.23,5226745.43,812.8,6737562.67
BEL,JEY,2016,21,191898356.52,146092078.35,45806278.17,106421258.13,0.0,0.0,147324.48,359527690.72,251.1,1256634.99
BEL,JEY,2017,22,620621514.83,98894707.3,521726807.53,-31031075.74,0.0,0.0,2373301.71,-62180988.83,3442.1,5160592.26
BEL,JEY,2018,20,60963033.18,33366950.64,27596082.55,4835419.96,725848.97,860231.0,774409.53,23603131.75,786.6,1778098.3
BEL,JEY,2019,20,179836266.56,103424964.38,76411302.18,78889811.29,8910670.26,9373781.8,646286.53,407027893.18,536.3,2433871.83
BEL,JEY,2020,24,5784605077.98,5668912976.42,115692101.56,2075457364.87,0.0,0.0,2538180.32,9989492759.55,989.0,12692377.97
BEL,JEY,2021,29,134680925.93,103369427.44,31311498.5,38703658.18,12520.53,12792.54,614297.52,125148910.79,205.5,1604318.82
BEL,JPN,2016,44,13501946.17,1026815.69,12475130.49,2978383.31,433628.0,507220.63,10212733.31,8697093.9,172.4,35649241.7
BEL,JPN,2017,42,26361152.9,6835152.84,19526000.06,2354795.3,577404.69,792368.98,10337189.19,9796373.33,196.8,35885034.34
BEL,JPN,2018,40,66644324.36,17054606.43,49589717.93,7178492.36,1411212.43,1787786.44,1736523.41,22593914.27,1014.6,5481980.91
BEL,JPN,2019,39,31305854.07,13789058.17,17516795.9,6931061.06,2212827.28,2643108.27,597506.29,22565291.84,414.5,1543546.91
BEL,JPN,2020,36,14854947.42,3560699.39,11294248.03,1597240.29,361534.68,418448.84,1624689.59,4421253.06,250.9,2813613.85
BEL,JPN,2021,22,1428580049.33,992491496.06,436088553.27,269106791.62,76302222.38,97476638.0,3725900.96,665368791.9,7018.8,23686304.81
BEL,KOR,2016,39,335261237.92,113063908.1,222197329.83,57957724.64,14614117.1,17284467.04,5263932.77,235591055.44,1838.5,14974271.78
BEL,KOR,2017,43,456723769.41,128476512.68,328247256.72,79095089.06,13543094.44,18467881.01,98213.39,327043836.31,3732.0,712859.33
BEL,KOR,2018,40,129126527.27,37922274.37,91204252.9,7799992.19,1302935.46,1608935.73,1950160.28,23597771.6,3433.1,8345693.62
BEL,KOR,2019,46,89801691.29,34338116.64,55463574.65,17125240.19,4478034.26,5179687.79,1472239.38,90328407.93,924.4,3152772.87
BEL,KOR,2020,42,13526024.43,3976213.35,9549811.08,9002.88,2961.72,3762.04,3001119.8,27462.33,366.2,9702076.36
BEL,KOR,2021,37,11436422.88,5176075.69,6260347.2,279565.7,28785.17,39815.57,10186457.1,1656569.54,127.6,19079857.23
BEL,LIE,2016,20,11819887.92,8912835.31,2907052.61,5141067.17,536111.89,614721.81,2978791.24,19871270.74,86.0,8877826.76
BEL,LIE,2017,20,15182431.61,11143667.29,4038764.32,9282742.07,831513.42,875841.25,2717272.55,31530657.03,167.8,20040700.03
BEL,LIE,2018,25,165853746.58,116693106.96,49160639.62,70915229.77,8393886.59,10861085.54,2832659.85,419219864.54,346.7,5752621.55
BEL,LIE,2019,20,1655956439.0,1000877055.47,655079383.53,442879839.69,42941551.72,52496686.1,13679047.7,1799302411.95,2826.7,38181300.22
BEL,LIE,2020,20,18996836.01,12189178.74,6807657.26,6333339.47,851167.8,1149736.45,148063.97,36569129.27,212.0,679551.03
BEL,LIE,2021,28,122831908.09,113935461.03,8896447.07,58834084.37,5729647.28,7375405.15,2336526.67,180938592.68,216.1,10726672.01
BEL,LUX,2016,19,42066402.54,16003882.75,26062519.79,13356207.48,500025.4,644551.8,6468266.16,72721455.53,406.7,11802784.72
BEL,LUX,2017,32,58119890.05,35111291.74,23008598.32,-2905994.5,0.0,0.0,3060581.03,-11237176.97,294.5,8180535.2
BEL,LUX,2018,27,41629311.26,19874628.82,21754682.45,11701385.06,612614.72,765799.87,3745857.08,69812671.07,717.6,26859932.12
BEL,LUX,2019,25,47794536.22,14078620.47,33715915.75,8674169.52,3237370.79,4138949.18,381913.12,44123985.55,391.6,3694591.95
BEL,LUX,2020,25,367240470.85,185346827.59,181893643.27,200687686.61,31710019.72,40637844.38,1994078.28,950940871.83,810.8,4880642.29
BEL,LUX,2021,27,239546614.96,225151992.34,14394622.62,43303578.57,5423377.39,7253545.07,1363728.8,247740213.0,141.2,2791980.25
BEL,MAC,2016,19,161565438.81,96323721.39,65241717.43,95682871.57,14218007.58,17354580.29,238661.44,480519212.91,946.9,863147.87
BEL,MAC,2017,24,113668465.6,101494076.11,12174389.48,11003598.12,1107637.54,1409494.09,13084554.08,27687908.03,361.4,24198177.38
BEL,MAC,2018,20,63604358.89,4534353.9,59070004.98,42838967.33,1493433.91,1993823.92,36087018.45,206514214.48,405.0,135096462.64
BEL,MAC,2019,20,11234441.86,3045133.38,8189308.49,5194758.28,862553.34,1139235.51,4876896.74,25567965.41,212.3,9043454.67
BEL,MAC,2020,26,12638606.16,9258012.72,3380593.44,3632431.58,0.0,0.0,6062003.56,15247305.13,50.7,15502306.79
BEL,MAC,2021,31,26647383.14,8861046.12,17786337.02,5723780.41,836183.5,1098637.03,1990563.32,26026735.32,374.8,12503386.24
BEL,MCO,2016,27,444857806.98,379874144.38,64983662.6,45030276.24,1987592.91,2582482.36,1857693.34,126310567.77,848.9,12516132.28
BEL,MCO,2017,27,9992296.77,2950560.05,7041736.72,4705764.17,876501.72,1086110.98,6430720.11,15989876.68,227.8,11368807.61
BEL,MCO,2018,19,601205138.03,347408775.14,253796362.88,509590969.13,56066097.57,61691162.2,200692043.02,2155373842.56,4766.7,1017167151.26
BEL,MCO,2019,26,75451386.25,48226717.92,27224668.33,25178299.5,3649155.5,3978930.49,14821808.38,123871102.94,606.3,30821351.63
BEL,MCO,2020,31,298125468.06,119185971.56,178939496.5,148666382.43,1311974.37,1463204.4,1104547.3,633137886.61,5384.6,1938704.32
BEL,MCO,2021,30,103508490.93,71669265.7,31839225.23,13498376.06,2176542.29,2375428.35,2104417.7,28003146.94,1843.1,11597526.47
BEL,MEX,2016,30,2818183.58,888667.57,1929516.01,1490064.6,372910.96,431552.72,3231009.02,7990490.29,50.5,5424401.24
BEL,MEX,2017,41,21359303.72,12560171.29,8799132.43,4617439.4,1068472.51,1402393.43,1231469.94,24443670.59,205.8,3117267.92
BEL,MEX,2018,36,132849138.9,39304868.92,93544269.98,11057877.65,1532339.47,1653932.49,666169.96,60294800.61,2721.8,6183494.7
BEL,MEX,2019,33,54555923.83,18324884.06,36231039.77,7297019.54,1961912.32,2161774.71,6449925.92,32710712.68,787.7,19929172.58
BEL,MEX,2020,46,5506866.95,1477897.04,4028969.91,-99611.21,0.0,0.0,3415521.44,-450857.78,44.8,7643117.26
BEL,MEX,2021,35,20867014.25,4662072.83,16204941.42,284934.24,59725.65,82129.65,11951397.4,570556.25,165.9,20253627.76
BEL,MLT,2016,19,86430667.13,68916942.35,17513724.78,25726834.87,4936836.15,6486049.75,2300835.65,63005179.44,409.3,9339608.64
BEL,MLT,2017,29,165497139.3,97579935.48,67917203.82,36663086.53,1379199.79,1839714.02,2834695.93,138629313.32,459.9,7530425.6
BEL,MLT,2018,34,145113167.73,9862878.76,135250288.96,-3695251.29,0.0,0.0,3951185.36,-13416058.86,853.7,9413510.67
BEL,MLT,2019,28,4766827.28,2012560.52,2754266.77,3207810.51,722419.04,788245.99,208657.16,19230194.03,115.2,1319769.6
BEL,MLT,2020,25,1927132737.65,1583553300.99,343579436.67,834252358.03,195692155.81,239780003.37,282785.7,4312276306.03,2682.1,1365793.63
BEL,MLT,2021,22,56794211.34,26743297.0,30050914.34,10430071.46,2866848.54,3817214.14,22507394.54,22358669.65,942.3,112813931.47
BEL,NLD,2016,27,1557172517.34,827309888.32,729862629.02,-13931520.76,0.0,0.0,401970.15,-41707780.03,6203.5,2210116.18
BEL,NLD,2017,28,81076002.31,55061540.48,26014461.83,-12161400.35,0.0,0.0,25094313.35,-39752532.05,510.8,63562515.6
BEL,NLD,2018,33,28707966.17,13057740.72,15650225.45,11249345.25,1705838.29,2110413.44,4710118.22,66247180.46,222.3,19573391.32
BEL,NLD,2019,30,18079456.28,7427900.45,10651555.83,2609559.35,514121.1,620123.61,460527.96,11562761.45,230.6,940521.07
BEL,NLD,2020,27,130419205.4,69387663.32,61031542.08,33754604.89,6849278.39,7101602.08,1231273.15,133066676.92,1191.7,3614775.06
BEL,NLD,2021,31,159958787.96,104482357.67,55476430.29,82347913.25,3857179.19,4333677.61,2025178.91,186940607.97,1926.2,4501315.62
BEL,NOR,2016,42,13114697.07,6472350.28,6642346.79,1396055.61,494946.41,678162.92,1919797.15,7827594.89,150.3,6403759.55
BEL,NOR,2017,47,14647474.16,5676078.35,8971395.8,2310903.7,156387.27,203449.8,580945.93,7426612.81,93.8,2126743.88
BEL,NOR,2018,43,138433499.29,32073843.88,106359655.41,10455656.34,3719119.0,4166028.38,3972466.11,41992371.76,3677.3,9417417.17
BEL,NOR,2019,41,47028088.53,14398865.09,32629223.44,16289593.81,2004168.75,2073004.02,1706422.57,92590138.92,490.5,5248064.23
BEL,NOR,2020,21,56565653.62,38954466.03,17611187.59,-2296167.89,0.0,0.0,3685832.48,-11727705.72,280.0,31142586.82
BEL,NOR,2021,36,18257464.58,3768518.93,14488945.65,5226080.48,1132376.13,1523779.97,3527009.29,14354673.27,439.4,7327423.86
BEL,NZL,2016,33,15350134.92,2792016.54,12558118.38,902308.04,221354.88,285304.16,350803.86,4156712.34,116.2,1147377.87
BEL,NZL,2017,35,162192802.57,98078542.95,64114259.63,9343364.0,3020064.05,3927391.6,378117.15,30271928.36,1161.9,2634697.83
BEL,NZL,2018,45,3517401.82,35174.02,3482227.8,-527610.27,0.0,0.0,20333538.58,-1119372.86,82.8,199585204.65
BEL,NZL,2019,56,1306189645.66,301660080.51,1004529565.14,89688513.81,17715987.8,23823836.63,1802848.45,455984346.7,9139.1,6147305.46
BEL,NZL,2020,39,41984286.05,13013141.98,28971144.07,-6297642.91,0.0,0.0,31655743.88,-20504294.64,185.9,53712828.4
BEL,NZL,2021,41,767411346.77,439388909.12,328022437.65,-7794179.82,0.0,0.0,2556459.56,-27334667.28,1594.9,10784530.35
BEL,PAN,2016,32,416670365.68,295954168.87,120716196.81,64658792.83,19020280.71,21423446.02,797904.21,189022079.01,2282.4,3238236.29
BEL,PAN,2017,26,37415676.65,17846418.12,19569258.53,11960681.86,1680445.67,2021794.57,108969426.58,43473778.45,502.9,418673532.48
BEL,PAN,2018,21,51049078.67,36738785.18,14310293.49,22729225.58,1209463.4,1262170.2,2548121.12,118585368.16,199.8,5496110.23
BEL,PAN,2019,15,395214352.98,337215410.37,57998942.61,83379524.51,9911593.94,9955665.57,2351583.15,481076938.7,312.0,13626437.63
BEL,PAN,2020,25,49582127.55,24381068.62,25201058.94,22484825.39,0.0,0.0,87797019.82,114079488.24,926.8,155382602.02
BEL,PAN,2021,32,19582613.7,13994150.47,5588463.24,3684783.63,431816.07,526694.47,4691425.51,9471688.45,63.1,15055562.63
BEL,POL,2016,52,276886278.3,128670238.82,148216039.48,41907401.83,10802022.3,14705011.56,9551651.87,189598542.55,1620.3,25004154.26
BEL,POL,2017,32,2708818336.81,1695316638.01,1013501698.81,31144950.05,10038120.47,10446647.68,276663.02,134198243.51,7518.8,1026784.41
BEL,POL,2018,37,202251084.48,188138090.01,14112994.47,78368390.01,19001990.32,22376256.99,58445324.71,228918484.82,318.2,101539895.46
BEL,POL,2019,30,39207643.58,5530831.49,33676812.08,9165457.11,967018.0,1013004.4,2170641.67,51528954.31,1596.9,7718034.25
BEL,POL,2020,31,15698019.59,7564672.29,8133347.3,1104046.29,132708.33,148660.06,242962.07,4074155.64,141.1,681626.46
BEL,POL,2021,40,121950246.24,24915835.73,97034410.5,-16372795.35,0.0,0.0,19441881.32,-88251838.93,740.2,36633381.12
BEL,PRT,2016,58,108614235.95,88818253.82,19795982.13,15750455.35,1557162.04,1652184.46,3300559.82,66194279.2,2186.1,14941070.13
BEL,PRT,2017,39,20462766.72,8530285.09,11932481.63,941388.19,271510.12,331789.2,2422193.33,3808020.91,251.4,11887202.9
BEL,PRT,2018,38,6338211.46,1693566.67,4644644.79,910849.39,67881.65,71923.92,1900046.04,4175133.15,168.4,7487557.88
BEL,PRT,2019,45,15755545.82,1606381.12,14149164.7,5951388.94,0.0,0.0,1408697.34,16544433.86,193.1,5423978.48
BEL,PRT,2020,37,22923711.36,11021038.7,11902672.66,5349578.78,791671.91,1047195.49,1125230.33,23318361.17,271.4,3411268.66
BEL,PRT,2021,31,111974220.37,6909300.82,105064919.55,13626277.86,2229466.5,2759165.65,327814.62,55104610.55,1502.9,1023926.51
BEL,SGP,2016,22,13054315.19,580486.09,12473829.11,5860771.51,1640315.04,1671003.46,433248.15,25352159.16,197.7,984795.56
BEL,SGP,2017,24,64525724.1,42414833.03,22110891.07,12902383.7,1328588.35,1514090.7,6845495.86,37156210.78,269.3,17431166.63
BEL,SGP,2018,17,2030886683.7,1389252347.72,641634335.98,32607368.41,0.0,0.0,11466736.43,147273405.23,12990.5,48724854.2
BEL,SGP,2019,22,206720425.14,128341213.94,78379211.21,119955024.59,4509352.46,5132313.13,7449883.33,644238682.41,1537.4,19872278.41
BEL,SGP,2020,27,139880049.56,79921040.39,59959009.16,24836857.75,503515.0,683629.83,2048509.67,82046636.81,1095.5,3968428.12
BEL,SGP,2021,27,75517272.43,64808013.84,10709258.59,21384984.15,3291256.12,4427869.04,636184.77,113961591.09,212.1,1174659.93
BEL,SWE,2016,39,24203029.36,5947794.27,18255235.1,1374237.49,209319.01,290985.49,12091855.3,3800944.24,363.8,25235182.22
BEL,SWE,2017,35,814993180.96,798693317.34,16299863.62,308089439.4,128862160.75,144748892.85,4223759.35,1489300555.96,87.0,22359725.33
BEL,SWE,2018,40,41488989.48,19153344.65,22335644.83,3274570.91,181046.91,241928.93,334197.61,17247080.15,259.3,624594.8
BEL,SWE,2019,36,13669301.71,2493734.34,11175567.37,1406894.45,478183.9,632190.32,7832596.0,5883794.22,187.7,15671406.67
BEL,SWE,2020,43,9651224.7,1463968.23,8187256.47,-738174.95,0.0,0.0,8511484.85,-1844742.67,241.3,14648453.17
BEL,SWE,2021,33,68734847.43,21791535.42,46943312.02,7598113.94,1043121.91,1187365.94,2421844.6,19881493.21,338.4,16042856.88
BEL,TUR,2016,45,149145558.72,62507580.03,86637978.69,-22371833.81,0.0,0.0,1295618.53,-58017981.18,2056.2,4178665.55
BEL,TUR,2017,38,163740014.62,88415455.8,75324558.82,28754808.78,7581753.41,7808910.77,296583.16,67198135.06,1635.2,957069.92
BEL,TUR,2018,36,244625.14,2446.25,242178.89,139850.83,18550.91,19035.26,121734.54,543366.01,14.5,894273.05
BEL,TUR,2019,48,93225974.21,27111681.79,66114292.42,13893084.7,3643361.25,3709896.92,1829649.89,56858634.9,2270.2,3292766.69
BEL,TUR,2020,45,1821225.53,659920.69,1161304.83,-109589.49,0.0,0.0,1586101.05,-521409.61,26.1,2753683.61
BEL,TUR,2021,38,269178483.39,100836293.58,168342189.8,23355962.77,8152220.71,11005215.82,2054577.63,73624804.9,1223.0,6061037.79
BEL,USA,2016,31,32353514.3,19844660.46,12508853.84,4556271.4,560661.74,709302.51,3322657.29,21633991.45,100.4,17164691.68
BEL,USA,2017,32,37174196.97,11915685.98,25258510.99,-147192.62,0.0,0.0,9329221.83,-437330.8,302.3,17132825.91
BEL,USA,2018,44,86392991.64,31078811.82,55314179.82,-10214124.39,0.0,0.0,199379.9,-42784309.95,676.9,1127795.05
BEL,USA,2019,40,103416426.55,101348098.02,2068328.53,-15512463.98,0.0,0.0,10942369.29,-61610502.66,107.7,26666894.79
BEL,USA,2020,40,72719063.08,53214077.0,19504986.08,7123447.19,2888335.9,3123551.96,250924.37,38117519.68,320.9,1091869.41
BEL,USA,2021,47,12394138.45,3668201.85,8725936.6,-740611.38,0.0,0.0,3661672.05,-1567786.52,128.3,26835421.71
BEL,VGB,2016,26,427286539.68,395746446.76,31540092.92,250050411.35,43652886.96,55573785.43,6315353.49,863424000.4,586.5,11404773.03
BEL,VGB,2017,27,47105492.08,28872905.91,18232586.17,20238090.38,164410.48,186376.88,571591.45,66743774.67,486.4,3633756.5
BEL,VGB,2018,28,570046711.74,558645777.5,11400934.23,328192427.7,71526582.09,75246528.52,3282242.11,1433273634.26,407.1,14974583.57
BEL,VGB,2019,23,111399533.09,94303656.97,17095876.11,86129278.78,0.0,0.0,12680496.43,338306840.44,1182.4,21869010.83
BEL,VGB,2020,21,152166281.76,82758180.44,69408101.32,75723142.52,10217077.36,11919543.55,1524232.88,425260133.79,342.0,2714639.5
BEL,VGB,2021,22,11653108.62,7466418.66,4186689.96,4289116.58,383881.59,394201.47,17782627.74,18640019.52,16.8,36142456.26
BEL,ZAF,2016,45,27167825.76,6012918.16,21154907.6,-4075173.86,0.0,0.0,955287.28,-16494426.19,993.3,5007259.1
BEL,ZAF,2017,55,47176721.72,16902072.48,30274649.24,4230600.66,699754.51,735555.01,41574643.76,24413339.41,679.2,123298639.0
BEL,ZAF,2018,41,16442163.4,4151125.66,12291037.74,6672222.24,1462119.57,1978297.6,6456656.99,33598108.0,422.4,20243241.58
BEL,ZAF,2019,50,3600204.2,1499062.83,2101141.36,887405.19,182239.29,233353.47,6457470.64,1860447.49,29.8,47012886.92
BEL,ZAF,2020,37,20943136.93,7248260.09,13694876.84,-3141470.54,0.0,0.0,3595353.21,-16531821.49,733.3,9127926.41
BEL,ZAF,2021,39,50652830.77,16064104.74,34588726.03,13331962.46,2044150.8,2175750.41,7355435.54,52814555.38,269.2,25922267.56
AUT,AUS,2016,50,27573518.59,8145263.57,19428255.02,1323892.64,93261.72,117697.73,2156960.2,4281687.85,837.0,4762798.25
AUT,AUS,2017,33,38494674.5,20920164.3,17574510.2,5672466.14,1597820.59,1756188.29,30586206.51,16014213.35,242.4,58036925.55
AUT,AUS,2018,34,5073280.1,3177046.14,1896233.95,-760992.01,0.0,0.0,4114322.08,-4025680.93,55.4,7549277.76
AUT,AUS,2019,49,2364636.56,559693.01,1804943.56,-32410.97,0.0,0.0,30656129.21,-141677.3,32.7,58148411.17
AUT,AUS,2020,40,10909829.71,1846571.95,9063257.76,1822219.48,479225.76,560229.64,1449859.42,4481069.39,53.9,2972591.68
AUT,AUS,2021,37,380740055.74,126449510.7,254290545.04,56790772.43,11255084.39,13833919.65,61592.76,121551528.0,1647.5,163284.14
AUT,BEL,2016,38,5171950.94,51719.51,5120231.43,1255658.72,485248.37,665161.28,1615776.15,6304710.67,90.0,13520198.92
AUT,BEL,2017,45,2988676.07,1209589.27,1779086.8,1174342.88,376476.09,401548.31,736417.54,5304342.14,96.9,7029381.02
AUT,BEL,2018,37,854491243.01,589441159.74,265050083.26,175602814.17,39189939.49,53662281.43,5911085.06,976473125.08,2626.5,16287437.01
AUT,BEL,2019,35,123574182.17,58261518.0,65312664.17,24582873.23,6496359.31,8455479.65,1036215.72,63221792.92,1544.3,3589483.37
AUT,BEL,2020,42,836280963.02,570864103.3,265416859.72,149237014.13,52098663.13,58767971.79,529664.24,447352618.65,2092.4,2603860.45
AUT,BEL,2021,52,89594674.11,37150368.45,52444305.66,25463106.74,2608481.16,3248819.99,10009598.52,133562017.25,929.4,18975971.01
AUT,BHS,2016,26,5159843.88,113881.62,5045962.25,4177885.78,136790.0,182528.86,1675101.11,13344913.16,30.7,4600873.56
AUT,BHS,2017,33,44905784.75,36500921.17,8404863.59,12702125.6,1482412.68,1552906.04,506716.43,51465675.79,340.0,1463684.2
AUT,BHS,2018,27,163516589.28,101602546.9,61914042.38,15491043.47,0.0,0.0,2616425.73,37575349.78,1162.5,4983115.8
AUT,BHS,2019,21,28813918.99,22443854.89,6370064.1,13362252.04,427433.86,479948.88,4647477.71,51309670.67,102.0,22742566.25
AUT,BHS,2020,22,104285302.39,59759779.71,44525522.67,75901061.53,3881176.09,4781099.62,1645718.89,202280820.05,780.8,8198570.2
AUT,BHS,2021,23,204664609.6,162710145.38,41954464.22,72786780.3,11720775.89,16330504.42,5459345.63,347884296.58,692.6,13630248.74
AUT,BMU,2016,22,1402421484.32,832442935.65,569978548.67,323126791.16,69034615.76,83822283.47,12543602.8,1863619596.03,5356.3,21188589.49
AUT,BMU,2017,27,75252758.14,59327157.57,15925600.56,-9993846.31,0.0,0.0,5923852.32,-43416829.14,326.9,15377414.1
AUT,BMU,2018,24,7156471.0,6362714.81,793756.19,506683.65,66716.46,80466.19,1330621.72,2558987.5,23.8,3935042.72
AUT,BMU,2019,21,605237992.54,363195948.57,242042043.97,216688760.39,20779862.36,23840341.17,1857158.85,541498348.25,2098.2,6955184.7
AUT,BMU,2020,21,18364050.71,8303196.54,10060854.17,8516841.93,526178.13,687425.18,21305333.86,27330143.26,233.9,60220955.29
AUT,BMU,2021,14,132160102.79,86485070.28,45675032.52,93582637.49,13411110.67,13869660.39,7830906.84,205566803.85,1167.7,19995182.09
AUT,BRA,2016,45,61660170.59,17779275.3,43880895.29,-2014376.47,0.0,0.0,2433727.73,-12012952.07,808.4,15157424.14
AUT,BRA,2017,38,22420361.65,10868843.72,11551517.93,4592994.55,894263.17,1050742.11,5122553.5,16310878.34,266.5,11153586.69
AUT,BRA,2018,38,22492939.03,5996377.22,16496561.82,5133641.17,919686.47,1151301.26,2861123.83,15297195.97,557.3,10336831.06
AUT,BRA,2019,33,291106409.24,33693417.94,257412991.3,41422477.97,14541237.15,19127863.96,2994260.9,206698246.86,2527.9,5179286.96
AUT,BRA,2020,33,137873207.19,2560030.83,135313176.36,26109241.42,6071429.89,8306300.72,32584923.08,92958374.48,2766.8,67228250.17
AUT,BRA,2021,34,12382445.23,1452483.88,10929961.34,7750086.69,2266554.69,2415354.23,6377881.02,16233873.64,269.4,11725373.2
AUT,BRB,2016,27,361317850.06,233896190.28,127421659.78,32598161.4,1459265.03,1738009.28,831704.08,111044433.91,1504.7,2090499.47
AUT,BRB,2017,30,99325827.14,37568931.4,61756895.74,22665685.75,0.0,0.0,25653195.53,109158057.34,763.9,67567895.25
AUT,BRB,2018,28,43613401.38,27031241.48,16582159.9,9703054.09,2140047.64,2440133.52,2930605.88,35528644.95,555.9,6097493.25
AUT,BRB,2019,20,633110775.36,620448559.85,12662215.51,438008312.32,0.0,0.0,2709664.85,1904422549.54,425.6,7070803.94
AUT,BRB,2020,31,387198326.82,291929206.84,95269119.98,165070861.69,14464411.43,16125825.14,2880208.87,886142355.53,703.7,7170541.7
AUT,BRB,2021,33,241828909.28,144622489.89,97206419.39,96419430.53,9302944.29,9804687.89,1856632.33,261043841.07,1723.5,3217530.66
AUT,CAN,2016,31,153425654.72,36596820.48,116828834.24,9817145.45,0.0,0.0,1053344.63,48072962.63,1545.4,3901554.55
AUT,CAN,2017,33,2866203.03,1069668.27,1796534.76,685661.29,198328.51,276209.05,1833962.0,2965407.39,39.3,10743529.38
AUT,CAN,2018,29,18364609.25,3323081.84,15041527.41,681414.18,131682.71,138723.21,438921.73,2292434.91,554.7,3235145.68
AUT,CAN,2019,36,301463136.2,93330022.74,208133113.46,42132280.53,3516776.33,4140175.19,14789762.87,237550024.04,1456.0,69565013.5
AUT,CAN,2020,44,119334196.67,50742251.54,68591945.13,10926351.41,2398496.17,3056170.52,35794485.13,43405902.58,473.3,68888899.37
AUT,CAN,2021,49,100169747.79,57462759.81,42706987.97,3019415.04,478474.61,528880.13,7870880.28,15062899.9,1283.7,42647968.42
AUT,CHE,2016,33,136947279.65,105877498.11,31069781.54,54483428.98,15600016.91,16002219.16,11632564.44,131463685.8,560.5,20766077.21
AUT,CHE,2017,25,368380038.68,260814796.1,107565242.58,108480599.26,16043722.85,21051287.53,112003.64,227700778.46,3331.3,497261.87
AUT,CHE,2018,24,131794522.63,71585768.63,60208754.0,19905188.48,2344629.77,2961557.91,6173472.28,87996005.57,1070.7,16906602.7
AUT,CHE,2019,24,161371219.08,100049353.04,61321866.04,74716709.95,17767531.26,19283137.61,711364.5,298795471.49,512.1,1192418.98
AUT,CHE,2020,19,593590986.78,494020861.66,99570125.12,162642845.7,11374641.44,15514206.99,46744575.18,966178027.82,1274.9,93357628.0
AUT,CHE,2021,15,303457.29,30273.59,273183.7,52187.75,22823.55,31248.6,37879882.76,180460.33,10.3,69048212.74
AUT,CHL,2016,41,1060944384.81,548389430.77,512554954.04,55316141.97,15110248.16,18779071.43,168398.86,285676031.06,3408.7,1000529.68
AUT,CHL,2017,39,8825610.75,2696559.07,6129051.67,630710.54,128673.87,156179.17,1225261.27,1740350.57,204.6,3284678.32
AUT,CHL,2018,54,58260135.1,31610561.75,26649573.36,35446103.34,6544685.82,8748542.17,335648.1,76006271.26,752.5,872543.16
AUT,CHL,2019,44,32494513.07,6320352.3,26174160.77,6253675.85,196681.59,237386.84,23820200.31,19651494.4,994.9,72534774.05
AUT,CHL,2020,42,57597678.74,21742120.59,35855558.15,3981358.2,826238.26,1026844.42,4080839.8,23175716.12,445.5,9704744.39
AUT,CHL,2021,49,35375528.62,8779020.77,26596507.85,1098471.7,354605.75,486365.34,10448847.6,6261032.31,592.2,20757897.66
AUT,CHN,2016,47,11505808.63,3972496.76,7533311.87,1472371.8,0.0,0.0,51030811.27,8234134.86,580.2,185777150.49
AUT,CHN,2017,38,559411428.01,345380321.25,214031106.75,228680322.4,22441514.95,27079808.1,178946509.5,1202161108.98,2769.1,316553331.72
AUT,CHN,2018,39,2545327.96,1140860.83,1404467.13,384934.1,48315.67,54116.97,26770422.56,2112592.67,28.8,45475028.67
AUT,CHN,2019,42,321869358.55,70236559.26,251632799.29,64132957.65,5189580.81,7199023.97,1594418.42,138090093.97,2571.4,4197891.13
AUT,CHN,2020,46,3831233.66,1363131.54,2468102.12,929394.27,178426.26,192712.27,2039086.15,5390782.63,156.3,5933338.31
AUT,CHN,2021,42,26227193.0,11144683.48,15082509.53,4095934.85,900866.0,1065567.16,5368725.31,18572198.41,304.7,10498108.03
AUT,CYM,2016,24,4489747.44,1908744.39,2581003.05,541917.5,95595.64,129993.31,1756064.36,2596980.58,29.8,9248259.56
AUT,CYM,2017,31,1069608351.66,1008970509.24,60637842.42,-160441252.75,0.0,0.0,1021971.54,-572356992.11,643.5,2275167.3
AUT,CYM,2018,23,221596553.45,85608786.1,135987767.35,124721823.52,2903282.5,3850746.63,4286305.98,299266207.13,3119.0,20066919.49
AUT,CYM,2019,13,365316769.7,158726516.86,206590252.83,90714188.11,6435770.55,8603145.77,1259192.13,417723916.88,2223.7,2492076.38
AUT,CYM,2020,24,18568512.7,15942984.39,2625528.32,2973391.05,279059.94,374830.39,1785418.3,9754676.12,55.6,3186631.07
AUT,CYM,2021,16,401091438.94,319000585.44,82090853.5,85226609.85,14361478.12,14521471.26,2558955.85,270296273.56,474.2,8665939.87
AUT,CYP,2016,32,19033456.85,8408687.36,10624769.48,9895352.81,1213917.54,1243237.56,1837999.22,28582215.84,262.4,8718569.0
AUT,CYP,2017,27,54748301.46,16524689.84,38223611.62,19154925.83,0.0,0.0,21762872.85,86053453.58,396.8,36406365.44
AUT,CYP,2018,20,79406251.33,56717155.08,22689096.25,15566566.77,0.0,0.0,9702011.76,41262143.45,360.5,18978967.76
AUT,CYP,2019,22,161132029.1,35514284.92,125617744.18,77903907.61,3876734.17,4692442.56,1833073.77,287372483.99,1674.6,4794730.92
AUT,CYP,2020,23,6329567.36,4839158.17,1490409.2,920572.52,0.0,0.0,394631.77,2923984.88,40.1,783852.89
AUT,CYP,2021,25,31874202.7,16030176.86,15844025.83,12515319.48,1712887.74,2030326.68,5648911.14,65809860.31,441.4,10529813.48
AUT,CZE,2016,37,30399897.75,12418550.56,17981347.19,3625445.33,545193.01,732860.18,5094507.76,13835359.55,193.2,12801609.58
AUT,CZE,2017,41,30639450.01,4712153.9,25927296.11,6068667.05,1502182.02,1668720.51,3923141.69,29371683.34,940.1,9429302.64
AUT,CZE,2018,42,15135671.33,4749091.25,10386580.08,2576623.64,310666.49,355860.31,6974678.72,12142932.07,205.3,28013735.07
AUT,CZE,2019,37,87370484.15,12574164.28,74796319.87,24645343.91,5420932.92,5675045.35,13669181.77,86624868.14,1682.9,38243566.38
AUT,CZE,2020,48,27305607.55,14647768.93,12657838.62,2585091.21,477650.78,598174.4,373777.09,9116738.49,192.7,2787572.04
AUT,CZE,2021,44,21799554.12,6446834.58,15352719.55,90862.81,7870.68,8584.76,18344671.1,326861.2,101.0,62315238.38
AUT,DEU,2016,41,101265205.28,33772591.51,67492613.77,33660978.26,4144925.71,4551291.59,7136417.59,104771435.97,749.6,14438885.5
AUT,DEU,2017,54,16423144.76,1865712.21,14557432.55,2416373.35,753586.47,826148.54,1880689.49,11783043.81,524.0,4371082.98
AUT,DEU,2018,41,30597080.94,4565012.81,26032068.13,5600186.87,914043.19,973501.27,1021635.55,28932716.24,331.8,3809906.04
AUT,DEU,2019,47,41227512.47,26405882.97,14821629.5,6285992.94,731548.01,767979.14,6709989.55,36325985.77,214.4,21954718.19
AUT,DEU,2020,28,14958522.38,4066105.52,10892416.85,1104869.07,53038.26,64936.74,7609887.96,3119694.02,632.3,14062716.08
AUT,DEU,2021,36,40665007.79,13725016.86,26939990.93,9511099.06,3401950.49,3526463.61,39817653.95,30638796.27,472.1,90264229.52
AUT,DNK,2016,45,26947649.6,5828752.54,21118897.06,-1331338.76,0.0,0.0,26063805.5,-6401546.7,140.7,67133921.79
AUT,DNK,2017,45,2603972.51,231628.22,2372344.29,512827.55,36166.01,41153.12,2224743.88,2807468.7,31.1,4167195.4
AUT,DNK,2018,44,32804988.26,9386162.53,23418825.73,1813143.44,441574.48,567941.77,758841.38,3860421.12,367.0,1742329.96
AUT,DNK,2019,35,14214102.39,4419778.89,9794323.5,1457453.0,395623.85,417078.78,6824975.66,7123056.43,76.4,17697590.28
AUT,DNK,2020,45,529489968.98,245653220.68,283836748.3,108432778.14,12690096.2,15782940.15,47379.76,317571031.29,3053.0,367939.72
AUT,DNK,2021,44,32341431.22,10584988.24,21756442.99,-1181554.24,0.0,0.0,504678.29,-4949561.75,680.8,3479428.32
AUT,ESP,2016,36,92503439.45,34038778.37,58464661.08,4074851.52,510289.88,513065.14,291480.39,23828257.43,380.0,523937.31
AUT,ESP,2017,35,69549856.61,42829766.25,26720090.36,7100629.18,1388976.57,1868602.6,427623.36,37086927.44,260.0,972237.6
AUT,ESP,2018,37,48358147.48,26042712.94,22315434.53,7268026.94,1952510.42,2722542.35,514911.48,24795122.14,666.0,2974072.35
AUT,ESP,2019,59,107535558.87,23929854.13,83605704.73,29553333.45,4304041.14,5459895.31,586813.11,77726994.63,766.6,1942264.62
AUT,ESP,2020,48,470425.8,223419.69,247006.11,82332.68,14087.0,15822.32,2005739.39,231585.01,7.6,12791307.0
AUT,ESP,2021,41,1535213.8,305769.83,1229443.97,282635.29,73211.6,102085.94,430478.67,979735.9,139.9,1554505.05
AUT,FIN,2016,40,102290134.55,70880071.92,31410062.63,90950368.84,10595476.85,13059506.21,2701955.86,314976772.47,197.0,7186547.62
AUT,FIN,2017,43,19697454.93,5710908.62,13986546.31,49040.62,12061.95,16583.57,10687953.99,282105.16,104.4,76389665.35
AUT,FIN,2018,34,214022730.36,209742275.75,4280454.61,17024956.93,3817991.56,4222824.53,8557530.16,84542995.61,53.0,15870880.13
AUT,FIN,2019,37,9072741.9,4897033.43,4175708.47,2400528.49,618806.66,684251.69,4162651.51,8001629.2,154.5,8420478.74
AUT,FIN,2020,37,7458466.2,2391726.38,5066739.81,213457.03,28006.39,37178.85,2404154.12,632147.08,156.1,8162863.48
AUT,FIN,2021,50,58109214.86,30568657.09,27540557.77,10009506.73,1503517.9,1516292.3,2266562.72,30296876.79,1378.6,5786548.26
AUT,FRA,2016,35,55534662.67,11348060.38,44186602.29,602881.74,132810.62,154264.58,2305559.69,1407328.59,787.0,20194266.0
AUT,FRA,2017,48,236703835.41,181854799.21,54849036.21,38620529.17,10404543.59,10908290.66,1965401.75,186408802.06,1195.8,5336736.41
AUT,FRA,2018,43,91069003.21,27855416.91,63213586.3,5204655.88,938902.88,1152506.28,15478267.72,13780765.97,783.8,34611497.56
AUT,FRA,2019,43,67942736.95,41755779.48,26186957.48,-3885490.43,0.0,0.0,8935891.68,-11023523.62,815.6,22887807.58
AUT,FRA,2020,46,63927627.32,22836352.67,41091274.65,-9173573.37,0.0,0.0,6345432.07,-36132080.05,238.5,10754431.78
AUT,FRA,2021,37,933805.63,9338.06,924467.57,645029.22,21962.21,26344.67,639589.23,1563856.34,49.3,1161815.43
AUT,GBR,2016,38,283826934.62,180881378.56,102945556.07,114638080.83,51587136.37,62371845.66,1079874.29,488934560.24,2068.6,2329244.0
AUT,GBR,2017,43,20034213.89,11881605.11,8152608.78,556705.64,144443.53,172967.14,4675042.71,1774182.29,121.8,9751558.91
AUT,GBR,2018,38,240310468.26,110213238.3,130097229.96,75883255.08,11107302.1,14977950.14,25167653.55,194272560.7,3366.2,81104280.93
AUT,GBR,2019,42,20024318.44,8123963.8,11900354.63,4757388.57,788164.25,1051518.37,11289768.19,20140063.94,180.5,42823511.88
AUT,GBR,2020,40,630943427.99,395851693.29,235091734.7,93819706.83,27880251.02,37177215.86,1214178.82,488607086.05,1265.4,3278956.73
AUT,GBR,2021,44,383456291.85,204920880.96,178535410.89,102942275.28,35030137.75,46275293.23,5222236.7,402171044.63,2386.5,25292033.46
AUT,GGY,2016,30,163807310.52,97738612.25,66068698.27,78667294.64,3362287.47,3956697.93,18645487.87,301822659.9,678.2,31490237.83
AUT,GGY,2017,20,1576152802.64,1367909205.58,208243597.06,95973399.93,0.0,0.0,5468160.16,354282039.03,1489.6,9510685.13
AUT,GGY,2018,18,13003410.26,4131467.69,8871942.57,1814839.54,20104.94,22688.47,2447492.01,6691302.33,205.4,4355172.84
AUT,GGY,2019,23,86342839.12,24248906.03,62093933.09,31942413.45,3636456.42,4298230.54,3403682.13,135366754.9,1238.2,7141519.14
AUT,GGY,2020,28,1613641486.81,1581368657.07,32272829.74,914621865.49,23985736.57,25907025.39,10228865.24,3332436610.27,414.9,17953449.66
AUT,GGY,2021,29,120053312.73,62452391.5,57600921.23,13769677.91,552918.01,586988.97,18906507.23,41102139.4,1092.2,34006194.32
AUT,GRC,2016,48,63867606.46,638676.06,63228930.4,47661613.42,8076346.82,10329729.23,1075989.82,207667141.98,654.2,2483726.02
AUT,GRC,2017,40,107647294.56,70880178.47,36767116.08,15010728.53,2774163.21,3877029.08,685396.77,89511720.84,1187.8,2189732.86
AUT,GRC,2018,36,28808061.72,17064992.59,11743069.14,-714812.89,0.0,0.0,1488662.31,-3955330.38,313.6,3925242.04
AUT,GRC,2019,48,43184664.23,21591687.47,21592976.76,8931369.55,3474585.32,3745956.83,5694645.25,44115983.76,263.4,12107579.84
AUT,GRC,2020,36,128166412.65,101955668.74,26210743.91,-3704001.61,0.0,0.0,2977945.55,-14901196.75,91.9,8924007.42
AUT,GRC,2021,46,40447418.43,404474.18,40042944.24,5809299.82,1595236.95,2097504.7,2754276.16,16449440.58,790.6,13228716.81
AUT,HKG,2016,29,95340773.34,61596340.75,33744432.59,19956940.45,2362529.7,2900440.78,2930336.22,55668943.69,430.9,15036444.23
AUT,HKG,2017,23,875444900.18,440613372.92,434831527.27,62546392.98,10785822.41,11634047.7,2209974.91,141780401.33,6644.0,13232578.86
AUT,HKG,2018,25,85023588.59,46498551.78,38525036.82,25119032.2,490340.07,600242.79,12835115.91,105653101.82,763.1,24263364.0
AUT,HKG,2019,18,171974200.45,90758774.8,81215425.66,84691211.64,437547.77,585896.18,5104454.88,403619998.75,532.5,32720161.69
AUT,HKG,2020,26,99639566.77,60131858.18,39507708.59,32303447.66,467568.37,552920.99,167324.83,188099158.7,886.7,980935.92
AUT,HKG,2021,21,365622378.38,275913669.54,89708708.84,128189671.03,5759750.42,7181039.24,12839656.66,442303849.97,1247.3,21730111.26
AUT,IMN,2016,21,89526414.38,31648857.6,57877556.78,25966935.48,954524.29,1200393.6,2453733.55,57742587.72,2568.2,9206385.13
AUT,IMN,2017,23,220510390.7,100988089.5,119522301.2,51770920.76,4926341.7,5464572.51,2335639.06,195280277.11,1172.3,4930256.39
AUT,IMN,2018,31,29583658.44,26653772.94,2929885.51,18186959.81,1060100.67,1340698.47,3171856.79,75995417.56,33.4,13146112.81
AUT,IMN,2019,24,141212871.48,35955033.69,105257837.79,29841556.23,1711536.88,1795399.64,2243017.34,129958123.58,2805.2,5236257.42
AUT,IMN,2020,32,17942291.55,10706865.75,7235425.79,2812740.35,46517.37,52203.43,6035666.62,5694990.26,181.1,22220254.99
AUT,IMN,2021,26,62733506.17,45267055.54,17466450.63,18373260.1,1845131.94,2145846.73,2842558.42,106140504.25,343.7,13888563.49
AUT,IND,2016,43,39247491.85,11713717.4,27533774.45,15964880.6,6544686.53,6564574.62,19458570.64,45413754.55,903.8,36676057.81
AUT,IND,2017,47,1487471851.68,1457722414.64,29749437.03,371904357.96,14579182.71,16362042.74,41587709.61,1720162587.72,467.9,73283376.77
AUT,IND,2018,56,3227663.62,565513.11,2662150.51,889993.22,0.0,0.0,653120.09,5106508.97,26.8,1404606.63
AUT,IND,2019,37,238755815.03,93059212.7,145696602.34,-35813372.26,0.0,0.0,27509643.15,-83532486.43,2732.9,48387124.29
AUT,IND,2020,36,130465024.22,19978377.04,110486647.18,37474076.39,3461789.98,3510499.63,101486.25,106641018.73,1916.5,342904.62
AUT,IND,2021,31,35816273.79,19007905.91,16808367.88,3101055.98,715514.63,981113.26,1320251.25,9717128.24,364.4,3119575.04
AUT,IRL,2016,27,210112214.51,148434621.5,61677593.01,101237830.18,25919487.66,26426766.47,9546827.82,222354462.15,1082.0,29270229.22
AUT,IRL,2017,25,35025874.14,9838043.73,25187830.41,-1751293.71,0.0,0.0,3457813.56,-5290225.48,502.6,9659069.16
AUT,IRL,2018,24,48279205.68,24424623.77,23854581.91,8440672.9,0.0,0.0,13279179.26,43720890.07,121.1,31647476.35
AUT,IRL,2019,32,5381426523.75,5273797993.28,107628530.48,1508591968.15,496063175.58,675050381.44,528263.63,5786787601.51,2618.4,2940228.65
AUT,IRL,2020,24,394772415.67,233811116.87,160961298.8,183326390.7,17315455.8,18746153.09,3622963.26,958612256.26,2184.5,8613634.55
AUT,IRL,2021,33,1632249888.28,1363528790.5,268721097.78,767627154.61,75104014.1,77675094.82,919545.9,3289235087.71,2647.3,8717083.05
AUT,ITA,2016,33,51041478.17,15613581.98,35427896.2,11112444.22,2925790.82,3585397.85,11282345.1,64794119.57,553.4,41349314.21
AUT,ITA,2017,48,44707473.45,5507476.36,39199997.09,6728395.27,1760088.32,2277816.25,8922883.18,34095844.38,354.3,24005659.21
AUT,ITA,2018,50,19671392.41,4501619.59,15169772.82,9710756.36,4369840.36,5063939.48,3829890.47,21420057.57,394.0,7946866.22
AUT,ITA,2019,42,21154191.86,4374900.5,16779291.37,2623138.33,343269.26,373686.2,1597345.94,9660211.72,390.9,9230909.51
AUT,ITA,2020,36,41069214.67,22262003.88,18807210.79,3441444.94,963788.93,1335706.86,989206.63,14997911.39,280.5,2647002.5
AUT,ITA,2021,41,97312673.47,15620852.14,81691821.33,10892341.93,2797502.72,3556629.59,5676961.21,44360657.91,847.7,21483337.39
AUT,JEY,2016,22,41907334.92,33140746.93,8766587.99,8925217.86,1520997.99,1749770.89,907028.61,44764176.98,417.6,4225932.71
AUT,JEY,2017,28,76730317.8,44461340.75,32268977.06,46135096.09,2754604.75,3011654.5,11626137.77,217117759.7,558.8,25986779.18
AUT,JEY,2018,32,24204098.44,13218185.77,10985912.67,6935141.02,264823.25,319196.49,5918394.59,32135837.01,280.2,12321749.43
AUT,JEY,2019,17,767271583.16,603559876.02,163711707.14,672118170.47,12602745.98,16965894.66,21828099.71,2810305103.82,1877.3,39122603.11
AUT,JEY,2020,31,115530485.69,96093449.36,19437036.32,37393882.32,2904076.51,3332486.96,7404999.9,135093639.49,878.2,12558994.25
AUT,JEY,2021,17,17101594.6,13560178.27,3541416.33,4239338.68,648822.89,893607.9,8100278.82,21204703.19,52.9,24831492.73
AUT,JPN,2016,28,89853181.09,43535805.2,46317375.88,20621864.61,5187492.17,5546132.39,11218857.64,97331787.51,744.6,75046951.11
AUT,JPN,2017,43,22858526.11,2671251.62,20187274.49,3449073.36,742361.6,856064.88,1951044.43,20320763.05,567.5,11591128.38
AUT,JPN,2018,30,34752130.09,13590629.47,21161500.61,7131463.38,2013955.31,2344928.08,722128.03,23481091.95,352.7,1213852.76
AUT,JPN,2019,53,33169257.48,6902140.57,26267116.91,-4975388.62,0.0,0.0,1681589.67,-18544822.25,657.6,13903056.1
AUT,JPN,2020,30,26978244.75,4217233.0,22761011.75,-3258614.81,0.0,0.0,396374.72,-11822431.57,627.5,1557086.19
AUT,JPN,2021,36,96527829.94,72310167.28,24217662.66,10984794.25,1120636.06,1131409.21,210368.94,56410584.07,491.8,550062.15
AUT,KOR,2016,44,63192756.62,21017325.4,42175431.22,13915058.53,6059419.5,6620355.43,7359036.79,69867703.58,432.9,37738027.85
AUT,KOR,2017,39,40746873.19,6736396.29,34010476.91,4865939.51,1787513.67,2294916.19,2056005.7,18212726.2,277.9,8926424.63
AUT,KOR,2018,41,83850794.55,53908330.42,29942464.13,9019566.1,953961.26,1218515.46,37929607.91,51936991.13,383.7,116271400.67
AUT,KOR,2019,40,121415073.46,93315428.85,28099644.61,14610505.01,3433534.1,3831079.58,13554681.14,58264979.52,498.3,35329823.16
AUT,KOR,2020,42,38047097.82,14236107.89,23810989.92,11921256.59,4029386.0,4534812.52,284863.04,24695720.75,610.7,2285939.69
AUT,KOR,2021,43,21176273.42,13961664.04,7214609.37,2780100.72,39660.32,46172.77,2020675.03,6350352.11,213.2,4506259.27
AUT,LIE,2016,22,130935967.29,87272483.19,43663484.1,30433939.06,3792701.88,4052730.96,297072.35,61973643.73,469.3,657295.8
AUT,LIE,2017,29,292238057.73,233418808.62,58819249.11,145031889.11,12808816.66,14854193.73,2387624.05,343930338.58,850.4,4019175.27
AUT,LIE,2018,28,12418135.75,10844493.64,1573642.1,7587458.46,0.0,0.0,683540.68,33630847.7,145.9,1609875.6
AUT,LIE,2019,33,51710702.18,22614433.66,29096268.52,14815799.36,1464239.05,1997092.37,12036034.71,60643525.9,230.9,27749847.47
AUT,LIE,2020,21,67559797.39,48402963.11,19156834.27,16975007.5,2738115.84,2886218.55,7430172.69,49938755.72,366.4,15945406.9
AUT,LIE,2021,28,483102131.85,341481672.44,141620459.41,65663405.19,15262779.57,15836164.42,1206343.15,310297621.46,883.2,6005462.14
AUT,LUX,2016,28,46177727.17,35463129.22,10714597.94,16184764.62,1974385.22,2623769.73,3556631.01,33887617.48,153.7,24535257.77
AUT,LUX,2017,27,2994560.71,1024945.31,1969615.41,346363.14,0.0,0.0,465278.66,1483037.07,66.9,3121485.52
AUT,LUX,2018,30,285273937.35,107518237.76,177755699.59,15056510.85,0.0,0.0,35954506.07,58197588.69,3164.6,224508181.25
AUT,LUX,2019,32,6255142.66,4650376.1,1604766.56,3594897.08,373087.95,497112.49,2131420.22,12593360.23,17.7,9092006.17
AUT,LUX,2020,28,37120106.89,11741883.49,25378223.4,7520285.02,656555.03,828211.75,6821748.94,33595781.32,134.4,22939323.82
AUT,LUX,2021,23,160851787.69,83933973.05,76917814.65,34508287.51,3798214.15,3811235.25,8324071.61,185539809.62,782.2,15658662.01
AUT,MAC,2016,23,37590888.35,24763266.51,12827621.84,17162268.17,1947695.27,2139644.9,4609194.81,44797981.2,191.7,24624920.23
AUT,MAC,2017,27,52007225.38,37653615.8,14353609.58,40475226.79,5281587.53,5301922.0,3967897.2,116900335.08,181.8,22200283.72
AUT,MAC,2018,21,7984595562.67,6764905798.19,1219689764.48,2836870082.48,181390684.64,235533715.12,218823.77,10815150833.42,12191.3,1834820.19
AUT,MAC,2019,30,182162805.26,105846552.84,76316252.42,80281704.57,8903129.15,12361985.42,4285502.21,228342260.78,811.7,15330466.6
AUT,MAC,2020,21,198776659.13,104096257.97,94680401.16,170296288.92,71557121.56,91713468.93,1078053.19,476597175.22,1203.9,5828963.7
AUT,MAC,2021,25,140948518.31,41883636.11,99064882.19,76848159.86,19073932.91,20157181.51,45319622.0,423040689.11,1509.1,83257973.12
AUT,MCO,2016,18,39268080.86,20557335.16,18710745.7,14764773.09,1969916.9,2450291.52,900752.87,53927267.21,769.6,1690057.08
AUT,MCO,2017,32,40675451.05,33432523.8,7242927.25,7656195.59,740291.96,774672.93,3215482.8,21328120.1,273.0,5424915.39
AUT,MCO,2018,20,31662798.86,7279185.35,24383613.51,18195625.92,3860007.99,4900366.54,1355729.33,70821221.83,499.0,6788275.23
AUT,MCO,2019,28,38388814.47,33020445.16,5368369.3,11224317.45,1798558.67,2471516.38,5523511.41,42554374.5,180.5,9991541.37
AUT,MCO,2020,23,137251248.05,43688427.72,93562820.34,42482316.68,7690013.02,10736762.16,15341692.79,180654253.49,1406.2,52261640.88
AUT,MCO,2021,24,152847626.93,109799500.43,43048126.51,91399012.58,10731946.76,12591138.21,26679359.95,248971945.57,909.7,241870668.76
AUT,MEX,2016,35,43108353.18,21910646.7,21197706.48,-6466252.98,0.0,0.0,10207961.48,-18667722.48,428.4,20597640.62
AUT,MEX,2017,40,957512855.84,671088514.16,286424341.67,183413292.14,29523394.87,38274561.21,27198544.66,388516926.55,1664.1,45388388.03
AUT,MEX,2018,55,25431563.08,14525768.35,10905794.73,2208672.56,617417.28,715659.77,22321525.86,10654479.84,249.6,38327424.99
AUT,MEX,2019,41,37717716.61,377177.17,37340539.44,-5657657.49,0.0,0.0,30530219.0,-25496728.86,395.5,93939407.41
AUT,MEX,2020,39,5971867.97,1545986.54,4425881.43,1092796.24,191035.83,264017.04,3786411.19,4052839.52,59.6,9939177.99
AUT,MEX,2021,41,21016697.17,3771883.69,17244813.48,6179980.04,639662.76,846572.7,1255998.28,22363369.11,261.0,3687252.94
AUT,MLT,2016,30,17900770.18,7691454.74,10209315.45,3454416.6,1554487.47,1988752.69,11729620.25,18347532.2,536.2,28011461.35
AUT,MLT,2017,31,16301444.22,8632248.3,7669195.92,7452350.77,797257.06,1096521.39,2259833.9,16946845.06,322.6,7425252.31
AUT,MLT,2018,23,22404139.57,18060937.97,4343201.59,10507319.31,1472215.82,1878715.53,27158234.4,57119248.28,48.1,133809912.63
AUT,MLT,2019,20,20569553.95,9277494.02,11292059.93,15254232.18,3164787.77,3952604.62,2361969.59,91472435.7,399.4,9121343.08
AUT,MLT,2020,27,874991975.16,623491910.95,251500064.2,186612919.45,45963161.43,59843715.07,840455.12,936786747.48,3458.0,2086920.51
AUT,MLT,2021,26,36776235.45,1852575.25,34923660.2,30074852.57,1057686.99,1131362.42,153161.03,74803306.75,3305.4,374268.14
AUT,NLD,2016,14,30808553.23,11091880.46,19716672.77,11459737.07,1163235.46,1593877.57,1447112.4,38092031.45,209.8,6032279.61
AUT,NLD,2017,21,207713680.21,111586359.44,96127320.78,94343682.55,6008275.61,7638744.65,4317720.95,302615141.35,916.7,27304925.05
AUT,NLD,2018,30,89356518.58,73256949.89,16099568.69,33367212.55,0.0,0.0,1345338.94,191383314.85,502.5,4844709.74
AUT,NLD,2019,27,90684926.48,55286526.0,35398400.48,31410956.21,1745526.99,2091418.96,91815.82,174595079.18,343.6,157251.79
AUT,NLD,2020,29,120016134.45,65987997.03,54028137.42,72794382.53,5389916.38,7259978.59,9409691.78,331649024.62,458.5,20725410.3
AUT,NLD,2021,26,229521298.55,142683412.87,86837885.68,75114663.38,6905674.22,7463265.1,406147.23,161109602.55,2092.2,2002840.12
AUT,NOR,2016,29,130463285.48,1304632.85,129158652.63,11175275.18,3680514.9,4070413.6,24388382.08,52938747.8,1210.8,54679876.93
AUT,NOR,2017,28,6075448.84,1642505.83,4432943.01,2474442.63,1113499.18,1129097.01,16364494.81,6904087.73,47.5,41571982.05
AUT,NOR,2018,33,4816322646.49,3242237107.08,1574085539.41,1481765226.07,5204007.69,6825093.05,41926208.48,5897845465.85,13141.6,91820809.93
AUT,NOR,2019,34,7631200.21,2940984.42,4690215.79,-320373.33,0.0,0.0,707901.42,-944275.51,213.4,3502253.38
AUT,NOR,2020,40,25980830.08,3701500.42,22279329.66,7897520.49,1287992.39,1635328.25,35072675.22,40390962.32,426.2,69805632.54
AUT,NOR,2021,39,302533032.56,81264506.04,221268526.52,70683706.69,12979597.52,14084826.02,6734774.26,262880199.85,3439.7,12650374.52
AUT,NZL,2016,45,30887264.94,9335165.93,21552099.01,-4633089.74,0.0,0.0,15032639.17,-23197717.48,687.5,44617666.26
AUT,NZL,2017,37,5390701162.23,5282887138.98,107814023.24,170643018.76,38686634.34,40086186.49,5664943.07,587466412.24,1421.9,11401038.67
AUT,NZL,2018,43,562314562.76,181226729.21,381087833.55,-12779489.62,0.0,0.0,211009.87,-72657761.67,8120.3,984965.71
AUT,NZL,2019,53,33989235.03,13014275.11,20974959.92,7505116.57,2117492.89,2382759.45,1219184.89,28082981.42,273.8,9090103.85
AUT,NZL,2020,40,13661141.8,221718.81,13439422.99,-2049171.27,0.0,0.0,29472941.07,-7921545.2,165.5,179301662.94
AUT,NZL,2021,39,58696773.0,27603048.16,31093724.84,10760310.17,3227361.76,3365629.9,3946831.09,53112675.64,541.1,7824176.75
AUT,PAN,2016,27,27142224.67,14936673.68,12205550.99,9506003.35,1007666.7,1398137.21,3946340.32,23680722.03,136.0,25905484.76
AUT,PAN,2017,27,168933919.53,115370664.3,53563255.23,95587745.78,14032859.56,14280830.15,6873722.68,313033634.15,825.1,16144838.37
AUT,PAN,2018,22,27217896.47,9928750.79,17289145.68,-1018097.2,0.0,0.0,4553874.86,-3607015.89,248.4,33473870.13
AUT,PAN,2019,16,739718798.34,502663157.52,237055640.81,-36985939.92,0.0,0.0,413491.97,-143794208.63,3000.0,1622611.59
AUT,PAN,2020,25,168969146.12,140433640.76,28535505.36,57397243.6,5575166.3,7211628.96,1442818.32,252053040.22,336.1,5311265.56
AUT,PAN,2021,30,120978893.21,93427327.16,27551566.05,40549768.52,1164747.63,1537028.47,3645580.4,216122613.76,442.7,18980314.5
AUT,POL,2016,49,263548078.06,37447461.09,226100616.97,50122183.63,7414057.26,9530404.82,989051.91,255516310.77,2166.5,3023817.42
AUT,POL,2017,30,5559618.55,57178.09,5502440.45,2696003.76,0.0,0.0,46707.05,6055409.84,118.5,320226.6
AUT,POL,2018,45,30672582.94,2734172.9,27938410.04,5209489.71,1249679.69,1339427.99,1708123.0,23068080.92,393.7,3222158.84
AUT,POL,2019,32,6648693.17,1209405.98,5439287.19,2498129.24,1124158.16,1415064.13,6317960.25,14151293.44,79.9,19754560.81
AUT,POL,2020,39,11920294.05,2452009.2,9468284.85,1120597.56,318813.67,438694.54,3846753.84,2886208.0,254.9,28688054.49
AUT,POL,2021,42,128946814.43,67182154.2,61764660.23,-1258127.61,0.0,0.0,18103899.72,-7248846.41,1069.0,43063911.94
AUT,PRT,2016,32,40373447.94,10738991.42,29634456.52,2195034.88,380788.95,401989.58,1442711.97,7643457.44,669.5,10866038.03
AUT,PRT,2017,38,12138892.1,5639036.92,6499855.19,4093348.31,1583349.61,1599891.63,1165273.53,12237754.64,213.3,2923642.15
AUT,PRT,2018,32,1322551261.29,13225512.61,1309325748.68,339647507.17,26057216.72,26423512.31,1109292.5,1576786654.05,13256.2,7741752.89
AUT,PRT,2019,46,15355607.99,9541410.31,5814197.69,-515001.0,0.0,0.0,358879.59,-1680936.42,88.5,2524739.01
AUT,PRT,2020,42,2265339450.66,1539461359.91,725878090.75,348509269.83,63632905.12,66401692.63,553219.17,1696396104.83,17259.8,1434935.02
AUT,PRT,2021,42,5187624.61,2299783.36,2887841.25,597999.84,138575.43,159157.9,511978.53,2645052.25,85.5,5048566.08
AUT,SGP,2016,25,5631947448.66,5012728713.58,619218735.08,2169125469.75,836444365.28,1042027011.9,134781.34,5834138369.77,7127.1,1111510.59
AUT,SGP,2017,28,153116373.14,106354845.74,46761527.39,18383659.18,3197097.42,3572421.45,110803.32,91986718.82,2837.6,940543.95
AUT,SGP,2018,26,344528803.76,139912056.54,204616747.23,134088753.44,7118668.34,9599840.91,2929588.05,590302329.52,1861.1,7837241.15
AUT,SGP,2019,21,132860352.59,96241755.92,36618596.67,-19929052.89,0.0,0.0,15210615.97,-94557643.61,421.8,31967606.97
AUT,SGP,2020,20,52930777.43,14619057.53,38311719.9,4622027.75,0.0,0.0,451187.5,19230117.06,897.6,3113023.98
AUT,SGP,2021,21,83135647.44,65227799.33,17907848.11,36255237.49,4280440.44,5450455.44,1151932.46,207598578.35,146.5,3067558.89
AUT,SWE,2016,44,222717578.88,48593975.75,174123603.14,49207695.97,7901255.64,10836008.59,4237279.13,254192576.02,2311.3,9655717.88
AUT,SWE,2017,47,171298453.81,78349838.23,92948615.59,22554560.54,4154820.85,5675348.38,1916371.67,96621501.27,547.6,4478498.62
AUT,SWE,2018,39,20214830.84,14087277.02,6127553.82,3060677.49,335533.16,448659.9,3121398.09,14068674.38,180.1,12732749.8
AUT,SWE,2019,48,6219169.98,2317337.75,3901832.23,834131.7,207130.94,225926.87,662253.02,3715004.42,36.5,4301582.57
AUT,SWE,2020,52,167359820.87,25873243.47,141486577.4,11203433.78,4399042.11,5512245.94,234484.2,35009574.11,2268.5,431756.27
AUT,SWE,2021,40,161643058.0,43169421.75,118473636.25,43596193.51,7727124.88,9236603.82,701531.0,206191219.98,2915.6,3643243.71
AUT,TUR,2016,39,22182533.27,5876413.3,16306119.97,3211230.39,569706.65,604628.74,6335690.38,7537431.45,407.6,12841582.3
AUT,TUR,2017,46,743845686.94,362676569.46,381169117.48,130147432.84,8095681.17,8718855.81,3175569.55,619149065.64,6385.7,6278642.69
AUT,TUR,2018,32,52176157.82,15793256.98,36382900.83,14281999.38,2701518.89,2936571.14,1102356.49,58043679.5,756.1,2173718.98
AUT,TUR,2019,37,21755330.04,3827384.8,17927945.24,2433272.92,486692.24,580446.61,12604790.96,7519998.88,172.9,31199572.23
AUT,TUR,2020,35,26314317.15,263143.17,26051173.98,20418674.15,8499638.55,8804223.83,6826538.88,71601490.77,332.4,23718251.65
AUT,TUR,2021,34,144346681.36,56312857.89,88033823.47,-1726826.86,0.0,0.0,20945928.7,-4634405.07,883.5,45719004.66
AUT,USA,2016,42,204152190.27,114964946.3,89187243.96,13984835.63,2089757.03,2656398.99,443600.09,77442395.09,1613.7,1673706.93
AUT,USA,2017,45,51983293.35,22948324.21,29034969.15,10545773.66,3143677.52,4253986.41,13170122.57,41438634.99,287.0,44597669.38
AUT,USA,2018,37,64936390.01,15400849.52,49535540.49,3740470.86,318011.96,347470.2,15648052.2,8237125.28,540.7,31364539.43
AUT,USA,2019,41,58021279.56,24000751.76,34020527.8,6576749.65,2291803.58,2779914.33,33128512.51,25516561.0,655.0,59043079.72
AUT,USA,2020,44,73489477.86,36779848.36,36709629.5,16519680.9,3837867.49,4974833.83,2457075.93,95015527.19,336.3,6798077.35
AUT,USA,2021,37,340256363.29,211046322.7,129210040.59,92416820.02,23033468.3,30937913.19,729675.79,504290432.5,947.5,1691850.96
AUT,VGB,2016,29,574662957.0,407735144.53,166927812.47,38722088.22,4470309.44,5552115.65,7606893.28,225424981.21,2962.1,21472185.7
AUT,VGB,2017,28,56182545.2,34329660.21,21852884.98,22429499.63,694124.87,739374.22,18278755.62,51502969.3,382.2,45766948.64
AUT,VGB,2018,15,191516048.5,106320705.38,85195343.12,79849334.59,14560762.0,14689045.97,5355315.76,183591399.49,1539.6,12482705.38
AUT,VGB,2019,19,863631216.38,706293363.33,157337853.05,397038148.96,6219875.6,7128402.81,614664.32,1548413877.31,1159.4,1464545.73
AUT,VGB,2020,23,4610767.87,986093.5,3624674.37,1604677.73,281519.66,385771.58,8760215.23,6156334.36,63.7,14611365.57
AUT,VGB,2021,28,42805938.76,21289954.73,21515984.03,15084211.95,1437505.57,1707647.63,37606264.59,71223999.46,335.9,90329731.28
AUT,ZAF,2016,55,7487194.1,3489891.76,3997302.34,1174314.72,247214.21,278560.74,41530033.27,4710407.28,51.6,134665854.11
AUT,ZAF,2017,37,7833847.99,2614569.41,5219278.58,668109.03,168429.34,205869.42,31064685.36,2607687.7,76.2,69054361.21
AUT,ZAF,2018,37,35801020.78,22207218.15,13593802.63,-270015.61,0.0,0.0,1877411.73,-1250365.34,142.2,7004771.4
AUT,ZAF,2019,60,12662252.97,188465.9,12473787.07,1125746.81,405193.52,471230.0,14270059.88,3052883.6,144.3,52025725.18
AUT,ZAF,2020,35,78025237.42,30202174.23,47823063.19,12385992.05,2231881.89,2777196.92,6473749.23,29438483.28,910.0,15824258.95
AUT,ZAF,2021,38,1181659.73,162845.08,1018814.65,-15841.02,0.0,0.0,4018166.99,-59615.67,38.7,7732351.58
FIN,AUS,2016,34,25367490.59,5602792.24,19764698.35,5477725.26,675602.59,943762.48,121839.67,26861948.61,509.2,267453.94
FIN,AUS,2017,50,6065658.87,1579505.7,4486153.17,780512.86,122133.95,144754.35,292782.78,4376955.47,139.3,785025.71
FIN,AUS,2018,49,33503655.16,7455788.3,26047866.86,-2160705.31,0.0,0.0,385092.92,-9591800.51,667.2,3373634.23
FIN,AUS,2019,40,235256452.04,2352564.52,232903887.52,53002456.63,17018043.35,18392473.37,4068031.58,106586989.59,3088.5,24922946.66
FIN,AUS,2020,55,140458987.88,62495425.13,77963562.75,18030379.4,1292293.31,1473325.92,769917.71,48820481.69,1094.5,4076170.37
FIN,AUS,2021,47,15221406.41,3893211.39,11328195.02,2535083.01,719035.48,871130.22,2221858.0,9796073.33,300.3,5669221.61
FIN,AUT,2016,34,75258653.12,11791317.38,63467335.74,17710458.45,6741541.33,6802343.73,1293642.52,76458122.85,1438.6,3633286.55
FIN,AUT,2017,35,3674881234.44,2330820657.0,1344060577.44,798353744.26,89839973.66,93515349.4,22687.25,3565772928.85,8491.4,183809.15
FIN,AUT,2018,43,6634476.04,2247411.43,4387064.61,2052589.13,444731.64,454763.21,10925559.55,7856346.57,122.8,40378330.46
FIN,AUT,2019,40,83923141.75,65935314.89,17987826.86,9500286.01,1710771.04,1921681.22,9756420.5,44009934.56,235.7,20041985.3
FIN,AUT,2020,45,371037594.88,227103561.14,143934033.74,181342057.13,53975155.14,56090626.08,14397065.48,1029130721.81,1233.3,26758470.55
FIN,AUT,2021,51,50042261.93,500422.62,49541839.31,-7506339.29,0.0,0.0,16057347.55,-30271046.55,384.8,29798082.94
FIN,BEL,2016,41,19377821.6,8183793.21,11194028.39,2356857.83,102531.24,114739.02,1476611.07,6958072.18,473.3,14202613.99
FIN,BEL,2017,44,25595087.31,11414323.6,14180763.71,2499451.14,672050.32,699926.47,119343461.94,6438076.47,280.9,211346615.07
FIN,BEL,2018,43,13709684.31,8150913.01,5558771.3,803551.81,167763.78,218710.14,3966469.8,3210325.19,87.9,10038819.53
FIN,BEL,2019,33,154021009.85,22241132.29,131779877.56,-19074790.04,0.0,0.0,1365100.86,-39938981.85,943.3,4118592.32
FIN,BEL,2020,38,45176212.88,24758391.9,20417820.98,22659474.93,7749621.39,9601542.37,8859653.28,84507749.19,316.2,26115558.07
FIN,BEL,2021,34,1935373.06,380510.97,1554862.09,-21531.02,0.0,0.0,15428004.82,-115769.17,60.5,42525592.86
FIN,BHS,2016,27,45036557.06,23106296.28,21930260.77,25266592.4,0.0,0.0,4973791.69,148164950.48,431.3,14642532.77
FIN,BHS,2017,24,7586529.63,3044544.39,4541985.23,5194376.94,731679.53,860293.34,830336.93,10660025.1,38.4,6554256.56
FIN,BHS,2018,26,419516532.01,356268101.22,63248430.79,169746589.58,14727727.41,15186417.32,13554839.59,736925521.3,386.8,81404348.45
FIN,BHS,2019,20,9698467.77,7208970.62,2489497.15,5097185.54,482039.98,668218.91,2796925.81,18450530.99,73.0,9508356.58
FIN,BHS,2020,18,18711071.24,8460164.51,10250906.73,3935025.81,335463.11,385584.04,248147.01,16483825.82,102.5,2143525.93
FIN,BHS,2021,27,7290108.72,3898787.67,3391321.06,2424630.52,15905.82,16453.8,3598368.44,5206543.4,44.2,18452812.72
FIN,BMU,2016,18,127197393.51,57372088.65,69825304.86,16917949.54,1788364.25,2243889.64,492404.45,92845768.87,1177.9,1873776.72
FIN,BMU,2017,24,154009439.0,94824008.23,59185430.76,42721062.57,1325584.1,1807447.48,748394.97,167767411.93,522.9,4102493.21
FIN,BMU,2018,29,114801106.59,74757029.2,40044077.39,3743292.55,97752.24,123012.39,103630601.55,8413177.73,356.7,236280795.48
FIN,BMU,2019,32,259017564.97,136101203.5,122916361.47,-12950878.25,0.0,0.0,6137497.64,-27504616.41,5572.7,18683657.1
FIN,BMU,2020,28,4131606.61,1931910.38,2199696.24,1024910.13,124317.27,140930.99,5299724.48,5274094.94,51.8,15412860.05
FIN,BMU,2021,27,343082823.24,209163270.85,133919552.39,67283876.72,5715983.19,7509665.49,5349573.19,197404036.04,3673.8,20746941.01
FIN,BRA,2016,43,31613785.49,316137.85,31297647.63,-2436294.83,0.0,0.0,2571583.6,-13089489.17,511.8,6650105.87
FIN,BRA,2017,26,5667960.43,2250467.53,3417492.9,769259.24,160557.79,168430.05,13061678.12,2020806.93,85.9,22868185.91
FIN,BRA,2018,28,73684589.84,33587508.74,40097081.1,14091050.24,3446251.18,4816266.36,4175208.08,69564924.17,737.0,16300123.69
FIN,BRA,2019,36,276825533.21,47542055.85,229283477.36,64598251.67,20850250.83,27331746.14,221235.65,134743141.16,3154.3,417833.72
FIN,BRA,2020,37,38986065.5,18560967.87,20425097.63,2865244.35,399922.81,440796.25,8695495.31,10491174.69,468.4,18128650.49
FIN,BRA,2021,29,8033761.82,4002838.95,4030922.87,2474144.36,723799.97,753438.23,4084760.76,9977857.24,36.2,16826905.15
FIN,BRB,2016,24,45192077.62,34230392.75,10961684.87,9335386.91,444413.37,581769.86,9719130.06,35686456.54,316.4,20144369.56
FIN,BRB,2017,24,10229574.06,6393490.44,3836083.63,5690592.96,789350.82,1031262.79,1476078.51,24253745.23,139.0,4054883.78
FIN,BRB,2018,20,15366248.51,9702725.99,5663522.52,9348174.22,1817107.49,2499765.09,3543297.2,45453420.66,77.0,17466321.99
FIN,BRB,2019,27,979972747.93,614875326.45,365097421.48,374760997.8,65263607.94,89982795.82,9106654.17,1916189517.66,11518.4,33139957.21
FIN,BRB,2020,29,45755857.46,20655093.23,25100764.23,9892127.9,116067.47,156038.28,4714309.27,20639101.22,243.9,8795587.68
FIN,BRB,2021,22,57183689.02,38826001.19,18357687.83,74029.61,6740.66,7712.42,3609249.51,250282.02,405.9,7770380.09
FIN,CAN,2016,47,150502453.04,33754323.26,116748129.77,19945327.2,4047558.03,5146832.14,3323108.32,119067512.18,1827.3,14213303.47
FIN,CAN,2017,39,71122770.24,37555604.38,33567165.87,-1441214.77,0.0,0.0,8004141.87,-8507516.44,931.2,24043975.61
FIN,CAN,2018,35,293484648.69,64766019.54,228718629.15,77663856.8,22435968.92,26161313.45,4324385.56,358927994.61,3699.0,12543274.89
FIN,CAN,2019,42,51217891.6,7659758.72,43558132.88,13285859.65,2457165.17,2561686.99,6108396.19,65133828.04,1082.1,49644798.09
FIN,CAN,2020,37,313806580.39,159670360.66,154136219.73,41340860.87,5823582.58,6816234.58,2137264.92,116383627.84,1678.9,5833929.52
FIN,CAN,2021,40,8982439.81,1109311.42,7873128.39,194093.83,30272.85,39020.62,1199850.63,1123905.84,289.9,3645813.57
FIN,CHE,2016,23,47782946.28,34040182.31,13742763.97,14340294.22,684430.76,789747.61,2992167.1,52461852.88,100.8,6939885.41
FIN,CHE,2017,22,80608923.08,59442297.46,21166625.62,40822841.83,6401488.58,8505794.67,37688720.96,238092396.78,553.7,69572232.76
FIN,CHE,2018,19,32785603.32,13060875.82,19724727.5,10715380.8,706143.78,963903.48,3851911.26,43900916.91,285.4,7229684.33
FIN,CHE,2019,33,253004419.53,185148189.29,67856230.24,72054741.63,11392983.79,13909910.75,139867030.35,159520170.15,1840.4,722691767.07
FIN,CHE,2020,20,1123248162.02,994147072.37,129101089.66,130042485.92,22098891.1,26439972.03,1588634.51,657355159.1,4072.7,3119304.66
FIN,CHE,2021,29,16079193.73,3315434.59,12763759.13,5219648.57,290627.39,375828.86,8585307.4,24705806.54,107.0,83804956.11
FIN,CHL,2016,37,42358744.06,21997380.38,20361363.69,4199366.11,676442.23,885667.61,5470235.15,23308644.4,241.2,12878327.91
FIN,CHL,2017,33,22615407.12,8972414.76,13642992.36,1052462.05,168770.84,212363.0,46066119.97,2875609.08,581.5,119719695.35
FIN,CHL,2018,32,80876645.08,36282583.48,44594061.6,30659081.93,6597497.98,7983221.72,5891678.47,84248290.67,754.8,21605199.41
FIN,CHL,2019,42,52617030.22,30571190.52,22045839.71,49986178.71,1023189.7,1392285.1,12961835.02,111364134.49,343.2,26197523.88
FIN,CHL,2020,39,22742346.64,6528770.18,16213576.46,2931293.08,955220.0,1119857.03,1606330.23,14724931.07,277.3,4189330.34
FIN,CHL,2021,44,110621506.93,64857601.75,45763905.18,32435349.64,11706632.51,13650993.2,8076360.46,95490779.18,535.8,28018158.69
FIN,CHN,2016,45,217361646.34,57858811.37,159502834.97,54271378.63,11058686.75,11079602.88,3110056.09,152700759.94,2009.2,7561543.7
FIN,CHN,2017,50,93853533.5,51781786.13,42071747.38,18160999.93,2697263.31,2849568.86,19112224.78,70440500.49,690.7,46153242.47
FIN,CHN,2018,36,59362553.2,12225130.02,47137423.18,-7903717.21,0.0,0.0,26713888.18,-20753039.18,736.2,92712935.14
FIN,CHN,2019,35,9700364.34,4094569.75,5605794.59,1045432.42,107594.77,113860.18,48039739.06,4089849.79,169.4,185681350.23
FIN,CHN,2020,40,94035053.02,38096637.06,55938415.97,33610147.2,8461420.69,9501491.29,580494.96,136010891.35,1021.7,2031738.29
FIN,CHN,2021,41,942742.15,9427.42,933314.73,-47992.47,0.0,0.0,1109384.3,-180113.16,18.8,7512881.49
FIN,CYM,2016,34,24596778.1,9459749.77,15137028.33,13462741.9,986627.82,1352890.3,2257271.12,43611189.64,578.2,6842349.37
FIN,CYM,2017,24,140293055.66,28941944.03,111351111.62,41005137.19,5916237.63,6019422.22,4801956.39,91749385.94,1160.4,39359962.84
FIN,CYM,2018,25,176790451.89,145352171.03,31438280.86,74499199.83,5126396.23,6464391.66,1419750.06,340219857.11,1234.8,9477409.46
FIN,CYM,2019,38,1463954274.62,1434675189.12,29279085.49,-40364944.19,0.0,0.0,765293.44,-91070246.16,367.4,2731864.36
FIN,CYM,2020,27,1635773739.85,1586700380.63,49073359.22,397316425.48,43038572.73,53151883.95,69162.35,1647014814.83,899.3,524805.2
FIN,CYM,2021,27,331808585.8,202208235.2,129600350.6,175292017.4,22632880.59,28657394.37,5016270.56,821869772.95,1271.8,8675362.57
FIN,CYP,2016,22,17482209.38,14409895.79,3072313.59,2284760.35,355864.64,394520.14,421950.31,12243950.45,63.5,2749281.99
FIN,CYP,2017,23,290533313.78,194734576.72,95798737.05,78953759.45,0.0,0.0,4324666.26,375018732.39,2506.8,10360717.29
FIN,CYP,2018,21,956314729.58,701384384.8,254930344.78,224087320.29,49525579.13,53812309.4,2199592.94,483755350.22,1111.4,9201399.96
FIN,CYP,2019,26,93399154.49,69821701.53,23577452.96,44081922.91,3267675.0,4529516.56,5340674.98,168850641.03,405.8,22427274.6
FIN,CYP,2020,27,749641516.26,646614903.27,103026612.98,181706266.22,10477652.79,13350203.35,2850070.99,926138439.5,829.2,18121552.26
FIN,CYP,2021,28,455002275.39,319600101.08,135402174.31,72671610.42,1946046.88,2550679.73,1370857.52,372876381.32,6953.3,6480503.61
FIN,CZE,2016,42,13540390.78,7917446.76,5622944.02,-314562.26,0.0,0.0,2630236.84,-1875425.2,119.7,6860614.52
FIN,CZE,2017,42,834986429.49,317591266.46,517395163.03,148604525.11,33221925.15,43933593.65,2653318.21,639670882.22,6593.4,4451337.97
FIN,CZE,2018,30,497019165.53,213618535.42,283400630.11,93740354.09,25344967.39,30196094.07,3789797.24,445574168.07,2487.6,7153874.47
FIN,CZE,2019,41,51252443.54,32429460.81,18822982.73,-5311957.48,0.0,0.0,880856.34,-29746996.12,271.2,2395289.16
FIN,CZE,2020,45,2212380.2,958812.27,1253567.93,380289.21,116501.41,149477.3,4409460.06,1361688.55,53.4,8198882.26
FIN,CZE,2021,43,65151139.82,46093027.94,19058111.88,-6099596.57,0.0,0.0,9807640.85,-29444922.92,380.1,28867126.84
FIN,DEU,2016,46,31153863.55,2814127.58,28339735.97,3791773.62,1113604.59,1508690.21,5753081.22,8424857.13,323.5,14327465.16
FIN,DEU,2017,45,44563001.2,19572554.96,24990446.23,-1870590.47,0.0,0.0,3872139.03,-11222188.12,530.7,20121982.96
FIN,DEU,2018,52,8895205.94,397362.86,8497843.08,1147493.25,70280.29,82432.24,79654982.9,5264753.88,106.3,160839689.7
FIN,DEU,2019,46,116147520.37,66561531.08,49585989.29,2424591.59,201378.65,220802.11,7988359.83,12156439.82,1735.9,45673427.42
FIN,DEU,2020,36,14032554.86,1335953.11,12696601.75,3060884.6,132133.67,165492.99,2264181.98,15856434.37,229.0,4237020.31
FIN,DEU,2021,42,5943148.09,2203305.62,3739842.47,486974.69,83961.99,101465.92,798828.46,1890132.94,298.2,7061213.12
FIN,DNK,2016,38,82502526.56,19108593.61,63393932.95,6827763.49,1358233.11,1549809.05,186452.49,35681065.54,1323.2,315787.72
FIN,DNK,2017,40,523765757.58,152327691.4,371438066.18,54809892.9,14614198.05,17285398.77,10010135.0,179888686.51,17638.7,17113107.67
FIN,DNK,2018,46,13302102.8,10452914.57,2849188.23,3726559.01,553712.89,703319.45,595189.28,13783226.72,87.9,2942442.75
FIN,DNK,2019,47,113466212.48,65018411.8,48447800.68,-6370604.11,0.0,0.0,8671645.66,-17522307.64,370.8,17682861.13
FIN,DNK,2020,46,43883923.69,5343192.02,38540731.67,8182459.05,716997.17,993939.14,1020505.04,38702840.02,332.6,6005781.49
FIN,DNK,2021,52,2710793305.65,610177260.5,2100616045.14,534837758.24,188708922.46,238166998.64,1716161.27,2133313144.56,17327.1,3830381.24
FIN,ESP,2016,42,18260921.81,8919530.97,9341390.84,4749485.46,1067785.05,1119202.1,1978276.21,21554342.64,147.3,7186537.56
FIN,ESP,2017,41,1891674264.02,1853840778.74,37833485.28,125960303.8,12713942.79,14680414.63,2854786.48,509954096.66,1258.6,6520091.4
FIN,ESP,2018,33,323052534.58,122970687.99,200081846.6,55320520.75,1628324.77,2260108.25,1762778.54,277868947.93,2620.4,9465480.42
FIN,ESP,2019,52,14683364.72,6390458.12,8292906.6,6358340.43,7075.81,9350.28,52715.1,22395895.16,290.0,479876.15
FIN,ESP,2020,40,152190741.37,34276109.55,117914631.82,7678096.46,619737.6,791259.11,2195424.23,30794025.2,2278.3,6040361.34
FIN,ESP,2021,49,4597132894.79,3339948636.72,1257184258.07,186637270.48,62409720.95,78573746.1,1405980.75,430490085.0,15003.6,3097878.78
FIN,FRA,2016,34,16699751.44,8030377.45,8669373.99,2291645.24,632059.21,632751.33,12704673.05,13624514.87,570.3,41157142.85
FIN,FRA,2017,37,126597048.13,20163389.44,106433658.69,5430004.76,1053688.15,1244109.82,20847967.44,16413774.49,3719.2,48695044.21
FIN,FRA,2018,46,48690042.57,4794625.4,43895417.17,5785003.26,1065614.71,1312025.75,743329.75,25947080.08,963.5,1832984.28
FIN,FRA,2019,42,166021149.27,158830165.61,7190983.66,-24903172.39,0.0,0.0,4835857.35,-145885912.46,172.0,15606614.66
FIN,FRA,2020,37,28690056.97,7578540.83,21111516.15,-1374678.47,0.0,0.0,1311687.51,-7356851.47,911.8,5354009.09
FIN,FRA,2021,32,147281456.9,77092832.41,70188624.49,10339731.8,2041447.5,2088080.19,2392821.25,40840225.86,275.6,5432441.26
FIN,GBR,2016,44,21282586.32,9334892.63,11947693.69,2463574.43,767771.77,1065022.6,2761774.43,13152160.39,171.4,9108441.37
FIN,GBR,2017,31,32691395.34,11790416.89,20900978.45,10544402.21,745986.36,954125.12,1826678.84,47860176.82,140.4,4801479.49
FIN,GBR,2018,36,176004302.68,39436683.13,136567619.55,-13023532.25,0.0,0.0,902015.87,-68085790.58,2398.5,2368965.84
FIN,GBR,2019,45,12193976.56,6070480.27,6123496.29,1764493.94,317638.15,434074.96,23292141.08,8830176.74,115.0,56502075.76
FIN,GBR,2020,35,36148963.68,10039721.33,26109242.36,846613.97,211375.82,267820.87,1267799.27,1912536.91,338.6,2226189.05
FIN,GBR,2021,39,713571128.98,46168796.2,667402332.79,-107035669.35,0.0,0.0,515148.06,-398642078.59,8309.5,865049.78
FIN,GGY,2016,22,27054929.57,3520661.09,23534268.48,13992932.68,3488759.16,3534712.85,7781545.9,42283138.27,276.9,77258830.19
FIN,GGY,2017,23,192715947.18,121695600.64,71020346.54,61189888.58,10187443.36,13290560.41,8475488.76,346519634.16,3269.2,31539898.5
FIN,GGY,2018,34,91632186.46,53363323.07,38268863.39,53919803.07,7522817.48,10242413.69,10116732.33,131796445.21,339.8,17329700.67
FIN,GGY,2019,30,12542202.25,3686817.87,8855384.37,5332835.36,240872.79,301166.5,331489.8,17503650.38,47.8,592501.16
FIN,GGY,2020,26,9149914.85,4370742.23,4779172.61,1097233.02,105174.11,126256.24,7230384.88,3233193.02,40.9,24843764.45
FIN,GGY,2021,23,37403827.96,30935166.1,6468661.86,5330911.45,0.0,0.0,12191468.42,24246961.46,57.7,31900500.08
FIN,GRC,2016,43,48755431.52,32028963.9,16726467.62,5442448.16,872720.58,993296.23,12344935.01,16033413.01,249.8,53771736.02
FIN,GRC,2017,39,458879275.28,147983996.88,310895278.41,33373156.53,5313922.38,5395637.6,3043361.88,117873444.77,3970.5,7911697.57
FIN,GRC,2018,38,89132840.89,36007239.29,53125601.6,20985043.18,5935840.65,6787357.18,783216.89,67170855.43,995.8,5464689.39
FIN,GRC,2019,36,22475681.13,8472522.32,14003158.8,149554.88,22947.05,23473.48,28755990.67,532227.01,720.3,58706720.62
FIN,GRC,2020,45,33868828.79,7014664.37,26854164.42,8516759.52,2122546.22,2395897.54,593683.24,39505785.88,366.7,1086384.3
FIN,GRC,2021,29,84168328.44,8525584.18,75642744.27,390953.9,32313.86,45016.38,15406587.77,1972754.91,1693.3,48619910.32
FIN,HKG,2016,25,40687651.23,23063277.24,17624373.99,9043513.63,830692.41,896146.37,970378.09,27162738.96,241.6,6313645.47
FIN,HKG,2017,37,50681749.32,25744121.38,24937627.94,10268188.18,0.0,0.0,19767569.3,34233488.76,345.2,38731543.85
FIN,HKG,2018,27,59388918.22,43158871.02,16230047.2,23106031.75,4757812.82,6171682.98,2380753.41,71723932.82,237.4,12394282.43
FIN,HKG,2019,26,1131505.18,282892.82,848612.36,270816.59,26791.18,27548.56,1486147.71,1556305.15,71.7,3067406.16
FIN,HKG,2020,19,43757128.78,31803508.05,11953620.74,-6563569.32,0.0,0.0,572406.25,-28943059.48,424.1,2146059.2
FIN,HKG,2021,27,11305084.58,5709360.85,5595723.73,3299145.85,37015.6,42748.99,871971.78,13579737.7,162.2,2975252.22
FIN,IMN,2016,24,121822698.06,35555922.11,86266775.95,77004877.11,18560053.24,24434468.72,513812.13,268661355.32,1188.4,2380995.66
FIN,IMN,2017,26,39265675.65,32392368.19,6873307.46,5419693.37,277061.32,349278.84,1203936.24,20465221.94,124.6,2620969.27
FIN,IMN,2018,29,1644357756.33,1478099630.63,166258125.71,407144111.75,16608093.87,17687186.7,1180839.28,1454449786.66,3697.8,9187802.86
FIN,IMN,2019,24,50314622.12,21452569.47,28862052.65,18378371.4,3282112.29,4577705.44,584798.16,48803531.07,273.6,1649958.76
FIN,IMN,2020,27,54907449.12,36181077.89,18726371.23,17517512.08,1252630.99,1740494.05,4874907.58,67781207.06,351.2,15573035.5
FIN,IMN,2021,28,372757904.12,272265146.4,100492757.72,181219502.46,0.0,0.0,4782297.96,1029513235.81,1678.3,9421943.47
FIN,IND,2016,48,18178915.13,8421777.76,9757137.37,3691868.17,799412.73,1024235.77,2853648.33,7746182.19,214.0,4830783.87
FIN,IND,2017,34,82364670.64,50234471.6,32130199.04,19246316.78,5609934.62,6776053.75,29637.15,74054040.91,652.7,223335.35
FIN,IND,2018,51,85051117.92,15538865.01,69512252.91,22069767.97,6318697.3,7279369.71,27283521.3,71770638.39,1196.0,53806130.35
FIN,IND,2019,51,20744107.95,12618848.08,8125259.86,2199673.7,220456.89,284669.94,12874977.78,7360811.61,183.1,62961552.9
FIN,IND,2020,35,274976692.0,17820103.89,257156588.11,53665217.12,6707870.7,6971699.24,6106184.47,240551265.5,678.7,14607645.43
FIN,IND,2021,46,57624699.46,8997292.95,48627406.51,7842971.1,1922035.02,1940466.65,4215063.22,44739009.68,273.1,23291589.48
FIN,IRL,2016,24,16198933.9,10391239.93,5807693.98,9839555.35,98998.5,135044.93,770059.26,49840476.8,187.1,2260384.95
FIN,IRL,2017,24,23148093.4,3790467.34,19357626.05,18444666.71,1449772.58,1867728.46,8772695.99,73198141.62,347.1,21285342.44
FIN,IRL,2018,23,399162375.09,244462302.17,154700072.92,109063340.81,9144790.16,11990162.76,12062341.15,647594983.45,656.9,51134228.05
FIN,IRL,2019,26,51492475.66,40399419.82,11093055.83,24200027.03,2971152.6,3021806.08,3969185.91,125270123.94,212.7,6721463.06
FIN,IRL,2020,26,50069020.52,17224638.08,32844382.45,29774959.12,2808865.22,3503942.69,1605005.36,79463351.6,535.4,3158390.31
FIN,IRL,2021,33,36578362.06,17332398.27,19245963.79,13834472.37,2312748.66,3207270.9,1675192.9,74938688.89,192.2,11279119.59
FIN,ITA,2016,52,69272255.79,18998366.6,50273889.19,7365725.92,0.0,0.0,42398731.98,34504711.84,484.2,94799152.42
FIN,ITA,2017,38,105388722.57,34203529.62,71185192.94,15341086.01,1865053.09,2583897.16,3181815.27,59451156.74,1299.7,7950027.74
FIN,ITA,2018,37,8112458.88,3493015.04,4619443.84,-1216868.83,0.0,0.0,14043870.02,-6127335.52,57.5,41310285.46
FIN,ITA,2019,33,26880053.01,7640160.44,19239892.57,7004028.01,1662672.5,1836206.05,37125078.81,29998886.85,538.8,69107539.57
FIN,ITA,2020,35,390584943.31,221719025.77,168865917.54,49994444.03,11512171.13,15250810.21,1706338.13,192788278.07,2602.0,5785822.11
FIN,ITA,2021,50,6589243.22,1627623.52,4961619.7,2362973.26,680038.8,794379.95,1146593.26,9883452.05,112.8,5987965.56
FIN,JEY,2016,29,134095065.75,118951010.78,15144054.97,21804312.69,3284644.84,3566045.11,30775735.32,108815427.24,278.6,97283143.3
FIN,JEY,2017,30,84913850.93,31591437.19,53322413.74,23972077.43,0.0,0.0,2414321.34,55149076.62,685.7,5549902.73
FIN,JEY,2018,19,289152690.22,223018712.1,66133978.12,69168652.93,14057501.2,15841472.37,806401.28,323614541.21,654.7,4424995.36
FIN,JEY,2019,28,464944601.76,424596792.78,40347808.98,33873511.29,4951571.7,6517871.14,1680359.52,199455248.93,1122.7,7702781.45
FIN,JEY,2020,32,225991210.79,103210318.97,122780891.83,167128805.92,65440256.92,89488664.17,1139662.09,978406533.27,517.1,7244667.35
FIN,JEY,2021,31,125513269.49,89742602.42,35770667.06,-6275663.47,0.0,0.0,226599.45,-18517932.13,616.9,686745.45
FIN,JPN,2016,37,39414487.21,28688001.66,10726485.55,-1741708.74,0.0,0.0,17960774.96,-7662965.7,209.3,31589477.57
FIN,JPN,2017,47,53500518.81,44344785.99,9155732.82,5673893.59,1501979.1,1819813.34,5974251.99,30636450.14,116.9,26916795.88
FIN,JPN,2018,34,182512483.83,96127860.3,86384623.53,17715125.3,3232992.91,4205979.23,2050607.07,47366000.45,957.0,12702962.57
FIN,JPN,2019,48,16943945.8,2358072.5,14585873.3,3097304.32,382678.49,395288.76,967418.02,16156151.07,170.6,2361674.17
FIN,JPN,2020,43,12090688.55,2977377.57,9113310.98,2619962.73,502148.61,515851.0,294109.0,5587962.83,136.8,988501.74
FIN,JPN,2021,40,9791987.56,1911081.51,7880906.05,1739836.31,368819.29,444417.93,2783800.1,8749296.8,82.6,5018536.74
FIN,KOR,2016,45,13376168.44,3950440.38,9425728.05,2802037.32,623550.34,855623.37,789096.78,12820759.45,185.2,4655998.72
FIN,KOR,2017,35,54816970.98,19730585.93,35086385.05,7199545.0,1803650.34,2194537.25,1259673.74,16713420.23,402.4,4794469.97
FIN,KOR,2018,41,411865974.1,149865372.71,262000601.39,-35058640.08,0.0,0.0,3277324.1,-167275478.89,4318.4,6617912.45
FIN,KOR,2019,42,246377239.12,103079340.21,143297898.91,34736043.66,7335557.62,8515578.99,653247.92,204187501.78,1429.3,2578374.27
FIN,KOR,2020,49,28431177.91,11715442.76,16715735.15,6612452.7,2661330.71,2724863.21,49219.75,27812046.66,829.3,112538.96
FIN,KOR,2021,51,215888818.36,130626947.23,85261871.13,8849839.06,1227967.56,1315587.92,10849897.89,20977910.96,632.3,57738918.83
FIN,LIE,2016,23,206432455.22,90282575.14,116149880.08,114557891.15,19176260.17,26790686.42,677149.52,302784498.8,1079.3,1303872.19
FIN,LIE,2017,22,4526603616.12,4056158171.22,470445444.91,564946931.06,21404311.01,27459064.48,4532932.83,2528521912.91,6282.7,11150057.09
FIN,LIE,2018,31,4743531.16,2762603.16,1980928.0,1430843.43,140428.56,167649.96,9184045.79,7533913.54,156.4,23370631.77
FIN,LIE,2019,32,115706205.38,53143575.35,62562630.03,44461257.96,0.0,0.0,7690474.68,187928792.72,1085.4,28771343.71
FIN,LIE,2020,25,35989612.99,30852451.61,5137161.38,12983989.79,822019.71,874269.05,1025180.83,46136175.97,185.9,2116610.66
FIN,LIE,2021,26,104084104.72,66958063.83,37126040.89,48909124.97,0.0,0.0,14237974.82,157941904.21,862.0,93535041.78
FIN,LUX,2016,25,123300090.73,54330644.19,68969446.55,1360114.46,161844.02,178703.21,310609.26,7839664.38,1201.9,585688.09
FIN,LUX,2017,19,36936200.53,17678934.12,19257266.41,9070603.06,1129717.54,1300627.84,3157846.56,24290936.02,315.1,5477748.39
FIN,LUX,2018,20,7216737919.57,7072403161.18,144334758.39,3995490154.13,949727605.73,1182259858.62,1371246.01,12050265779.35,1536.1,4402620.29
FIN,LUX,2019,30,68727896.59,46919432.2,21808464.39,11088119.53,1843337.69,2430512.3,4965612.51,42580429.57,576.2,28428131.5
FIN,LUX,2020,26,99173312.95,78173853.41,20999459.54,38447611.14,2584945.57,2790899.62,287728.61,84847870.0,1039.3,1585568.79
FIN,LUX,2021,23,99594250.07,77037940.39,22556309.68,-2653254.52,0.0,0.0,5838304.28,-12253994.96,119.7,12467214.09
FIN,MAC,2016,20,142562751.94,124935561.06,17627190.88,4122591.81,913633.34,1277524.08,3364741.66,21404150.41,246.6,8268050.05
FIN,MAC,2017,28,19572838.23,10302209.54,9270628.68,5480021.13,0.0,0.0,1621003.61,29056976.86,158.1,4572701.02
FIN,MAC,2018,14,29738336.47,24093748.49,5644587.98,21636435.88,1867580.08,2113245.39,5031566.9,88218422.59,183.9,16179730.1
FIN,MAC,2019,27,514088206.31,389355448.25,124732758.05,208402084.76,26691574.0,29316393.48,9440494.6,514604675.87,1501.8,23452842.19
FIN,MAC,2020,20,151386135.3,77806194.13,73579941.16,73806237.0,7306279.99,9542501.29,1495578.84,333194746.11,1731.0,2984776.82
FIN,MAC,2021,28,24807777.35,10368328.69,14439448.66,1657072.62,0.0,0.0,434259.57,3693977.49,314.5,1450877.22
FIN,MCO,2016,21,16622119.7,8352121.2,8269998.5,-194578.5,0.0,0.0,6518587.61,-451111.03,127.1,20105520.37
FIN,MCO,2017,21,200690838.33,181290014.85,19400823.49,77852525.97,11776737.76,13299740.48,15422822.85,393361152.67,308.0,53051286.98
FIN,MCO,2018,17,18579952.16,9600650.39,8979301.76,11776561.76,1199105.74,1279364.6,852213.47,43550395.53,178.1,6094212.34
FIN,MCO,2019,26,20249612.69,14778122.64,5471490.05,3790414.55,354240.5,359629.12,3134427.82,8740305.99,56.7,8464696.43
FIN,MCO,2020,19,185097837.29,44329167.22,140768670.07,20693828.99,2882214.39,3633840.83,1732848.98,55902991.39,7029.5,4250332.03
FIN,MCO,2021,22,37646405.32,29999097.06,7647308.26,19807849.53,3807491.47,5060700.15,1527075.15,82724474.93,68.5,4026436.39
FIN,MEX,2016,37,2950945.89,1700602.18,1250343.72,666145.21,146078.85,146631.67,1497987.67,1882565.18,15.3,4052211.41
FIN,MEX,2017,46,189294789.95,38531977.65,150762812.3,27682541.46,5374665.42,6751295.15,2010741.72,76332153.55,1154.8,5793651.65
FIN,MEX,2018,35,5306644.11,3428942.47,1877701.64,176203.15,60729.49,61225.29,1384204.96,994071.45,27.0,2566255.6
FIN,MEX,2019,46,47303043.24,8000285.06,39302758.19,6024157.48,825821.52,1006842.75,6123892.72,35558770.49,712.4,13677799.4
FIN,MEX,2020,33,362577413.23,209388334.59,153189078.64,-12579167.37,0.0,0.0,1540036.96,-31562574.81,2279.7,11171799.38
FIN,MEX,2021,35,169088667.64,63082402.97,106006264.67,-25363300.15,0.0,0.0,18303888.75,-86890028.04,1571.0,45105208.21
FIN,MLT,2016,22,117634284.07,89159334.28,28474949.79,18809296.53,610619.47,792785.82,5337979.16,50967912.29,278.0,10222075.45
FIN,MLT,2017,28,1159843096.95,1000131501.03,159711595.91,301243169.13,19101475.09,22010007.17,4978544.29,1803557212.79,1582.8,14967763.96
FIN,MLT,2018,25,82317909.09,74633363.33,7684545.77,4749871.72,772664.57,942933.93,662957.84,17616524.07,36.1,1177975.16
FIN,MLT,2019,21,32393533.78,8180590.83,24212942.95,10570610.77,1423055.51,1825300.51,2963659.59,60759102.19,308.4,8130178.72
FIN,MLT,2020,25,27536936.94,12949000.8,14587936.14,10958864.2,1660074.53,2018497.14,7988167.58,28197312.26,956.6,66977237.27
FIN,MLT,2021,23,71569900.99,50266162.17,21303738.81,25955371.78,4773158.42,5590759.6,1888539.11,128265578.32,554.8,3904313.74
FIN,NLD,2016,23,2824380.28,551799.71,2272580.56,1518134.49,275462.86,381140.92,1343284.99,7003362.06,132.5,3049727.57
FIN,NLD,2017,32,1008540042.12,988369241.28,20170800.84,-151281006.32,0.0,0.0,1802414.2,-313659485.2,156.5,15198217.74
FIN,NLD,2018,21,7357542.55,2645841.93,4711700.63,4760237.7,871932.17,964051.79,10518358.6,15330449.7,111.3,17901084.59
FIN,NLD,2019,23,67198874.77,46123152.2,21075722.57,18698737.08,633731.58,768852.49,2241674.63,66184978.45,386.7,5924484.09
FIN,NLD,2020,25,1922330.66,923936.94,998393.71,41549.75,410.11,422.77,4488944.9,155723.16,22.4,25155821.54
FIN,NLD,2021,18,30991959.7,22971035.77,8020923.93,11230556.25,1484974.49,1853281.77,4420275.51,31237930.64,167.7,20304175.16
FIN,NOR,2016,44,7066715.68,2361160.53,4705555.15,425159.41,137821.99,147674.52,237797.99,1053272.69,70.2,441435.66
FIN,NOR,2017,38,45453135.68,454531.36,44998604.32,18557769.0,3148774.89,3970779.46,12443528.5,79116141.83,644.5,30900155.67
FIN,NOR,2018,47,53015838.16,15753353.91,37262484.25,8082461.32,2445520.27,2733835.64,448912.46,21009825.15,299.4,4289115.16
FIN,NOR,2019,33,96912038.23,27305702.94,69606335.29,11725466.71,2888030.8,3856059.21,540025.94,38558636.19,1317.1,2915468.32
FIN,NOR,2020,47,76252454.98,11163956.98,65088498.0,-2453336.87,0.0,0.0,2991340.17,-14033923.38,660.2,16913737.93
FIN,NOR,2021,36,8091867.99,3448344.54,4643523.46,-373461.39,0.0,0.0,1589452.51,-2170975.12,58.8,3105797.95
FIN,NZL,2016,42,15616082.55,3415071.72,12201010.83,5902315.76,1611418.07,1998211.64,4727274.65,29992107.65,293.4,8619603.13
FIN,NZL,2017,40,32029320.71,19448612.07,12580708.64,4746713.57,0.0,0.0,3581471.48,19885239.55,150.1,33426494.58
FIN,NZL,2018,38,55656216.31,26946558.71,28709657.6,-4302660.13,0.0,0.0,1886235.97,-16792213.98,224.8,4023693.33
FIN,NZL,2019,50,57677531.25,24423803.63,33253727.62,12266461.3,1231631.18,1480150.69,8699834.89,43982262.24,1486.0,15123710.3
FIN,NZL,2020,49,98115527.8,39568380.36,58547147.44,11131241.98,3475875.92,4815243.11,12930234.83,63358884.04,1015.6,46440907.92
FIN,NZL,2021,45,6885675.32,3503800.02,3381875.3,669913.37,102715.07,131483.3,7217042.76,2470010.69,68.1,16278372.35
FIN,PAN,2016,25,102189676.0,50160495.05,52029180.95,13809721.48,985142.73,1352732.24,21485480.66,57379448.99,377.7,36166002.61
FIN,PAN,2017,27,60560160.27,33919365.03,26640795.24,14921607.39,2179027.36,2537792.3,3444651.63,38501824.96,563.4,24093436.59
FIN,PAN,2018,23,66801928.01,37885789.99,28916138.02,23702842.83,1549634.61,1563990.86,4871092.06,86970404.19,268.4,12807746.33
FIN,PAN,2019,32,31602930.85,16025746.57,15577184.28,22780484.09,3922960.2,4829572.63,5459524.59,97548895.46,206.9,11741804.42
FIN,PAN,2020,16,2262950.62,1416141.23,846809.39,1657989.51,224370.1,245055.35,1268014.4,8485939.78,19.5,6008175.01
FIN,PAN,2021,25,1969743.48,930215.01,1039528.47,876053.62,68903.72,72277.14,237544.69,1768825.85,43.6,555771.16
FIN,POL,2016,46,205408316.24,50673464.1,154734852.14,30119370.85,9807665.09,12922917.05,406046.18,156011611.59,1320.4,911871.72
FIN,POL,2017,45,20604640.87,3671738.42,16932902.45,3902394.72,103467.77,115234.63,4301468.76,17204175.74,134.0,13306631.06
FIN,POL,2018,33,89089613.77,37298442.86,51791170.92,6895399.04,935847.57,1009186.35,1053750.2,38069224.06,288.9,3032201.11
FIN,POL,2019,34,158257119.18,99284200.4,58972918.77,25215272.92,4988831.3,6566833.63,752647.19,51053740.99,925.4,1479212.51
FIN,POL,2020,44,26563730.96,5463704.6,21100026.36,9728830.05,0.0,0.0,15108075.76,44055566.62,498.9,41845914.75
FIN,POL,2021,48,1594724.5,15947.25,1578777.26,320932.75,114487.65,154284.41,1589170.37,1749375.51,59.0,3502737.41
FIN,PRT,2016,38,45866145.82,15465713.27,30400432.55,-4077537.74,0.0,0.0,35698049.9,-12177609.09,730.0,198792961.6
FIN,PRT,2017,39,60285765.68,36446730.69,23839034.99,8697070.31,2260852.65,2767291.63,855408.8,34292103.01,1050.4,2229737.07
FIN,PRT,2018,35,116210228.07,52177062.14,64033165.93,3201659.55,721558.84,964966.13,154932.65,12482430.59,512.3,667018.77
FIN,PRT,2019,50,29102216.79,3998198.4,25104018.39,-1869074.76,0.0,0.0,4256250.1,-9366069.27,332.6,9385337.5
FIN,PRT,2020,36,27097708.02,5316729.41,21780978.61,-4064656.2,0.0,0.0,1523074.29,-11674913.71,298.2,14256738.2
FIN,PRT,2021,43,1405609.47,398540.27,1007069.2,785841.04,125051.28,128273.61,2071252.91,2940143.45,63.3,9255550.46
FIN,SGP,2016,31,89670280.1,51134870.27,38535409.83,33850279.12,0.0,0.0,18040197.84,100800126.14,589.1,65638005.75
FIN,SGP,2017,27,2028059264.32,1671829214.03,356230050.29,447327943.62,23031945.86,24252270.49,1972169.56,1169483281.11,8347.1,5358670.17
FIN,SGP,2018,22,78430230.18,61282515.44,17147714.74,-11764534.53,0.0,0.0,2057778.93,-34994761.68,121.8,4355536.96
FIN,SGP,2019,20,36778254.97,26905629.45,9872625.52,12855301.73,2426278.22,2654189.69,472957.52,54787690.75,254.1,4699741.96
FIN,SGP,2020,19,33486080.43,19415123.65,14070956.78,9662646.52,391144.52,436581.83,79696144.9,42631309.58,480.1,395357232.43
FIN,SGP,2021,37,227957852.86,56405641.18,171552211.68,66237749.55,12815812.53,16916363.78,1255395.33,180792925.05,4003.5,5779322.7
FIN,SWE,2016,31,23845883.61,4975739.98,18870143.64,712813.15,183710.05,246945.94,7623046.62,2907272.96,533.0,14475066.35
FIN,SWE,2017,34,79338230.65,31722093.58,47616137.06,3971970.45,928913.48,1107478.72,957786.45,18180196.63,504.6,4375682.77
FIN,SWE,2018,46,13064068.44,4317568.25,8746500.19,2930324.47,673818.88,889853.71,17868199.68,7221925.05,255.0,44487200.27
FIN,SWE,2019,41,51176879.17,7632786.76,43544092.42,6420375.71,1303841.29,1777440.29,1751160.55,33573829.79,1715.6,14241293.8
FIN,SWE,2020,38,74580215.4,24502716.37,50077499.03,13550465.97,4010377.7,5271290.71,8385430.22,39585216.75,1098.7,25227342.46
FIN,SWE,2021,52,49896601.5,498966.01,49397635.48,8652105.47,1289580.99,1499060.46,1658578.68,35085667.01,606.5,6021088.78
FIN,TUR,2016,46,72202914.51,19602056.09,52600858.42,9131994.83,2706130.21,3201052.59,2689974.86,23517420.88,1294.6,6362614.61
FIN,TUR,2017,36,26744024.53,4923371.37,21820653.17,2304887.18,362284.8,491561.26,38107510.55,9323533.53,217.1,161361568.44
FIN,TUR,2018,41,407181314.44,103418289.51,303763024.93,24688479.96,6082951.66,8179188.2,1654121.71,137825063.7,2032.3,7980030.3
FIN,TUR,2019,52,3441256.77,1762611.25,1678645.52,-54198.64,0.0,0.0,178434.39,-196879.97,33.1,1440040.43
FIN,TUR,2020,43,20150020.43,8074454.37,12075566.06,-945947.33,0.0,0.0,693459.28,-5244246.9,217.9,2141796.22
FIN,TUR,2021,39,64625807.12,2863901.45,61761905.67,14160025.73,2062825.09,2190170.77,19406632.57,53049998.87,1638.5,44008421.51
FIN,USA,2016,40,82878967.59,68755072.19,14123895.41,1623425.61,480104.88,597777.84,844248.45,4239928.04,187.7,4589469.78
FIN,USA,2017,43,12606294.66,2828949.33,9777345.33,1595092.76,480859.58,624328.7,889920.09,8131908.07,303.9,2080379.98
FIN,USA,2018,34,121876500.8,81602999.53,40273501.27,10438859.65,2146639.4,2348947.37,215316.94,24746096.89,425.8,1215048.48
FIN,USA,2019,33,770758.11,468727.65,302030.46,-28257.61,0.0,0.0,3278978.84,-102362.26,8.2,16451832.55
FIN,USA,2020,44,25232767.4,3123412.53,22109354.87,4965447.44,979317.85,1262187.46,919932850.49,22286867.68,902.7,2500322702.22
FIN,USA,2021,41,105468723.93,24062647.79,81406076.14,5520688.92,663262.07,771599.15,1774586.49,32594755.8,759.6,7985687.46
FIN,VGB,2016,20,5735708.36,1073163.86,4662544.5,1684240.3,313604.99,326357.72,91133973.41,6315912.59,90.7,155498843.46
FIN,VGB,2017,26,36525919.92,14515528.6,22010391.32,8779460.69,436754.25,544621.9,2983766.39,39197522.65,655.2,8818533.15
FIN,VGB,2018,23,1252374503.97,901426337.63,350948166.34,172794509.88,22543604.44,23247827.57,1958265.37,554068502.42,1879.5,18047118.01
FIN,VGB,2019,32,20212208.7,9389037.15,10823171.55,3040312.93,368913.5,455361.17,223087.64,8825757.75,282.5,658280.77
FIN,VGB,2020,19,5969521.45,3148389.21,2821132.25,1175726.6,104656.1,111070.57,10918897.71,2468222.27,28.1,26151512.45
FIN,VGB,2021,25,185142036.65,89518150.93,95623885.72,50594865.75,7401426.37,7624243.03,73021.28,113743660.36,1272.9,555840.02
FIN,ZAF,2016,35,44867703.02,36934140.07,7933562.95,16698576.61,0.0,0.0,23376841.67,53731359.18,148.0,92439012.29
FIN,ZAF,2017,34,20829490.82,11787882.92,9041607.9,3514978.07,1057987.98,1114756.89,4901580.32,12035154.47,138.6,34677048.92
FIN,ZAF,2018,44,66762130.58,59849329.27,6912801.31,16151374.83,3918170.4,5286323.86,1857416.84,42807496.85,116.4,6139305.2
FIN,ZAF,2019,48,343798490.18,256569071.71,87229418.47,170945356.18,31122211.1,32945683.02,167647707.01,1000812884.24,1334.2,501538389.04
FIN,ZAF,2020,45,100745083.67,24613721.72,76131361.95,10465364.76,2097672.33,2888211.6,6383439.52,61751439.71,430.2,25884912.07
FIN,ZAF,2021,42,3102223.84,1346318.96,1755904.88,152632.52,9365.45,12227.12,154014.51,827525.74,61.8,640559.08
